,duration,src_bytes,dst_bytes,land,wrong_fragment,urgent,hot,num_failed_logins,logged_in,num_compromised,root_shell,su_attempted,num_root,num_file_creations,num_shells,num_access_files,num_outbound_cmds,is_host_login,is_guest_login,count,srv_count,serror_rate,srv_serror_rate,rerror_rate,srv_rerror_rate,same_srv_rate,diff_srv_rate,srv_diff_host_rate,dst_host_count,dst_host_srv_count,dst_host_same_srv_rate,dst_host_diff_srv_rate,dst_host_same_src_port_rate,dst_host_srv_diff_host_rate,dst_host_serror_rate,dst_host_srv_serror_rate,dst_host_rerror_rate,dst_host_srv_rerror_rate,last_flag,attack_class,protocol_type_tcp,protocol_type_udp,service_X11,service_Z39_50,service_aol,service_auth,service_bgp,service_courier,service_csnet_ns,service_ctf,service_daytime,service_discard,service_domain,service_domain_u,service_echo,service_eco_i,service_ecr_i,service_efs,service_exec,service_finger,service_ftp,service_ftp_data,service_gopher,service_harvest,service_hostnames,service_http,service_http_2784,service_http_443,service_http_8001,service_imap4,service_iso_tsap,service_klogin,service_kshell,service_ldap,service_link,service_login,service_mtp,service_name,service_netbios_dgm,service_netbios_ns,service_netbios_ssn,service_netstat,service_nnsp,service_nntp,service_ntp_u,service_other,service_pm_dump,service_pop_2,service_pop_3,service_printer,service_private,service_red_i,service_remote_job,service_rje,service_shell,service_smtp,service_sql_net,service_ssh,service_sunrpc,service_supdup,service_systat,service_telnet,service_tftp_u,service_tim_i,service_time,service_urh_i,service_urp_i,service_uucp,service_uucp_path,service_vmnet,service_whois,flag_REJ,flag_RSTO,flag_RSTOS0,flag_RSTR,flag_S0,flag_S1,flag_S2,flag_S3,flag_SF,flag_SH,attack_buffer_overflow,attack_ftp_write,attack_guess_passwd,attack_imap,attack_ipsweep,attack_land,attack_loadmodule,attack_multihop,attack_neptune,attack_nmap,attack_normal,attack_perl,attack_phf,attack_pod,attack_portsweep,attack_rootkit,attack_satan,attack_smurf,attack_spy,attack_teardrop,attack_warezclient,attack_warezmaster
duration,1.0,0.06037053506966207,0.034979259091114316,-0.0015608942939983213,-0.009879545167100177,0.003839553571353468,0.0007097539138224056,0.009626832714473493,-0.06425942471149201,0.04229851200793524,0.05214218764196613,0.0865694600986378,0.045099433370963775,0.09940664445055589,-0.0016021709541410457,0.07040802581506134,,-0.00025898519561182333,0.00019211406094937877,-0.07912581767840068,-0.0395116253909795,-0.06994511248069267,-0.06958237865160623,0.2008629259460366,0.20014588171120035,0.07475875450639753,-0.013752404223324504,-0.0401882705752414,0.05080943841305574,-0.10983264508757484,-0.11605753103790944,0.25463234300049237,0.22923966691605183,-0.026680527597580717,-0.06500526447496191,-0.06440863749080153,0.1744335721964574,0.19917864917768513,-0.15601821340733052,0.12934066106253828,-0.004646113386332627,0.028027100778714897,0.003809865974423834,-0.007723470250745335,-0.000441446956625166,-0.008207611373194553,-0.006728459038492042,-0.007165106431732543,-0.0053763587669656675,-0.005537388272675592,-0.0032789197036467246,-0.003449657653228973,-0.005535830070275045,-0.029692032156150752,-0.002206439797855333,-0.021459291721418482,-0.01747074874747713,-0.0053482368864470374,-0.0052332391220623045,-0.012496483730381251,-0.0029526691639964547,-0.02166642637054616,-0.005099069846894084,-0.0004414469566251668,-0.004613947825689855,-0.07527901789095597,-0.00031214888795078614,-0.007180585783359409,-0.00044144695662516874,-0.0062368465753055175,-0.006500772898797495,-0.004864623675047491,-0.0034613634387057287,-0.006292051458674847,-0.004720453981308097,-0.004810718719753452,-0.004363266171655059,-0.0044357411684848806,-0.0041058244622909105,-0.0034817788185010795,-0.00364627317035114,-0.0034580283600424097,-0.007803290813984402,-0.0028271375404622973,-0.00395995069176349,0.17232679946649893,-0.000697997300694442,0.0022539711669058242,-0.0023427398632827326,0.0014487323580874476,0.09168211306152332,-0.0008829151038061748,0.002315834380504788,0.0019633979871235357,0.0016556047864755407,-0.026126700268897046,-0.0021540981470123733,-0.002881178305390716,-0.0038450483643914413,-0.005348591154648351,-0.004697551974282629,0.047658929705852754,-0.000540662058805257,-0.0008829151038061845,-0.00475805605581485,-0.0009871369928689201,-0.007670856400634774,-0.007527315846406035,-0.006528286305317315,-0.006016519963275848,-0.0064567571009697365,-0.034527905286789645,-0.005319909322988821,0.030685605102411452,0.5410633187966576,-0.06825430167860816,-0.005964087438440086,-0.0033993293039078563,0.0012626710316576536,-0.0683235734275027,-0.005115563917055102,-0.001164904594018319,-0.0007835609595050342,-0.00220775310275126,-0.0010117677250056055,-0.01869962662421684,-0.0013244256371851902,-0.0008185724254483116,-0.0002976906742202341,-0.07695541530032757,-0.012076156953617417,-0.048727641149933526,-0.00046298664273542405,-0.0006145403906721338,-0.004429018939126517,0.4718742420958333,-0.0006412810652654832,-0.019034095228035484,-0.016166568408489346,4.6489098906822804e-05,-0.009319112636835485,0.013242317824791218,-0.0013230479915308437
src_bytes,0.06037053506966207,1.0,0.0002841804155366947,-0.00011150099423304114,-0.0007031135628045384,-5.9585956423834654e-05,0.0006351358126410391,-0.00020990427872585415,-0.002478425606611207,-8.478213093742883e-05,-0.00027239000405530694,-0.00018660161479890463,-9.34303926555525e-05,-0.00017448733951848505,-0.00013353562149584386,-0.0003102021190323792,,-2.2178266553183067e-05,-0.0007477078144251708,-0.005077280064210198,-0.0028155423565255234,-0.002722171740898823,-0.0030165137371066463,0.011603366299514035,0.011940119094775409,0.0032873790999991257,0.0002814119290638157,-0.002551849814617232,-0.005097343653985798,-0.006592939176139207,-0.005948382276242627,0.0007102919709648287,0.0012831442809924014,-0.0014939819243083802,-0.004423722021380163,-0.0029791846174850203,-0.0014828028741606096,0.009798954808716643,-0.020968277594843078,0.012265206637431657,0.003737164964411577,-0.0028920755113997208,0.01953799753451018,-0.0006530857793016854,-3.153434204616811e-05,-0.0006891148299980408,-0.0005941519938303691,-0.0006004668666262189,-0.0005192808018968794,-0.0005297999740427813,-0.0005080545999618746,0.016701608092407363,-0.000531643601114681,-0.00218950580507953,-0.00046263690660052723,-0.0015324047623862717,-0.0012165440594523098,-0.0004909977743670283,-0.0004848365208733122,0.009737136156643445,-0.000918833741939049,0.005068907568075732,-0.0005060767462012274,-3.153434204616822e-05,-0.00047702517255990333,-0.005176023061029026,-2.2298057907621205e-05,-0.0005129653585907727,-3.1534342046168366e-05,-0.0005671141598054618,-0.0005847696536465005,-0.0004615537192474574,-0.0003840837468219792,-0.00044946669105347387,-0.00048380234077959495,-0.0004610025412744566,-0.00046640935359978887,-0.0004712156466629936,-0.00044723438376360387,-0.00041473908782136055,-0.00042309355514427466,-0.00042191059812398904,-0.0005574985165526005,-0.00038343175009637216,-0.00028708375107816607,-0.000976447502156946,-4.979774376275318e-05,-0.0001957232243962909,-0.0003614827324653661,-0.00018527051549701115,0.001974578478946971,-6.290531233853983e-05,-0.00019699172597421804,-0.00020564697625752534,-0.0001512954308510499,-0.00012868648954635076,-0.0003493609173523815,-0.00039296493015112104,-0.0004353290101288748,-0.000518314114141015,-0.000487413133330238,0.004025665415751583,-3.8620568630453846e-05,-6.21554004877721e-05,-0.0005695313450535659,-7.04327383815754e-05,-0.0005458498798007416,-0.0006226820563487074,-0.0005856286669040499,-0.0005520678690191127,-0.0005856286669040459,-0.0024666394954583363,0.010465306099920064,0.15130770141202898,-0.000566625357250811,-0.004875677320696209,0.0001431843604090784,-0.00022578838260119306,0.0009776929784913895,-0.0051281583177069205,-0.0003654254263132814,-0.00011723141204480655,-6.267021463358777e-05,-0.00015869844669477937,-7.315160245980222e-05,-0.0013525293694293273,-9.460908141037284e-05,-6.660440710877496e-05,-5.825900956310937e-05,-0.00549719620763708,-0.0008617248954835736,-0.005265606581645634,-3.832690699150296e-05,-4.4531309459652833e-05,-0.00030305486796174027,0.036216918562195576,-6.991818170143022e-05,-0.0013601183791802126,-0.0011247638564805596,-3.137625509087991e-05,-0.0006651664233283261,0.00594243906182375,-9.958627927824176e-05
dst_bytes,0.034979259091114316,0.0002841804155366947,1.0,-6.97830063835698e-05,-0.0004416841783370426,0.00024793122450334935,-0.0003452017550109701,0.0005067197921705111,-0.0029088417606737385,0.0012308453935719992,0.0010665032823398252,0.0011340883080500064,0.0012274519004360923,8.775588967245467e-05,-8.402868122354355e-05,0.00033801560688247835,,-8.52451684834312e-06,-0.000422142930884848,-0.003554364693355344,-0.0017603411241090318,-0.0030685491599169805,-0.0030474775692516934,0.011219897428246953,0.011094304643052971,0.003800443495529032,-0.0017087500125430653,-0.0016808541530209517,0.0025407779744659703,-0.004241931583690386,-0.004442620498921987,0.011068698063921953,0.011785472754390194,-0.0012857644218963646,-0.003033103706313369,-0.0029532230221477503,0.011778734595024003,0.011266381080871005,-0.018132522689278945,0.008682207408531999,0.002344825280979903,-0.0018072234438530092,0.001367297932294297,-0.0004087343880315895,-1.973579883700554e-05,-0.0004311232811372591,-0.0003718506220562554,-0.00037580279121953033,-0.0003249924154555686,-0.0003315758492994699,-0.0003179657895394467,-0.0003240844955583632,-0.0003318787065207043,-0.001366219204891297,-0.0002895416932614102,-0.0009593820010365129,-0.000781065941530225,-0.00030729145597873975,-0.0003034355407279586,-0.0005870802441011601,-0.0005371508240364912,-0.0002579426433775976,-0.0003167171361709124,-1.973579883700558e-05,-0.00029854668999195106,-0.002620350427479229,-1.3955261367953216e-05,-0.0003210398717905086,-1.9735798837005645e-05,-0.0003365538130969413,-0.0003659786755083288,-0.0002888638664180755,-0.00024037921223955081,-0.0002812991685565803,-0.0003027881870945398,-0.00028709104032049397,-0.0002919027697294874,-0.0002949107927529308,-0.0002799020969070914,-0.00025956488569504974,-0.0002647939182419238,-0.00026405318207244185,-0.00034891099229223093,-0.00023997186058425738,-0.0001794861579431194,0.013256186487105177,-3.05323460366444e-05,-0.00012247068367512835,-0.0001955895912929669,-0.00011594227307407077,0.0019294893992825388,-3.947254504161892e-05,-0.00012328750993537732,-0.0001287044048886551,-0.00011251756172265833,-0.0012034659838510168,-0.00021864789773585384,-0.00024408918171902428,-0.00027245147847084915,-0.0003243874130092829,-0.0003050480050104221,0.00027696173322402343,-2.4171415095839364e-05,-3.947254504161863e-05,-0.00035643365512682125,-4.413200005900061e-05,-0.0003429414940083833,-0.00038970586828848523,-0.0003665162897741148,-0.00034551223248995797,-0.0003665162897741086,-0.0015437487427042886,-0.0005395201173154054,-0.00014099820634426736,0.029789568709330166,-0.003051449664502005,0.00014590561386071472,0.00021759901634390923,-7.499046072324205e-05,-0.004529383002928317,-0.000228701860755082,-5.2112272211989235e-05,-2.880602739161587e-05,-9.859119142445817e-05,9.301697549854454e-05,-0.0008460679002971427,-5.921118620884244e-05,-3.554027804966175e-05,0.00035796491773516635,-0.003440447805360383,-0.0005398839361782661,-0.004135580680597384,-2.1205443831583303e-05,-1.6522342549594493e-05,-0.00019800844816359283,0.02697517767835147,-3.465619969089296e-05,-0.0008509362245755891,-0.0007227598632321042,-1.8553190887264356e-05,-0.00041662887302161095,-0.0003998915993822188,0.012228011626013412
land,-0.0015608942939983213,-0.00011150099423304114,-6.97830063835698e-05,1.0,-0.0012661358952222722,-0.0001098393319568532,-0.0013432940886962208,-0.0003801752737561288,-0.011442398791410412,-0.00016386856974174763,-0.0005188599006628558,-0.0003446613968755258,-0.00017400438548544476,-0.00037149103375955114,-0.0002642327840066777,-0.0005816738733374141,,-4.0004160617062116e-05,-0.0013783505308256352,-0.009875448239163824,-0.005050864562103757,0.021816976952398294,0.022700418929209997,-0.004113020058579109,-0.005296698894338482,0.008775321831371545,-0.0015632852010857607,0.03825035451911346,-0.025592524169739023,-0.01420854598134436,0.01164714937647874,-0.004535956394193513,0.03395675656015716,0.0706984428542563,0.019916933620565312,0.012322745185698227,-0.005241730717460049,-0.005324174236327615,-0.037150603694468376,0.002948548330765555,0.006737104842372973,-0.005199083540485709,-0.0003395430036576926,-0.0011716782421632827,-5.6574652796874774e-05,-0.00123640489289752,-0.0010659472164708688,-0.0010772765069674358,-0.0009316234532924933,-0.0009504955287025634,-0.0009114832246381543,-0.0009290208095699872,-0.0009538874088770731,-0.0039332154267800274,-0.000830000974586085,-0.002750165020249515,-0.002239004096995575,-0.0008808818722273413,-0.0008698285032541385,0.11371506456122778,-0.0016789662806331496,-0.0033913220224899214,-0.0009079357434400764,-5.657465279687497e-05,-0.0008558141207986503,-0.009703465423154011,-4.000416061706195e-05,-0.000920293089248821,-5.65746527968751e-05,-0.001017812999087531,-0.0010491146909706616,-0.0008280573329275733,-0.0006890711941459226,-0.0008063723654954706,-0.0008679727989398308,-0.000827083822729015,-0.0008367686549848146,-0.0008453914555900267,-0.0008023675190661128,-0.00074406885719385,-0.0007590584050325641,-0.0007569350102843358,-0.0010001884600147988,-0.0006879034796462608,-0.000515758070327762,-0.002680466765776745,-8.945345380073219e-05,-0.00035114184896906884,-0.0006494394384764606,-0.0003323899382835084,-0.006480627015044778,-0.00011315202131830379,-0.00035341605001095854,-0.0003689441243366921,-0.0003226064523856513,-0.00351285295452317,-0.0006267761949406547,-0.0007052181256204566,-0.0007810095717829346,-0.0009298891529166986,-0.0008744507943344363,0.0022232546460999817,-6.928979302789346e-05,-0.00011315202131830325,-0.0010217770385773598,-0.00012650881786898342,-0.0009830762926497994,-0.0011171327405829741,-0.0010506558163477671,-0.000990445573124762,-0.001050655816347763,-0.004425311072807748,-0.001586367812358597,-0.00040418554297138454,-0.00198055776264126,0.022868804684988146,-0.0007643413801274885,-0.00044748212059237427,-0.000274305184971736,-0.017139118518115483,-0.0006555968913686606,-0.00021913723323721676,-0.00011315202131830171,-0.0002857440048649671,-0.00013268409833245486,-0.002427196398008921,0.8485043748815256,-0.00012001632246568013,-0.00010584360069785296,-0.009862400399854728,-0.0015476477445774013,-0.007215443857768615,-6.928979302789423e-05,-8.000928135894282e-05,-0.000567611136403489,-0.0021835587393051995,-0.00012650881786898486,-0.0024404403979914548,-0.0020718638579353185,-5.657465279687541e-05,-0.0011943123718295844,-0.0011956707493727653,-0.0001789176434115897
wrong_fragment,-0.009879545167100177,-0.0007031135628045384,-0.0004416841783370426,-0.0012661358952222722,1.0,-0.0006952185329681508,-0.008502263524827415,-0.0024062864493324264,-0.07242367155442583,-0.0010371919113655707,-0.0032840787769586885,-0.002181504443241481,-0.001101345678747673,-0.0023513203048483463,-0.0016724385080143342,-0.003681654373557083,,-0.0002532028678737836,-0.00872415023730167,-0.020850844240722456,0.02448275965939616,-0.04334694805490216,-0.056572655004076544,-0.03306765146844682,-0.03352499664093386,0.05480676217565938,-0.02665242937987641,-0.026198668907673,0.04103312666714512,-0.045103505836021594,-0.048593289419738346,0.059440144953067334,0.03731390317108218,-0.01620215995600716,-0.05193277972901438,-0.055941221934889485,0.028875237469938246,-0.033698899437046514,-0.15695212922170532,0.05476241201476235,-0.18793471748560447,0.2242374403376299,-0.0021491080169281055,-0.007416035896389429,-0.0003580843621306384,-0.007825717623014112,-0.0067468205318969516,-0.006818528294301356,-0.005896629913327662,-0.006016079079185781,-0.005769154081407979,-0.005880156705430571,-0.006037547690810723,-0.024894946192204993,-0.005253419240937427,-0.01740693116696308,0.026284224145377573,-0.005575465473230344,-0.005505504132196874,-0.010682571185365058,-0.010626871574412463,-0.021465078850116785,-0.0057467006065887545,-0.0003580843621306395,-0.005416801312928355,-0.06141724349563684,-0.0002532028678737824,-0.005824915356000364,-0.0003580843621306401,-0.0064421591742701055,-0.006640280520446399,-0.005241117129495473,-0.004361416408585927,-0.0051038640073486,-0.005493758612554478,-0.005234955381057939,-0.005296254687535447,-0.005350831956716212,-0.0050785156789331385,-0.004709519350762014,-0.004804394394816292,-0.004790954551770363,-0.006330606181547817,-0.004354025460854194,-0.003264446010656577,-0.01696578210531316,-0.0005661878838147536,-0.0022225219031730198,-0.004110570645555405,-0.002103833309525299,0.17887422833176075,-0.0007161859132044963,-0.0022369162615859116,-0.0023351998623710114,-0.0020419095833695408,-0.022234298352577158,-0.003967125609587341,-0.0044636170120644116,-0.0049433324024794195,-0.0058856528093931115,-0.005534760523023,-0.012359164772937576,-0.0004385637403315666,-0.0007161859132044952,-0.006467249218697918,-0.0008007265994749209,-0.0062222962011479815,-0.007070794871038062,-0.006650034939967269,-0.006268939423293893,-0.00665003493996724,-0.028009622938836177,-0.010040777594032109,-0.0025582573676056013,-0.012535768723930448,-0.05536519781698245,-0.004837832527858163,-0.0028322993035856067,-0.0017361908970505054,0.07387403814752766,-0.004149543710033101,-0.0013870101273896884,-0.0007161859132044923,-0.001808591916279113,-0.0008398125020199565,-0.015362729260882182,-0.0010743218462906433,-0.0007596329124579561,-0.0006699278982335286,-0.062423208657393835,-0.009795702280483657,-0.0959205068759419,-0.00043856374033156477,-0.0005064118127743971,0.15233896906756786,-0.01382064581370397,-0.0008007265994749265,-0.015446556011049963,-0.013113682741527648,-0.0003580843621306422,0.9856212076418588,-0.0075678943915860305,-0.0011324437190093418
urgent,0.003839553571353468,-5.9585956423834654e-05,0.00024793122450334935,-0.0001098393319568532,-0.0006952185329681508,1.0,0.0002952852260963086,0.0978876945089521,0.00733044198296385,0.033361867505994305,0.0754217157465544,0.09848073561129027,0.032509790570534394,0.024916811109541512,-0.00014508673922948985,0.01082003080082505,,-2.196575735808696e-05,-0.0007568341104398266,-0.0056367386438695,-0.0028588875677542087,-0.004948842774970543,-0.004907769107661716,-0.0029078807299384047,-0.0029083475547856254,0.005991285813319666,-0.0027166783454985214,-0.002908485693396935,-0.006965794510033479,-0.007925000893676877,-0.0045042213670002116,0.006860850334576377,0.0027460821698851055,0.00519058802729587,-0.0047672327337037815,-0.004852991270024644,-0.003009918934817891,-0.0029234339029592746,-0.016460763195906922,0.003951819806442823,0.0036992554769525532,-0.002854748250511292,-0.00018643858828523428,-0.0006433530805825986,-3.1064396222430455e-05,-0.0006788936314327918,-0.0005852975678619953,-0.0005915183319587415,-0.000511542159827181,-0.0005219045677094345,-0.0005004834257121859,-0.0005101130824608249,-0.0005237670044098108,-0.0021596767528445924,-0.0004557425961077885,-0.0015100793666879945,-0.0012294076405990183,-0.0004836806264153915,-0.0004776113671906067,-0.0009267302878069559,-0.0009218982566795036,-0.001862130226458972,-0.0004985355505405246,-3.106439622243064e-05,-0.00046991625448753404,-0.005328044976568594,-2.1965757358086842e-05,-0.0005053208062598825,-3.106439622243063e-05,-0.0005588677034840175,-0.0005760550499548943,-0.0004546753680894188,-0.0003783599110588666,-0.0004427684382705191,-0.00047659242440896866,0.028100991622588795,-0.0004594586402197742,-0.0004641933063874878,-0.0004405694298782248,-0.00040855840299415297,-0.00041678896615693947,-0.00041562303808607076,-0.000549190301362624,-0.00037771873441704425,-0.0002831959589588842,-0.0014718089737484703,-4.911771252592277e-05,-0.00019280736137817635,-0.0003565986363493783,-0.0001825109343624334,-0.0035584268822283303,-6.213028361342146e-05,-0.00019405609519733524,-0.0002025823561566016,-0.00017713895119784122,-0.0019288612595156846,-0.00034415454801517333,-0.000387225978322283,-0.00042884206251311586,-0.0005105898783481335,-0.00048014940630310165,0.04396766256191515,-3.804611214348565e-05,-6.213028361342101e-05,-0.0005610443053236257,-6.946432456286176e-05,-0.0005397942357931308,-0.000613402864549889,-0.0005769012615881382,-0.0005438406105781481,-0.0005769012615881363,-0.0024298799864804614,-0.0008710536581558969,-0.00022193295466295154,-0.0010874981646108596,-0.004803020248319253,-0.0004196897781543381,-0.00024570653480533006,-0.00015061736184971217,0.006408692012996871,-0.0003599796125800522,-0.00012032536664094048,0.20796337288632122,-0.00015689826709461478,-7.285508967794993e-05,-0.0013327415527960341,-9.319915369945755e-05,-6.589938090506212e-05,-5.8117326172410464e-05,-0.0054153140775837875,-0.0008497929792502106,0.0027995413104634926,-3.804611214348585e-05,-4.3932041908057284e-05,-0.0003116677941411208,-0.001198963325435968,0.061952254035135844,-0.0013400136586365578,-0.0011376331381637906,-3.1064396222430814e-05,-0.0006557811828747782,-0.000656527050080934,-9.824131994369034e-05
hot,0.0007097539138224056,0.0006351358126410391,-0.0003452017550109701,-0.0013432940886962208,-0.008502263524827415,0.0002952852260963086,1.0,0.003620944923736194,0.11635283120380092,0.002036301895373462,0.015523875724263024,0.00016954170438776003,0.001535214084313768,0.028857510306907246,0.004747990518748124,-0.0019616888699508007,,0.0010479890001648651,0.8600365797661634,-0.0686287109647984,-0.03454354074346974,-0.05902296807243685,-0.05865118270465753,-0.03235335223560004,-0.03140258490800025,0.06929804682748487,-0.016127040416009653,-0.027543869692891125,-0.011746537595789364,-0.051659846948520494,-0.036271615722410326,-0.012446251480910359,-0.034552808354888595,-0.02467693289693104,-0.058150055644483424,-0.058145453418677044,-0.030492967865785266,-0.031657998572049456,-0.1607907550600898,0.06611235246468317,0.045240515635323046,-0.03491250703467483,-0.0021248649624273207,-0.007867968374303128,-0.0003799059869637488,-0.008302616063937814,-0.007157971093142941,-0.007234048719339738,-0.006255969944215032,-0.006382698330166622,-0.006120725747983316,-0.006238492860693851,-0.006350007986294597,-0.02641204169677887,-0.005573562078465101,-0.01846770779278668,-0.01503519719933598,-0.005915233775601377,-0.0058410089975170125,-0.011017053272023259,0.7060024768196406,-0.020243905232666698,-0.006038654259443883,-0.00037990598696375,-0.005746900637408434,-0.04691122090401873,-0.00026863302504829097,-0.006179885109013048,-0.0003799059869637515,-0.006626679163088668,-0.007044938544163377,-0.005560510277595302,-0.004627200683673541,-0.005414892964058224,-0.0058285477070950135,-0.005553973032830802,-0.005619007912849013,-0.005676911115296936,-0.0053879999110715265,-0.004996516983959703,-0.005097173703608674,-0.005082914837885815,-0.006716392682354269,-0.004619359332334086,-0.003463381020576095,-0.01771470097415135,-0.0006006913162242139,-0.0023579621633000344,-0.004279796795132163,-0.0022320406987524745,-0.043518234413813146,-0.0007598302103631912,-0.0023732337124596236,-0.002477506705942112,-0.002166343346984035,-0.022872925476669245,-0.004208881843238861,-0.004660757676121997,-0.0051092907561576546,-0.0062443238966762215,-0.005872048269842941,-0.0015125561130724635,-0.0004652897703373951,-0.0007598302103631803,-0.006602280637411926,-0.0008495227975095399,-0.006601482302696858,-0.0075016883957638196,-0.007055287397023905,-0.006650967958085572,-0.007055287397023851,-0.029716526529517954,-0.007357972284479857,-0.002714157312999009,-0.009042648137207482,-0.05868087641617663,-0.000778709034540394,0.00901281287924453,-0.00011323452660582719,0.07484094946218973,-0.004241393437116257,0.013433828798863194,0.001102206652391634,0.00803883825993284,0.0006969788380417273,-0.016298932429177352,-0.0011397909110112362,0.0031440676130729457,0.009739860931273289,-0.06622727268324334,-0.010392651387307612,0.012578361557559727,-0.0004652897703373962,0.004729278802896123,-0.003811580952360521,-0.014465306014221385,-1.678793483157739e-05,-0.016143395814732186,-0.013912829242266363,-0.0003799059869637522,-0.00801995943292814,0.35474640811209995,0.0040982494995619075
num_failed_logins,0.009626832714473493,-0.00020990427872585415,0.0005067197921705111,-0.0003801752737561288,-0.0024062864493324264,0.0978876945089521,0.003620944923736194,1.0,-0.0061951232776929705,0.01918323872057894,0.03280267196618435,0.07405159559483272,0.018210066944735925,0.021863006136030722,-0.000502173400204421,0.000670122387713897,,-7.602775497716757e-05,0.006539613097220591,-0.019441913522032613,-0.0098294380929449,-0.015148462656192139,-0.015799989963938194,0.021389942756190678,0.021075374860809005,0.01936140779976125,-0.0043584127225433,-0.010066834211421573,-0.025136047226244965,-0.022957991553937542,-0.001956416351778459,-0.0018138833667517371,-0.005443918615841968,0.0034205138460605025,-0.011561110593701993,-0.012222113827555824,0.017864411311588925,0.016582010668760687,-0.0721438272275665,0.02204630957110241,0.012803842108186832,-0.009880838478417623,-0.000645300185983348,-0.002226770039246189,-0.00010751991228943846,-0.002349782792585081,-0.002025828627382193,-0.0020473599008460873,-0.0017705468267641305,-0.0018064131342445714,-0.0017322703988701988,-0.0017656005122764678,-0.0018128593896050314,-0.007475060946838043,-0.0015774136928078362,-0.005226678152500043,-0.00425521876358645,-0.0016741126450973065,-0.0016531057594382393,-0.003207593624144578,0.04666192742362791,-0.006445194594698286,-0.0017255284243567369,-0.00010751991228943884,-0.0016264714789272958,-0.018441399100529676,-7.602775497716725e-05,-0.001749013513028142,-0.00010751991228943899,-0.0019343497304676843,-0.0019938384767419198,-0.001573719809234278,-0.0013095771815295697,-0.0015325076111732418,-0.0016495790004526808,-0.0015718696568076276,-0.0015902756436445159,-0.001606663243372105,-0.001524896415778713,-0.0014141000308039232,-0.001442587609413814,-0.0014385521057774522,-0.0019008543610476816,-0.0013073579445678652,-0.0009801962494283567,-0.005094216885180372,-0.00017000594844433689,-0.0006673437473466874,-0.0012342571807377961,-0.0006317058124678067,-0.012316406973630697,-0.0002150449858030502,-0.0006716658577700616,-0.0007011769039186178,-0.0006131123347596925,-0.006676163668420973,-0.0011911857726654563,-0.0013402643633337508,-0.0014843057182659144,-0.0017672507955015142,-0.0016618904060416806,0.15162120491499026,-0.00013168498789839565,-0.00021504498580304888,-0.0019418833724290058,-0.00024042952680506418,-0.001868332752107828,-0.002123106521119828,-0.0019967673796548176,-0.0018823380415994033,-0.001996767379654832,-0.008410286848955135,0.07680955156219552,-0.000768153085887638,0.005249271882427009,-0.01662418648429396,0.0018292273333080941,-0.0008504380668482229,0.01772182373418001,0.0005680871847804334,-0.0012459593965211215,-0.0004164694776229659,-0.00021504498580305088,0.4723186456580603,-0.0002521656238197275,-0.004612877515309637,-0.0003225803830038641,-0.00022809056400472738,-0.00020115536023333788,-0.01874345441876471,-0.002941298647458894,0.004169300910615832,-0.00013168498789839617,-0.00015205733466789326,-0.0010787428041269522,-0.004149845072348306,0.019531735506506335,-0.00041648271396615895,-0.003937569375470644,-0.00010751991228943945,-0.002269786116520299,-0.0022723677078704835,-0.0003400323002549437
logged_in,-0.06425942471149201,-0.002478425606611207,-0.0029088417606737385,-0.011442398791410412,-0.07242367155442583,0.00733044198296385,0.11635283120380092,-0.0061951232776929705,1.0,0.014321172747864876,0.045345378195728626,0.030121428483532126,0.01520698488642684,0.03239882972302909,0.023092429203309308,0.05083495899252063,,0.003496134101451966,0.119612553786352,-0.539581595307793,-0.1996708276543302,-0.49179770681044227,-0.49000853569203395,-0.28738105685594306,-0.2833839675371461,0.6004032339066375,-0.2212845269073315,0.1314350646662626,-0.40082514545479125,0.6244165367503045,0.604018434265805,-0.2560234910179019,-0.160901290599577,-0.05607011645219582,-0.4914071373973473,-0.49312901822304117,-0.276028959837764,-0.2726798488453904,0.2696888329150544,-0.575672411697888,0.3853661128895559,-0.29739044611325677,0.011263051270317017,-0.06702064170055108,-0.0032361013441983516,-0.042246841385162964,-0.06097276871412592,-0.06162081037929389,-0.053289375372940144,-0.05436886849544701,-0.05188241910978121,-0.052890350778099976,-0.045790132908953424,-0.2249820918092686,-0.04719676100798668,-0.15731095603450335,-0.12807226928935234,-0.05038692894907689,-0.04975467014723076,-0.09654116914449927,0.06846426036986421,0.09088372563144917,-0.050654865852833145,-0.0032361013441983637,-0.04895303974102984,0.6994292190926479,-0.002288260051921206,-0.05264127230028836,-0.003236101344198374,-0.05707683697267948,-0.060009938971394707,-0.04736533616531825,-0.039415252368055764,-0.046124944067679294,-0.04964852283692515,-0.0464674534415102,-0.04786362859179368,-0.048356857542390275,-0.045895864643013894,-0.04256114902881202,-0.0431128326676266,-0.043297100082021124,-0.05721133157505278,-0.037662572428973494,-0.0295016460933718,-0.13034114344092793,-0.005116786896193273,-0.019426114056359804,0.029264013458312844,-0.018316339088954893,-0.37043622392074843,-0.0064723580293390955,-0.02021559299016828,-0.021103807406237993,-0.017017967939019742,0.2811271191646652,-0.035851944054193514,-0.03540479074522776,-0.044674178278263824,-0.053190172434877565,-0.050019067746489114,-0.011459695196799239,-0.003963414378553268,-0.006472358029338984,-0.057763265674279404,-0.00723637415908932,-0.056232506163418766,-0.06327532531010079,-0.060098092192986174,-0.05665403307117331,-0.0600980921929871,-0.25313023418148023,-0.07050599697397385,-0.023119635989838093,-0.0932758649793773,-0.5003130940550187,0.052832263125227805,0.03341345350859996,0.018909323875813722,0.6415571621480454,-0.03750050378616909,0.019151336815993444,0.005798538556042567,-0.015534575444278288,-0.005845473381712914,-0.13638339321046966,-0.009708925433650739,0.008560544863908507,0.002691079506202106,-0.5640998715013091,-0.08852630460772555,0.6900628681429806,0.0060555303386130395,0.006992352112303959,-0.03246767007289022,-0.12457526809429721,0.0019098853192233893,-0.13422427494965208,-0.11851175542752461,0.0008540993476740163,-0.06831532640150571,0.10449476295742606,-0.007647131554201679
num_compromised,0.04229851200793524,-8.478213093742883e-05,0.0012308453935719992,-0.00016386856974174763,-0.0010371919113655707,0.033361867505994305,0.002036301895373462,0.01918323872057894,0.014321172747864876,1.0,0.22235455218974748,0.36036273470424207,0.9988449088094453,0.015993477953145527,0.001339649166909308,0.2991560589962328,,0.0011451793784282732,-0.0011291157821157849,-0.008377944735190535,-0.004251111854695682,-0.00523806758154312,-0.0052186728264681835,-0.0036508338845632933,-0.003611082042861907,0.00888566983498938,-0.00400894346483393,-0.004197445694680389,-0.010806423547795766,-0.010245723240406629,-0.004941458262656998,0.0030000115848226798,-0.002003244497249481,0.004304951470037463,-0.004322324612662976,-0.004842569600677918,-0.00361226798784946,-0.0031880912335009153,-0.006127423485895241,-0.008941915136692569,0.00551889467386464,-0.004258979952352557,-0.0002781464914496358,-0.0009598141874663757,-4.6344766379861965e-05,-0.0009705927335323462,-0.0008732015536706095,-0.0008824822703053063,-0.0007631663503416945,-0.0007786259578292471,-0.0007466678983728737,-0.0007610343193114419,-0.0007814045147713482,-0.0032220074019765157,-0.0006799193518757789,-0.0022528773765019107,-0.0018341450927038768,-0.0007215999137141125,-0.0007125452261915251,-0.0013825827605992308,-0.0013753738854568156,-0.0027619364162430778,-0.0007437618763429819,-4.6344766379862046e-05,-0.000701064938664386,-0.007273950375983005,-3.277056749560157e-05,-0.0007538847542798217,-4.634476637986214e-05,-0.0007500033697330308,-0.0008594127025981597,-0.0006783271614842096,-0.0005644726380636095,-0.0006605632919788315,-0.0007110250722239034,-0.0006718127691509363,-0.0006854632934027244,-0.0006925269104084506,-0.0006572826059652256,-0.0006095255675892239,-0.0006218046901005097,-0.0006200652497562264,-0.0008193333626217115,-0.0005635160708906866,-0.00042249817004955,-0.002195782031485458,-7.327838905439403e-05,-0.0002876480217225981,-0.0005247359620902524,-0.0002722868506515424,-0.005308793428845614,-9.269175742419445e-05,-0.000289510999412731,-0.00030223127150240164,-0.0002642724246515351,-0.002864837659461399,-0.0005134418841468897,-0.0005776998649212957,-0.0006397866244919458,-0.0007617456479285875,-0.0007163317098846251,0.08147146028320439,-5.67607419866316e-05,-9.269175742419373e-05,-0.0008370182723912359,-0.00010363336440050305,-0.0008053154348116959,-0.0009151316591106174,-0.000860675160112854,-0.0008113521944755177,-0.0008606751601128605,-0.0036251218114204593,0.00020740651299482263,-0.00033110030087822156,-0.0012949334085028477,-0.007165594004540086,0.016760800549989834,-0.00035602681282280777,-0.00012159307186364505,0.007216246273260738,-0.0005370511928536731,0.0007883843037116892,-5.1043771521878e-05,-0.00023407548248611116,0.00045959514303585506,-0.00198031381101262,-0.00013904319833145135,9.801642510138543e-05,0.002584698645346524,-0.008079071101275329,-0.0012678005010173232,0.010132409618817258,-5.6760741986631586e-05,-6.554192150527206e-05,-0.00046497511183453736,-0.00178872542113764,0.00038063469354577737,-0.001993192304102228,-0.0016972273221302681,-4.634476637986246e-05,-0.0009783555907227316,-0.0009794683450531896,-0.00014656557265878064
root_shell,0.05214218764196613,-0.00027239000405530694,0.0010665032823398252,-0.0005188599006628558,-0.0032840787769586885,0.0754217157465544,0.015523875724263024,0.03280267196618435,0.045345378195728626,0.22235455218974748,1.0,0.6060045264409841,0.24057741999252644,0.06511170576908866,0.11699353243813547,0.36464211306122807,,-0.00010376201746454618,-0.003575138926694383,-0.025648834746698934,-0.011893641698256357,-0.018207649827486128,-0.017780860016540567,-0.008966372391837002,-0.009353351897485814,0.027680848936144607,-0.009809254387221088,-0.012125525366930718,-0.02977558313690286,-0.006313481114430029,0.007799716185852747,-0.0051722636356311535,0.0016499112544787013,0.01352703037548824,-0.0173890741884637,-0.015717207808026958,-0.009081656556404015,-0.009729475433850408,-0.062045460732824985,0.007974957789419925,0.01747457213279537,-0.013485282250802349,0.008220449798200757,-0.003039076344832048,-0.00014674223933238174,-0.0032069630786194926,-0.002764833256982748,-0.0027942189513764683,-0.002416426880100183,-0.002465376903999879,-0.002364187544862663,-0.0024096761931910256,-0.0024741746971412844,-0.010201898040357735,-0.002152840461895818,-0.007133324795716535,-0.0058074854873108725,-0.0022848143493172184,-0.002256144334829969,-0.00437769582631523,-0.004354870239650418,-0.0049441383167376585,-0.0023549861567982258,-0.00014674223933238206,-0.002219794100887586,0.002449052702580411,-0.00010376201746454579,-0.002387038401160916,-0.00014674223933238263,-0.0026399836556480257,-0.0027211733781605392,-0.002147799081784231,-0.0017872995253095884,-0.002091553033005775,-0.0022513310448996683,-0.002145274009875075,-0.002170394340314827,-0.0021927599936166957,-0.002081165339857434,-0.0019299513991562671,-0.001968830998193868,-0.0019633233779976097,-0.00259426946735209,-0.0017842707300433176,-0.0013377632995004982,-0.006952542812385294,-0.00023202263695483867,-0.000910784930948431,0.0030810888642485547,-0.0008621465879852386,-0.01680932490880682,-0.0002934915226585447,-0.0009166837095901403,-0.0009569601282057071,-0.0008367703716382501,-0.009111569996600757,-0.0016257199621895094,-0.0018291811236188073,-0.0020257675096113435,-0.002411928485355576,-0.0022681335439623277,0.16095216180985264,-0.0001797225239418905,-0.00029349152265854595,-0.0026502655045464387,-0.0003281361230097052,-0.0025498842588739024,-0.002897597278647648,-0.0027251707193327785,-0.00256899855592571,-0.0027251707193327117,-0.011478286201732886,-0.002143327993254611,-0.0010483686377068253,0.002812682757586334,-0.0226885448456979,0.04664712361773987,-0.001160670462666196,-0.0007114874791676589,0.022266800089637134,-0.0017004745267142243,0.2531788890423879,-0.0002934915226585434,-0.0007411572687902208,-0.00034415344594351354,-0.006295615034918785,-0.00044025489566302384,0.07689505669055044,0.05808751481509037,-0.025580903254737577,-0.004014258762707627,0.02022883165122412,0.13354239350424946,0.15420209050021,-0.0014722587785893945,-0.005663672391766549,0.048501644086768776,-0.006329967065714961,-0.005373960370500873,-0.00014674223933238304,-0.0030977843122409502,-0.0031013076456189244,-0.0004640731202461464
su_attempted,0.0865694600986378,-0.00018660161479890463,0.0011340883080500064,-0.0003446613968755258,-0.002181504443241481,0.09848073561129027,0.00016954170438776003,0.07405159559483272,0.030121428483532126,0.36036273470424207,0.6060045264409841,1.0,0.3884171180054553,0.04476189062195669,0.007532930498289051,0.5669371251999549,,-6.892566150566896e-05,-0.0023748460324730775,-0.017681133550659575,-0.00896591652846148,-0.007162322017115227,-0.006646198862483066,-0.0057941699747309176,-0.006378310224078366,0.018395295024440317,-0.006554081609485276,-0.009126446091937402,-0.012664059838579853,-0.020938899173515088,-0.015574998490311286,0.003892772999112279,-0.005914133384273392,0.009676174996608233,-0.0055712320957880725,-0.003989007465395661,-0.004790498817806376,-0.0051704571338270534,-0.024741356325856816,-0.01942046040906996,0.011607777809379898,-0.008957825054286281,-0.0005850198023339249,-0.002018757465903631,-9.747599520473382e-05,-0.0021302790464114616,-0.001836586892265502,-0.0018561068329372282,-0.001605152109228156,-0.0016376679841161852,-0.0015704512540805266,-0.001600667852154145,-0.0016435120658609,-0.006776781988508515,-0.0014300604072490888,-0.004738430711869592,-0.003857719700122957,-0.001517726276844434,-0.0014986817385615819,-0.0029079579221026304,-0.002892795643085985,-0.0058431200698451395,-0.0015643390776347815,-9.747599520473405e-05,-0.0014745354856109778,-0.01671870532644057,-6.89256615056687e-05,-0.0015856303188752563,-9.747599520473432e-05,-0.0017536534492678423,-0.001807585085028061,-0.0014267115859021118,-0.0011872437053648025,-0.0013893492040415068,-0.0014954844299454575,-0.0014250342645089743,-0.001441720865590085,-0.0014565776261514667,-0.0013824490045344332,-0.0012820026066483342,-0.001307829032812986,-0.001304170503664941,-0.0017232870324856244,-0.0011852317772778533,-0.0008886317229479794,-0.004618343245435398,-0.00015412493055915957,-0.0006050041757954934,-0.0011189596835527386,-0.0005726953402003859,-0.011165876176213162,-0.00019495666950054914,-0.000608922538505575,-0.0006356768255172416,-0.0005558387626109605,-0.005292170985065844,-0.0010799117688239871,-0.0012150642599271628,-0.0013456500660693118,-0.001602163975023915,-0.001506645771938828,0.17519610629239013,-0.00011938370275419607,-0.0001949566695005498,-0.0017604833399556263,-0.00021796992671309674,-0.0016938034128512114,-0.0019247776217926778,-0.001810240385987762,-0.0017065004054570407,-0.0018102403859877486,-0.007624644245917296,0.0020842168749750883,-0.0006963964620332232,-0.0008221371019904364,-0.01507124668836665,0.0713060201843397,-0.0007709948339881925,-0.0004726174987045485,0.010326629339758133,-0.0011295687428915264,-0.0003775651964299666,-0.0001949566695005511,-0.0004923261543999648,-0.00022860970228549097,-0.00418196794424396,-0.0002924467031016619,-0.00020678360175107875,-0.00018236453613102143,-0.016992544303100068,-0.0026665387531530117,0.02238623942621696,-0.00011938370275419578,-0.00013785297727022231,-0.000977972602127497,-0.003762189437838184,-0.00021796992671309018,-0.004204786857219512,-0.0035697433655680626,0.0443714999193642,-0.0020577552185321183,-0.0020600956518594354,-0.0003082683585146712
num_root,0.045099433370963775,-9.34303926555525e-05,0.0012274519004360923,-0.00017400438548544476,-0.001101345678747673,0.032509790570534394,0.001535214084313768,0.018210066944735925,0.01520698488642684,0.9988449088094453,0.24057741999252644,0.3884171180054553,1.0,0.01641851009498296,0.0020316962323403535,0.32732417869560393,,0.0011213282389582494,-0.0011989553464621272,-0.008910554619771714,-0.004522460364842904,-0.005651228116695922,-0.005612604540264467,-0.003953517226842894,-0.003967826145890135,0.009409614213959363,-0.00404630553682737,-0.004470135811375174,-0.011398590466320465,-0.011043874814272176,-0.005863468822712344,0.003361620655493711,-0.0016086313880874043,0.004552661548761052,-0.004734973161064125,-0.005217876590210323,-0.0037894470569635533,-0.0034607992999923904,-0.005173522754040346,-0.009951878220774462,0.005860256654452572,-0.004522412019412,-0.00029535077651499607,-0.0010191818854189227,-4.921134423216943e-05,-0.0010340227305948903,-0.0009272119723192996,-0.0009370667321272939,-0.0008103707259034277,-0.0008267865615023717,-0.000792851789838883,-0.0008081068216669872,-0.000829736981427366,-0.0034212992698602323,-0.0007219746238663076,-0.0023922253308860607,-0.0019475930634535149,-0.0007662332670020723,-0.0007566185169580955,-0.0014681001000983488,-0.0014604453320658352,-8.290624030445081e-05,-0.0007897660206867024,-4.9211344232169516e-05,-0.0007444281354864885,-0.008440539244637594,-3.47975360257797e-05,-0.0008005150322727436,-4.921134423216965e-05,-0.0008031268624110175,-0.0009125702349733912,-0.0007202839512065123,-0.0005993871470557065,-0.0007014213273244541,-0.0007550043364145148,-0.000713826150810784,-0.0007278614766049476,-0.0007353620018022055,-0.0006979377199757964,-0.0006472267500300811,-0.0006602653770849457,-0.0006584183465733915,-0.0008700118545941634,-0.0005983714130234724,-0.00044863108626660503,-0.002328023651564651,-7.78109009974774e-05,-0.0003054400080187792,-0.0005435041669296602,-0.0002891286974558723,-0.005637159949044761,-9.842505073170063e-05,-0.00030741821707164294,-0.0003209252802727219,-0.00022324396121331131,-0.0030290897190988265,-0.0005451999713811215,-0.0006134325218623429,-0.0006793595538910882,-0.00080886214832362,-0.000760639207254002,0.08417325410988863,-6.0271582553305894e-05,-9.842505073170003e-05,-0.0008887906348182338,-0.0001100434324698005,-0.0008551268713529901,-0.0009717355941580258,-0.0009139107796818206,-0.0008615370246684525,-0.0009139107796818122,-0.003849347645495359,0.0002585216204664587,-0.0003515799550771525,-0.0015323068740016419,-0.007608809812419618,0.017194921994537007,-0.00029612886791158027,-0.00012053527520967613,0.007758485875362816,-0.0005702695943096631,-8.506446135271223e-05,-1.66723240654151e-05,-0.00024855382915341557,0.000442343382670685,-0.0021034454020409155,-0.00014764348233296977,1.1220328480192424e-05,0.00397189226500922,-0.008578788504019559,-0.001346218176220878,0.011377624249394515,0.00034022533790296325,-6.959590721413864e-05,-0.0004937353680959217,-0.0018993640342242807,0.0008771095978190657,-0.00211695735751136,-0.0018022064736502462,-4.921134423216993e-05,-0.0010388701360990057,-0.0010400517179836339,-0.00015563114051709003
num_file_creations,0.09940664445055589,-0.00017448733951848505,8.775588967245467e-05,-0.00037149103375955114,-0.0023513203048483463,0.024916811109541512,0.028857510306907246,0.021863006136030722,0.03239882972302909,0.015993477953145527,0.06511170576908866,0.04476189062195669,0.01641851009498296,1.0,0.03870514202489075,0.10358300609325205,,-7.429107372459504e-05,0.0022165832058318553,-0.01876398702507579,-0.009553294979407309,-0.012115681355011254,-0.012532999942670237,-0.007059393167103625,-0.0071399707620049095,0.01911306486860122,-0.007899308465309075,-0.0073999762381580705,-0.0013248102838159142,-0.019361942030969578,-0.01738112866581476,0.006195939169277245,-0.006888956417685688,0.0009741896549678513,0.003428645311960795,-0.00023867411762146213,-0.0052467663887100354,-0.0041879285312136525,-0.03530205831896812,-0.014432106321915139,0.012511367438155441,-0.009655133182367496,-0.0006305597699916448,-0.0021759045391125907,-0.00010506386428424107,-0.0022961073457074765,-0.0019795531770659914,-0.0020005926175278355,-0.0017301027089315468,-0.0017651497321411413,-0.0016927006190311626,-0.0017252693817554963,-0.0017714487374501239,-0.007304310170202539,-0.001541381262431977,-0.0051072865702627545,-0.0041580179629771355,-0.0016358713469515375,-0.0016153443158470546,-0.003134323438610498,0.0026497742120628635,-0.0012140980504428836,-0.0016861126496010646,-0.00010506386428424145,-0.0015893184349351015,-0.01802014725508587,-7.429107372459468e-05,-0.0017090612748029553,-0.00010506386428424184,-0.0016601453242644055,-0.0019482937687039662,-0.0015377717572325033,-0.001279662867465722,-0.001497500958161515,-0.0016118981176542306,-0.0015359638673326794,-0.0015539494112367777,-0.001569962673497347,-0.0014900636232256465,-0.0013817981298271669,-0.001409634974455513,-0.0014056916527271108,-0.001857433663781341,-0.0012774943239280978,-0.0009578058940807031,-0.0038977023366471414,-0.00016612254897295425,-0.0006520997963003046,-0.0012060633808908317,-0.0006172759290392769,-0.012035066651315901,-0.0002101327718962205,-0.0006563231779351619,-0.0006851601113125855,-0.0005991071770667294,-0.0006107145426420613,-0.0011639758412352876,-0.0013096490703530589,-0.0014504001279355121,-0.0017268819680113289,-0.0016239282971661905,0.16496631961707808,-0.00012867694366774763,-0.0002101327718962209,-0.001897525460656007,-0.00023493746075770624,-0.0018256549370766842,-0.00207460897843235,-0.0019511557674872237,-0.001839340307563542,-0.0019511557674871866,-0.008218172962339348,0.0034466434226778607,-0.0007506063746403133,-0.0024790210056195266,-0.016244444730572773,0.028530280735211144,-0.0008310117422432928,0.009683502644489004,0.016207249386183894,-0.0012174982861535549,0.019792018224487604,0.003906888621054822,-0.0005306505274536381,-0.0002464054733120289,-0.0027293882644689924,-0.0003152117673742325,0.025007393033035095,0.021809756555224744,-0.018315302806142634,-0.0028741113653828836,0.021343905567575323,0.020040123004254767,-0.0001485839304813146,-0.0010541013767319768,-0.0040550512942026,0.005288670550787069,-0.004335543972195636,-0.0038476245531207484,0.004011858717386652,-0.0022179380118762543,-0.0022204606326399435,0.028311272485760222
num_shells,-0.0016021709541410457,-0.00013353562149584386,-8.402868122354355e-05,-0.0002642327840066777,-0.0016724385080143342,-0.00014508673922948985,0.004747990518748124,-0.000502173400204421,0.023092429203309308,0.001339649166909308,0.11699353243813547,0.007532930498289051,0.0020316962323403535,0.03870514202489075,1.0,0.017268326693795962,,-5.2841483247751566e-05,-0.0018206627850876108,-0.012587514824902273,-0.005527256294275595,-0.011591250105333198,-0.011750018779975764,-0.006995284905163153,-0.006996407912985693,0.011323944491088273,-0.0019184774983483674,-0.006333029205538008,-0.009980347325062889,-0.01194191199765812,-0.006151660604464767,-0.003187500410394914,0.013196683492841968,-0.0019900010122280844,-0.010938542116477106,-0.009151297689390334,-0.0045682386165726944,-0.00680780160010121,-0.029952001749768774,0.005219352995985522,0.00889903967925688,-0.0068674678226111185,-0.0004485022473391647,-0.0015476694236303723,-7.47294411856347e-05,-0.0016331668363419446,-0.0014080093448607133,-0.0014229742011344496,-0.0012305811280882409,-0.001255509246595139,-0.0012039779063575905,-0.0012271432968091471,-0.0012599895800568448,-0.005195383027118086,-0.0010963480277474276,-0.0036326921151317226,-0.002957499811471533,-0.0011635565895287317,-0.001148956197908987,-0.002229370113674087,-0.0022177460349905513,0.04622439482377972,-0.0011992920395525457,-7.472944118563484e-05,-0.001130444604506544,-0.01204714926627519,-5.28414832477514e-05,-0.0012156148537665512,-7.472944118563513e-05,-0.0013444288721730807,-0.001385775267191856,-0.001093780672088556,-0.000910193924839914,-0.0010651370053894786,-0.0011465049986605813,-0.0010924947627717618,-0.0011052874546695084,-0.0011166773092921606,-0.0010598470049934807,-0.0009828403207593343,-0.0010026400098115166,-0.0009998352183526917,-0.0013211486240239845,-0.0009086514911224948,-0.0006812646737922834,0.004314586232144251,-0.00011815903914876576,-0.00046382315848341306,-0.0008578443511709679,-0.000439053765523534,-0.008560258197352599,-0.00014946246957098537,-0.00046682714992839154,-0.0004873381784488318,-0.00042613076206084226,-0.004640126368982814,-0.0008279084798724605,-0.0009315224015746612,-0.0010316352991068573,-0.0012282902912642553,-0.0011550617807513357,0.03719928545700643,-9.152486594011841e-05,-0.0001494624695709836,-0.0013496649706953884,-0.00016710545795743005,-0.001298545167503406,-0.001475620287652087,-0.0013878109392205062,-0.001308279247778031,-0.001387810939220506,-0.005845392012052962,-0.0020954327472069885,-0.0005338885573016263,-0.002616118129252184,-0.011554289244515408,-0.0010096182899621603,-0.0005910789931401725,-0.00036232963304004545,0.015416941292948683,-0.0008659777287705469,-0.0002894583028477334,-0.00014946246957098293,-0.00037743916665951933,-0.00017526238399030676,-0.0032060829630228133,-0.0002242026732167914,0.16921061877819407,0.14389396085604936,-0.013027241603696267,-0.0020442874217844703,0.009512807641986103,0.21992017210549988,-0.00010568423472407644,-0.0007497573725546428,-0.0028842620558389106,-0.0001671054579574349,-0.0032235769584577547,-0.00273672432197004,0.08974431044539534,-0.0015775668384277594,-0.0015793611188997143,-0.0002363322592257577
num_access_files,0.07040802581506134,-0.0003102021190323792,0.00033801560688247835,-0.0005816738733374141,-0.003681654373557083,0.01082003080082505,-0.0019616888699508007,0.000670122387713897,0.05083495899252063,0.2991560589962328,0.36464211306122807,0.5669371251999549,0.32732417869560393,0.10358300609325205,0.017268326693795962,1.0,,-0.0001163236059036405,-0.0023438289560258996,-0.029278797546603223,-0.014184394982745725,-0.024048531482932754,-0.024169776918801136,-0.014429161252439947,-0.012346788069033934,0.030754146507499434,-0.012041919934965777,0.007338393181289872,-0.007368535230059419,0.0022485477921605095,0.006829089689204445,0.000554496262368456,-0.011780000584963137,0.0001224770286300346,-0.017845219833322823,-0.019645861013781855,-0.01317214548732555,-0.012806564547111206,-0.002092608272828386,-0.0301390188081921,0.019590070545847944,-0.015117831132935057,-0.000987318967216859,-0.003406991572499975,-0.0001645070791279677,-0.003595202930902101,-0.0030995481972430562,-0.0031324913687173646,-0.0027089632118205012,-0.0027638392004357792,-0.0026503997028089455,-0.002701395276435437,-0.002773702067862736,-0.011436955411175792,-0.0024134666189247764,-0.00799689599908825,-0.006510548557403146,-0.002561417466885374,-0.0025292766166209097,-0.004907666374550614,-0.003509695853518775,-0.002421848030478555,-0.0026400843806407633,-0.0001645070791279681,-0.002488525767794525,0.005877731994711697,-0.00011632360590364002,-0.0026760169186992914,-0.00016450707912796843,-0.0029595841123325464,-0.0030506027867545664,-0.002407814921630953,-0.0020036727378099687,-0.002344759640212773,-0.0025238806224543333,-0.0010266875970468157,-0.0024331455966971143,-0.0024582188701745516,-0.0023331143970539343,-0.0021635942655541915,-0.0022071806882805072,-0.002201006307164619,-0.0029083356945253445,-0.0020002772719591422,-0.0014997149693684124,-0.007794228272521928,-0.0002601116520414533,-0.001021045946864113,-0.0018884320064297103,-0.0009665193717558984,-0.018844287476063735,-0.00032902205500635624,-0.0010276588406647053,-0.001072811184082176,-0.0009380710718692958,0.02034419638879422,-0.0018225321057970649,-0.002050624586428336,-0.0022710100208001007,-0.0027039202345321123,-0.002542717257736867,0.1134956650780238,-0.0002014800074041235,-0.00032902205500635515,-0.0029711106975748762,-0.00036786078363184867,-0.0028585771448641087,-0.0032483848343064217,-0.003055084052159196,-0.002880005447934032,-0.0030550840521591884,-0.01286786507438259,-0.0024373340913641166,-0.0011752857474654585,-0.005174176267453987,-0.025435254765162466,0.008212321096458471,-0.001301183003012684,0.011632064819192241,0.031647646712827965,-0.0019063365721687811,-0.00063720454984443,0.029793846750507506,-0.0008308829006416591,-0.00038581718816320057,-0.007057771814172216,-0.0004935528262810803,0.009117760240141963,0.021160610940147498,-0.028677766504299276,-0.004500231064493196,0.03661098236202421,-0.0002014800074041233,0.056566667292838727,-0.0016504926767380867,-0.0063493252286876845,-0.0003678607836318409,-0.007096282554325139,-0.0060245402272899136,0.019916923478485078,-0.0034728068161811883,-0.003476756689683484,-0.0005202545215394525
num_outbound_cmds,,,,,,,,,,,,,,,,,,,,,,,,,,,,,,,,,,,,,,,,,,,,,,,,,,,,,,,,,,,,,,,,,,,,,,,,,,,,,,,,,,,,,,,,,,,,,,,,,,,,,,,,,,,,,,,,,,,,,,,,,,,,,,,,,,,,,,,,,,,,,,,
is_host_login,-0.00025898519561182333,-2.2178266553183067e-05,-8.52451684834312e-06,-4.0004160617062116e-05,-0.0002532028678737836,-2.196575735808696e-05,0.0010479890001648651,-7.602775497716757e-05,0.003496134101451966,0.0011451793784282732,-0.00010376201746454618,-6.892566150566896e-05,0.0011213282389582494,-7.429107372459504e-05,-5.2841483247751566e-05,-0.0001163236059036405,,1.0,-0.0002756436403527927,-0.0020529349008998844,-0.0010412244449145543,-0.0018023989923416181,-0.0017874397099526592,-0.0010590680560712943,-0.0010592380765533625,0.0021820631617908387,-0.0009894309710560309,-0.001059288387485656,0.0020769386540033146,-0.0024939353504529597,-0.0028420049046685328,0.007436973363903493,-0.0013588992705416206,-0.0008179955549282944,0.001879389394778702,-0.0006885956266774261,-0.0010962309982009766,-0.0005335674501956313,-0.0030877541759756696,-0.0023432956933099143,0.0013472916088171428,-0.0010397168801025837,-6.790208114075837e-05,-0.00023431315095049442,-1.1313844265206335e-05,-0.0002472572382760503,-0.00021316897596139925,-0.00021543461652615855,-0.0001863068024864152,-0.00019008085520428762,-0.00018227914346959323,-0.00018578632371547493,-0.00019075916611144774,-0.000786567563390406,-0.00016598425800599877,-0.0005499801979242552,-0.00044775782811284074,-0.00017615946056630575,-0.00017394899900822981,-0.0003375208736401261,-0.0003357610181686379,-0.0006781992874684649,-0.0001815697153454357,-1.1313844265206372e-05,-0.0001711463916083514,-0.0019405067676605068,-8.000064000511923e-06,-0.00018404094723285558,-1.131384426520639e-05,-0.00020354305671346247,-0.00020980279406395013,-0.00016559556699430675,-0.0001378010079212973,-0.00016125898988257614,-0.00017357789377689013,-0.00016540088364704,-0.00016733766413900439,-0.0001690620586930056,-0.00016045809749406657,-0.00014879948451660874,-0.00015179710626891767,-0.00015137246809073367,-0.00020001848730901705,-0.0001375674874427359,-0.00010314171095600469,-0.0005360418853111268,-1.788897315764387e-05,-7.022162749272967e-05,-0.00012987541775972964,-6.647160541246703e-05,-0.0012960009680016058,-2.26282316231787e-05,-7.067642403400168e-05,-7.378174074342401e-05,-6.451509608634358e-05,-0.0007025031403505313,-0.0001253432042112142,-0.00014103008417775713,-0.0001561869181329838,-0.00018595997571169097,-0.0001748733684713364,0.020487053334560294,-1.3856628167045048e-05,-2.2628231623178544e-05,-0.00020433578849760975,-2.5299334468458273e-05,-0.0001965963824080331,-0.0002234050979667152,-0.0002101109895481045,-0.00019807009700491992,-0.00021011098954810405,-0.0008849772438303835,-0.00031724310250389945,-8.082934779722949e-05,-0.0003960735236895083,-0.0017492895307869845,-0.0001528535998490989,-8.94878319805814e-05,-5.48557700398329e-05,0.0023340850683061273,-0.00013110679010845482,-4.382323897692572e-05,-2.262823162317862e-05,-5.714331438083781e-05,-2.6534271989126975e-05,-0.00048539267482096453,-3.3943705297041246e-05,-2.4000960050690954e-05,-2.1166687828623916e-05,-0.0019722907112781915,-0.0003094998324145904,0.0026397156991805944,-1.3856628167045153e-05,-1.6000320007552106e-05,-0.00011351132853652416,-0.00043666982118525845,-2.5299334468458483e-05,-0.0004880412205184455,-0.0004143329895731059,-1.1313844265206475e-05,-0.00023883954228412908,-0.00023911119171045943,-3.5780093271173526e-05
is_guest_login,0.00019211406094937877,-0.0007477078144251708,-0.000422142930884848,-0.0013783505308256352,-0.00872415023730167,-0.0007568341104398266,0.8600365797661634,0.006539613097220591,0.119612553786352,-0.0011291157821157849,-0.003575138926694383,-0.0023748460324730775,-0.0011989553464621272,0.0022165832058318553,-0.0018206627850876108,-0.0023438289560258996,,-0.0002756436403527927,1.0,-0.07067997652106764,-0.03584705602845397,-0.060245866728632795,-0.05973280639139956,-0.0353706573022726,-0.035216120045972604,0.07065596475861285,-0.014660941170839274,-0.0323517724405812,-0.013705014553011945,-0.06596690193998381,-0.054250249452909446,-0.007264462090745621,-0.035590149226539046,-0.02477776168661444,-0.060717306888034894,-0.06043430600896495,-0.030619625153380032,-0.03305432494762601,-0.11473691654325012,0.031210788059861445,0.04642117408652832,-0.03582363162961982,-0.002339578387369253,-0.008073301651886017,-0.00038982053386653836,-0.008519292502863068,-0.007344775309361953,-0.007422838361477689,-0.006419234303195152,-0.006549269966656322,-0.006280460589206765,-0.006401301113768071,-0.006572641290651582,-0.02710132650719688,-0.005719017387248627,-0.018949666386179315,-0.015427576295587456,-0.006069605816899843,-0.005993443967358605,-0.011629342252670092,0.8202439580706733,-0.023367478118988726,-0.006256017115917105,-0.0003898205338665392,-0.005896879626606874,-0.06686050880754431,-0.0002756436403527915,-0.006341163853938268,-0.00038982053386654074,-0.007013112534780131,-0.007228792908190703,-0.00570562496870942,-0.004747958449492208,-0.005556207426340932,-0.005980657470036479,-0.005698917119053014,-0.005765649238363018,-0.005825063562078283,-0.00552861253541427,-0.005126912933715452,-0.005230196528965944,-0.005215565544356337,-0.006891672863640554,-0.004739912459509748,-0.0035537661546593768,-0.018469419324554304,-0.000616367779436592,-0.0024194987730541493,-0.004474880818620937,-0.0022902910895230143,-0.04465394585566374,-0.0007796597800917539,-0.00243516886947439,-0.002542163113792763,-0.002222879209692791,-0.024204871730162784,-0.004318722587725583,-0.004859216851206323,-0.00538144828427673,-0.006407284324450932,-0.006025293283042339,-0.012842845016425386,-0.00047743260938098764,-0.0007796597800917425,-0.007040426250619159,-0.0008716931078229363,-0.006773763625350038,-0.007697462729420143,-0.00723941183888782,-0.006824540726170548,-0.007239411838887658,-0.030492049701499567,-0.007190010523582459,-0.0027849896791755655,-0.01364678431449383,-0.06027208460660989,0.008574610073412049,-0.00046144914769440814,-0.0018900653978727023,0.07755161190132633,-0.0045173079738050174,-0.001509937560859138,0.019938340328638688,0.002134598136753465,-0.0009142431016459368,-0.016724291690624858,-0.0011695364555258255,-0.0008269573843297833,0.021419083130521634,-0.06795563028694751,-0.01066387225025663,0.038951933597860304,-0.0004774326093809873,-0.0005512938963249455,-0.003911053188710245,-0.015045537027704206,-0.0008716931078229086,-0.016320980319862934,-0.014275917487269685,-0.0003898205338665426,-0.008229259277322914,0.29287703266166076,0.011871033288628834
count,-0.07912581767840068,-0.005077280064210198,-0.003554364693355344,-0.009875448239163824,-0.020850844240722456,-0.0056367386438695,-0.0686287109647984,-0.019441913522032613,-0.539581595307793,-0.008377944735190535,-0.025648834746698934,-0.017681133550659575,-0.008910554619771714,-0.01876398702507579,-0.012587514824902273,-0.029278797546603223,,-0.0020529349008998844,-0.07067997652106764,1.0,0.4708197600815909,0.45738959277259517,0.45189474159653065,0.1612748949216626,0.1631908808270083,-0.6279385567179562,0.22305120896293418,-0.2630246355453713,0.46801795769009996,-0.39582200445249854,-0.47381684392120077,0.1680675141263094,-0.1386359422001051,-0.20568092417114323,0.4589081968333556,0.46063899603437763,0.17871047201059684,0.1679100731557756,-0.030683678511682078,0.3882245534910014,-0.04827607256240236,-0.008852643290359565,-0.01430396861155387,0.09347906860398045,0.014907710212148432,0.06482964777992882,0.08858531557757163,0.022365774739732027,0.07191110529410674,0.07391189391886528,0.07499168467813033,0.07482382410603002,0.07534248841238347,0.06302870723123155,0.06364719783847267,-0.14076847691547806,0.3315287906037105,0.01930857485968803,0.018158500496360096,-0.012922872642429431,-0.018303664831441035,-0.12140889453222042,0.07135629344375317,0.014872786662726898,0.0754375818503023,-0.42893548801424086,0.010491911657501882,0.025328187950618617,0.014872786662727002,0.09112279898679364,0.09519240527096338,0.015179420406930507,0.011689784930254634,0.03467963489916357,0.07221944096403471,0.017354616499928716,0.06859168814532142,0.0645826363763928,0.059203573492148685,0.051620373557633485,0.05757532618577847,0.052777063193081536,0.022272921590270882,0.043267179548060655,-0.025932585997984915,0.08803085934324285,0.0023450116840906974,0.03039638425364401,-0.009434061290034724,0.006827055772211118,0.19274774797542976,-0.005501150959557047,0.022732740231631618,0.020049156974405388,0.005062432637447586,-0.16957120713999568,0.033742283342519934,0.042180469418533456,0.058162969272129994,0.06573652252531983,0.06915738480783305,-0.030029709740142484,-0.0016738211977723855,-0.005701966188431345,0.06466204241248287,-0.006468755720710445,-0.04434970856054623,0.023848734752282177,0.08463154945242905,0.08091545114497496,0.08048675137437901,0.1991506417269364,0.0648764376123828,0.010612309671220363,-0.08302573886540159,0.4614110230797067,-0.03848564565498454,-0.021554020756769345,-0.013230159641128425,-0.5183386555564569,-0.03284209406834055,-0.010149976965653248,-0.005806739351322402,-0.014570437879097124,-0.0067197352305921184,-0.12450992701210979,-0.008250601308294407,-0.006109611055266958,-0.005431685568647174,0.5400105289200999,-0.0789571549608162,-0.576255235813282,-0.0035558159998593537,-0.004105919073518487,-0.027737601197529653,-0.06860594840501497,-0.006484374506632185,0.20331759049469245,0.3738965984664606,-0.002903299992837804,-0.01698066001415595,-0.0611506115521621,-0.00916513493812804
srv_count,-0.0395116253909795,-0.0028155423565255234,-0.0017603411241090318,-0.005050864562103757,0.02448275965939616,-0.0028588875677542087,-0.03454354074346974,-0.0098294380929449,-0.1996708276543302,-0.004251111854695682,-0.011893641698256357,-0.00896591652846148,-0.004522460364842904,-0.009553294979407309,-0.005527256294275595,-0.014184394982745725,,-0.0010412244449145543,-0.03584705602845397,0.4708197600815909,1.0,-0.14831839452488574,-0.14745534835166133,-0.11345495608318992,-0.11372064300921475,0.19070553643385357,-0.10857284975905077,-0.07707523209841828,0.150361971525669,0.20240734420519962,0.18130834697052814,-0.10652643865866564,0.1581966458971305,-0.059224231103346896,-0.14584250999764173,-0.14512649831400753,-0.10117412259850089,-0.11281665441538159,-0.11490945059743037,-0.039110641607904284,-0.5288492717197794,0.3418716696033447,-0.008699895243279049,-0.01921965861459068,-0.0014725196216099432,-0.024086137004600182,-0.017923621741706596,-0.01788870018233348,-0.01600694976801807,-0.016579693417320674,-0.015563020333264704,-0.015916319800861077,-0.01712156759372309,0.419974688589293,-0.013619023222017822,-0.01920831195220283,0.6470882234614753,-0.013514372075986717,-0.013542957969434308,-0.03335124764237479,-0.03902715874012547,-0.07256669312956637,-0.014917121175708151,-0.0014725196216099465,-0.013916269223610802,-0.14943176338264877,-0.0010412244449145504,-0.014083472514508595,-0.0014725196216099515,-0.014897818198904915,-0.016127978604689615,-0.012874116157500405,-0.010415009737500949,-0.012769710446551214,-0.014219274203453692,-0.013021928926907126,-0.014047962765630697,-0.014409869895619893,-0.01357508328699116,-0.012391193646998422,-0.012570534392102964,-0.012623168770307617,-0.01650779568033948,-0.011234356422500015,-0.01340595751755489,-0.00239316675333437,-0.002328285891833679,-0.006010359386200194,-0.015370181417238326,-0.005800759079533638,-0.10629076576746802,-0.002463292433808158,-0.006834944717632068,-0.006603388141144293,-0.00566264503773697,-0.08830221243292229,-0.00997926727449265,-0.011086346586788205,-0.012052423333293422,-0.014656284380418714,-0.014109715421933141,-0.040474019151930524,-0.0017360290169023465,-0.002903811285491919,-0.01780524271759601,-0.003292759343792991,-0.0238361672949699,-0.018501111548389734,-0.016758211867929567,-0.016208849713730683,-0.017439443403465614,-0.09264440179063776,-0.029909198761746244,-0.010057291045687438,-0.050377456567634094,-0.14288863109840766,-0.01804052093063977,-0.010493738679082973,-0.005929665357452158,0.21005851861376537,-0.015725737397771555,-0.005632588148917146,-0.002931343713722223,-0.007290081849965395,0.009836199804397214,-0.020325248327502973,-0.0042893518151676455,-0.003084836408722244,-0.002740170415803867,-0.16074612754969128,-0.015600544301981113,-0.0005245910954989984,-0.0018034680685923763,-0.0020630058246677396,-0.012025219840633967,-0.05587527505388892,-0.0032804463690606894,-0.04744615087871846,0.7032247527004435,-0.0014725196216099558,0.026370546664180157,-0.030750822381722023,-0.004630730405574761
serror_rate,-0.06994511248069267,-0.002722171740898823,-0.0030685491599169805,0.021816976952398294,-0.04334694805490216,-0.004948842774970543,-0.05902296807243685,-0.015148462656192139,-0.49179770681044227,-0.00523806758154312,-0.018207649827486128,-0.007162322017115227,-0.005651228116695922,-0.012115681355011254,-0.011591250105333198,-0.024048531482932754,,-0.0018023989923416181,-0.060245866728632795,0.45738959277259517,-0.14831839452488574,1.0,0.9932668761617607,-0.22754224959453886,-0.22716979356695727,-0.7616902156608102,0.051142421320375483,-0.22403741056527807,0.395487486593651,-0.5576240757357261,-0.622611457410352,-0.018366185141357974,-0.2761478794753128,-0.17288916755800138,0.979374292960502,0.9811162701907348,-0.23171167845251048,-0.22659805660784219,0.009068504226025877,0.38130099266803796,0.30017630834302383,-0.23034807085863554,-0.012938264253161523,0.09291860729443578,-0.0018322431537214864,0.060606548664053475,0.08229122118634487,0.09018388540162843,0.07386983025690602,0.07195013927625035,0.07741280593769564,0.07036091863060508,0.06712529342244923,-0.1771892478243183,0.06259114713065424,-0.12376698151271501,-0.10076410989762527,0.07042888532824211,0.06792858510195679,0.09195756991713674,-0.014305955656059193,-0.06063256869014564,0.06606384267687561,-0.0016082606093131275,0.06431516381849477,-0.3727228817289345,-0.0013589379533585683,0.0691378468133209,-0.0013842780649047594,0.07912683890208921,0.08682462161095036,0.0717963071291099,0.05310007880903262,0.06363027031743973,0.06422429797669295,0.06926204229140427,0.06550105025339192,0.06042399826577687,0.06398955172986584,0.0563051760649603,0.05994643089372121,0.06607658597897417,0.08099562223079736,0.0606177085251501,-0.02323762858442098,-0.1014979212976147,-0.003803694037293881,0.019659798082462883,-0.00809300393256442,0.02491459457529918,0.3245296804913834,-0.005098096949409293,0.019558912644421382,0.01973239723106057,0.023435607753164434,-0.13434532361963825,0.044291555325690894,0.05410457639712062,0.06185341149646563,0.07838560907419201,0.07045455844962363,0.08516076804250274,-0.0031218716055191878,-0.005098096949409198,0.065259184936343,-0.005699891269612804,-0.04429278584866017,0.08691665601709817,0.08365498532150481,0.07931964810934795,0.08472217421727869,-0.18907093188727123,-0.07107469955811559,0.018606351475356636,-0.08920198401779406,0.9791590250162006,0.05834316003701998,0.037096978256661924,0.015128230441351401,-0.7584053674683082,0.07302480152288397,-0.007582885736951374,-0.0050980969494093375,-0.011099724556969528,0.008042735402970947,-0.10925162058199793,0.01823165495842405,-0.005407370017018314,-0.004768813950873202,0.8550693729854882,-0.026768656439426348,-0.6505255851487157,-0.0031218716055191743,-0.0036048412433837287,-0.025573883428994536,-0.08639929325270505,-0.005699891269612672,-0.09095933721888795,-0.09334842356919462,-0.002548987295828278,-0.03986116967377115,-0.05333761121928085,-0.008061186017227374
srv_serror_rate,-0.06958237865160623,-0.0030165137371066463,-0.0030474775692516934,0.022700418929209997,-0.056572655004076544,-0.004907769107661716,-0.05865118270465753,-0.015799989963938194,-0.49000853569203395,-0.0052186728264681835,-0.017780860016540567,-0.006646198862483066,-0.005612604540264467,-0.012532999942670237,-0.011750018779975764,-0.024169776918801136,,-0.0017874397099526592,-0.05973280639139956,0.45189474159653065,-0.14745534835166133,0.9932668761617607,1.0,-0.22780497241478723,-0.23454031262138247,-0.7565342652409208,0.04464666962614048,-0.2257432598925814,0.3931995705770753,-0.5548078354927939,-0.618895985392727,-0.028867055071361617,-0.2752319898403944,-0.17110411066294318,0.9775484113596191,0.9862226389389411,-0.2349595153486653,-0.2331485271357878,0.013228776934273233,0.3783061112415849,0.3010229071082051,-0.23230204639419116,-0.011814839873695492,0.09315808600120197,-0.0025278315911667518,0.06128171265125433,0.08251665489688986,0.09058252487957244,0.0740679068091747,0.07219681283540325,0.07764176026811359,0.0705380076729469,0.06733107579658382,-0.17574135622848908,0.06282311105287433,-0.12288107262572823,-0.10004171496125949,0.0708285794361356,0.06803853409114202,0.09285533159281328,-0.013791418053777375,-0.06081643217441983,0.06626989245467933,0.0019461128684161457,0.0644655544963719,-0.3717816205574747,-0.0017874397099526507,0.06935766488546032,0.0019461128684162394,0.07909326540810586,0.08703156087031089,0.07219086990179019,0.053526703846056706,0.06379502394545504,0.06483581151565723,0.06929130188806179,0.06571587937274494,0.06062965817022191,0.06415253310555784,0.056465574736079265,0.060053497425019635,0.06627896914200339,0.08120142461803918,0.06072874073064939,-0.02304476437981244,-0.10793084394785997,-0.003996900648570327,0.019652144499118604,-0.00792788713862663,0.025529023123733778,0.32257815484021507,-0.005055784524559741,0.019803527910092444,0.019899564952301725,0.02326453131504328,-0.13504881507238192,0.04442140126276143,0.05430206716217658,0.061973087269010074,0.07900656681784057,0.07061256082146954,0.08586061110061376,-0.003095961161090727,-0.0050557845245597375,0.06552688757014763,-0.0056525841620019114,-0.04392517118946568,0.08710256859497428,0.08386162651868079,0.07952442703256796,0.08495167936647305,-0.19650560960137864,-0.07066455879552835,0.013132712619002267,-0.08849398508039436,0.9826276301552752,0.05275860968807859,0.024100994077837952,0.01366349341714122,-0.7558039878187215,0.07388602768067638,-0.00979134636436519,-0.005055784524559785,-0.010995133065344833,0.0061858038090371196,-0.1084504001267495,0.019261404773078413,-0.0053624907336799425,-0.0047292344599533164,0.8563575283487289,-0.02578952047686836,-0.6481336135384719,-0.003095961161090752,-0.003574922319573757,-0.02536162912480177,-0.08516960125344615,-0.005652584162002204,-0.09850402208748618,-0.09257366424305774,-0.0025278315911667726,-0.05336348336191365,-0.052861330182887876,-0.007994280987578631
rerror_rate,0.2008629259460366,0.011603366299514035,0.011219897428246953,-0.004113020058579109,-0.03306765146844682,-0.0029078807299384047,-0.03235335223560004,0.021389942756190678,-0.28738105685594306,-0.0036508338845632933,-0.008966372391837002,-0.0057941699747309176,-0.003953517226842894,-0.007059393167103625,-0.006995284905163153,-0.014429161252439947,,-0.0010590680560712943,-0.0353706573022726,0.1612748949216626,-0.11345495608318992,-0.22754224959453886,-0.22780497241478723,1.0,0.9889579973965074,-0.21000487249956407,0.2682575008688223,-0.0765716504464964,0.06859753588155851,-0.2510447904449022,-0.2577048918818146,0.3760960154248791,0.032450008012523235,0.03364548488724613,-0.2262472495516176,-0.22498782204007076,0.9268122776276931,0.9643314306883405,-0.10403579704006082,0.30850198240959525,0.17801954245656834,-0.13734347198861135,0.004849299866222132,0.0244758980082882,0.009985894431209577,0.014980102671606975,0.025402553520021492,0.015891608762394177,0.01935370301155702,0.024599971838284294,0.011854067055030037,0.0240107373469298,0.015421921200806045,-0.104127739512497,0.021780354977429795,-0.07261985596552167,-0.059275277370259144,0.0176020337879513,0.019641213080943885,-0.024437701390399608,-0.01514461124345858,-0.07550396253661391,0.02309528371184082,0.009424194216666461,0.02278027550215719,-0.10188680607349614,0.007061065423864148,0.024548547664418784,0.009361783081717272,0.021143728433805704,0.016824215656580665,0.008759966433321885,0.01653482638584428,0.017283256009804456,0.024521505185649262,0.011301817555774878,0.018662549944961065,0.026797856262364403,0.016018056300516163,0.019287424222848473,0.016161047001861113,0.007313229414158703,0.01856064369987699,0.00408126581663871,-0.013654152181164118,0.11600497678382139,0.007105271840433008,0.01770891237057266,-0.00321314302544289,0.008832885038739765,0.18237642614268554,-0.0029955806948491143,0.019064639415438275,0.02086817144888734,0.006811790486503449,-0.08245378502703575,0.01962677490000427,0.01368366542064286,0.015968029734699286,0.012902786576403353,0.01668068394499404,-0.010280135948942339,-0.0018343743569596276,-0.0029955806948491056,0.01740484667342087,-0.003349187828208934,-0.02602591035949262,0.025069650986000967,0.021148770559751666,0.01960830992902516,0.01994579575922977,0.8349278368078918,0.2998579347318427,0.027182186300588253,0.3697995254584241,-0.22477881375970638,-0.019350243220949512,-0.010093186664403246,-0.005446319064303702,-0.4476520501713614,-0.017356237816224817,-0.004979496816240809,-0.002995580694849104,0.05053507503614733,-0.0035126718802492,-0.0011362821683226741,-0.0030996129025644844,-0.0031773058444411863,-0.0028020979495531556,0.10356964154648163,-0.040972345452328765,-0.25333672525366385,-0.0018343743569596556,-0.0021181615304368528,-0.015026907540684026,0.39767718537832963,-0.0033491878282089988,0.21712753255661751,-0.054850415422340086,-0.0014977543994496509,-0.03116261304297431,-0.030910595443010194,-0.004736656334790105
srv_rerror_rate,0.20014588171120035,0.011940119094775409,0.011094304643052971,-0.005296698894338482,-0.03352499664093386,-0.0029083475547856254,-0.03140258490800025,0.021075374860809005,-0.2833839675371461,-0.003611082042861907,-0.009353351897485814,-0.006378310224078366,-0.003967826145890135,-0.0071399707620049095,-0.006996407912985693,-0.012346788069033934,,-0.0010592380765533625,-0.035216120045972604,0.1631908808270083,-0.11372064300921475,-0.22716979356695727,-0.23454031262138247,0.9889579973965074,1.0,-0.20994588430634042,0.27585766517408467,-0.0737422161634247,0.07113699202711365,-0.24941996367258173,-0.25560867009739907,0.3801528231464965,0.029572222187334136,0.030538359022704433,-0.22645589583191184,-0.2307893081212695,0.917878596669791,0.9701280722815245,-0.10356646345149274,0.3096861485730087,0.17838639443242796,-0.13766236222228215,0.006976449806408192,0.02394882309172672,0.010860042705086035,0.013842040492379004,0.024874412084474433,0.015210176712028544,0.019047468427133608,0.02408973855228338,0.011488320184725835,0.023205759947088015,0.015053673375581455,-0.10414445595329909,0.02091888918577534,-0.0728194133139974,-0.05928479329435356,0.016912273740291906,0.018922538457792373,-0.026202903926973015,-0.016057720168303462,-0.07597109122561295,0.022479452014039624,0.004681023929701533,0.022435260674334174,-0.09976040223712633,0.0076791791235953115,0.024077065494558136,0.004681023929701661,0.020443452641175797,0.01644639173679318,0.00815042462608968,0.015824845815241236,0.01692157138468429,0.02350755677251925,0.009907757354548167,0.018227758228899202,0.026375515846377536,0.015906181655227662,0.018929357411187404,0.014540842463387896,0.007051770618135942,0.018125843074174346,0.0026697131344647525,-0.013656344189054915,0.12289179609997589,-0.002368566241195665,0.01660198300939383,-0.004789797861486322,0.005930666420041985,0.1832054094543712,-0.002996061598857926,0.018681395119536946,0.02057128213148678,0.0028414833392815314,-0.08384883475595546,0.01972757003140375,0.013378649674696467,0.01433856738295918,0.01200073351914892,0.01637297455992647,-0.011567046368370014,-0.001834668843428825,-0.002996061598857913,0.016105319173976427,-0.0033497254995378577,-0.026030088502530753,0.024263034799282726,0.020690605040519065,0.0191729579286535,0.019519672134455643,0.8409093600370846,0.2957604955919489,0.034507243148533186,0.37075689471259243,-0.23051681570860316,-0.01977969821780953,-0.011230759242917653,-0.006625675063287134,-0.4455047599440644,-0.01728421447864029,-0.004206764494054419,-0.0029960615988579046,0.04995580771340295,-0.0027754813484883716,-0.0019718004598289324,-0.004494272184276334,-0.003177815922210223,-0.0028025477922628303,0.09935695373436987,-0.040978923063545,-0.25340763554263845,-0.0018346688434288164,6.612894048885528e-05,-0.015029319927734312,0.39452445014758025,-0.0033497254995378404,0.22535191061122667,-0.0548592209887237,-0.0014979948456830697,-0.03162323918380317,-0.03107030109537413,-0.004737416747294926
same_srv_rate,0.07475875450639753,0.0032873790999991257,0.003800443495529032,0.008775321831371545,0.05480676217565938,0.005991285813319666,0.06929804682748487,0.01936140779976125,0.6004032339066375,0.00888566983498938,0.027680848936144607,0.018395295024440317,0.009409614213959363,0.01911306486860122,0.011323944491088273,0.030754146507499434,,0.0021820631617908387,0.07065596475861285,-0.6279385567179562,0.19070553643385357,-0.7616902156608102,-0.7565342652409208,-0.21000487249956407,-0.20994588430634042,1.0,-0.37693953434256494,0.2770999541512499,-0.5097852059761491,0.7052914944150065,0.7889197082103703,-0.166874874002843,0.279802820377616,0.2163584405896675,-0.7604483064261659,-0.7651068380445869,-0.21498959555741803,-0.2142258588232206,-0.016173580876260526,-0.5106466051089821,-0.26649729192135424,0.18990818897563266,0.013219602322130446,-0.11200396895552032,-0.006012099293337734,-0.07921218146706299,-0.10246204475220937,-0.09650997666640654,-0.08915575947783651,-0.08927440470686825,-0.08637733748800816,-0.08813404698734041,-0.08799044005885055,0.2063144753410618,-0.07785150249266921,0.13648879007422324,0.12201186197789753,-0.07457549499001252,-0.07522787750214581,-0.050294776766461026,0.014926327686389768,0.09741325933359217,-0.08314769856396358,-0.006012099293337748,-0.08139360689124243,0.4917644722282903,-0.004251179174531193,-0.07977175322245747,-0.006012099293337769,-0.09427155163671164,-0.09948548763209329,-0.06509035846907602,-0.05849144041061125,-0.07186619417416419,-0.08073222216763419,-0.0690408804912727,-0.0772063439068272,-0.07813746264217145,-0.07544572812930403,-0.06746256922860769,-0.06992268450028633,-0.07034901392811747,-0.08972042104034951,-0.061979946228212686,0.014467164069871478,-0.040598334225562464,-0.00697424778489803,-0.03078106299582989,0.0018647406331002967,-0.027389810682623618,-0.41492723510039753,0.006171979453945467,-0.027151906486784182,-0.02664977327935739,-0.02359565322643761,0.1659746357400001,-0.054766240250480165,-0.05771885795379088,-0.07134252884600006,-0.0866184349806261,-0.0828494250457934,-0.02746544368746828,-0.006880462921427783,0.004124876957351012,-0.0758130372554459,0.00452023959531963,-0.037171382984514056,-0.09951994350349597,-0.09944993064914269,-0.09418197629646678,-0.0987529069606886,-0.23571060800610275,-0.10735260455371913,-0.03491014955547016,0.08492401758663563,-0.76507455646534,0.037062042288602784,0.022681240519943174,0.013563773927868507,0.8268047337753501,0.032573641175285946,0.009039831770893592,0.006171979453945448,0.015586165466310703,0.007237374279594014,0.13179438006890715,0.006741060961307245,0.00423035761898925,0.0057733350339459035,-0.887502485951895,0.08272159999117347,0.7517441612251813,0.0037794744977049243,0.004364178694459137,0.030960863366796668,0.0444075049170137,0.006900538015435215,-0.1794319669710831,0.11301169005701105,0.0030859156611453987,0.05063273397090073,0.06449707698703669,0.00975922485713458
diff_srv_rate,-0.013752404223324504,0.0002814119290638157,-0.0017087500125430653,-0.0015632852010857607,-0.02665242937987641,-0.0027166783454985214,-0.016127040416009653,-0.0043584127225433,-0.2212845269073315,-0.00400894346483393,-0.009809254387221088,-0.006554081609485276,-0.00404630553682737,-0.007899308465309075,-0.0019184774983483674,-0.012041919934965777,,-0.0009894309710560309,-0.014660941170839274,0.22305120896293418,-0.10857284975905077,0.051142421320375483,0.04464666962614048,0.2682575008688223,0.27585766517408467,-0.37693953434256494,1.0,-0.1010164389354421,0.19094398693478623,-0.3004757366408878,-0.3307930343220495,0.4974488082465374,-0.010711821167086227,-0.08559441079657794,0.050086834647561036,0.046981254864541425,0.22599299827648808,0.27862713239661246,-0.055608613670298956,0.2825501303662672,0.006585487715502698,0.005914917272923925,0.011012615307576936,0.0028501757457501434,0.02075695803771423,0.02190659097825804,0.002366787294643194,0.002993260953838142,0.0037068817180205683,0.004131080404212238,0.005536695164863729,0.0062575316456339415,0.0043524003793885815,-0.07268471979349501,0.004202632465467193,-0.03532125175313309,-0.05536052402566912,0.002568574512470829,0.0030984550960732097,0.031061519694274835,-0.009826954323883698,-0.02391468516512413,0.007022459227556486,0.020756958037714223,0.004308149535396215,-0.22169138609510555,0.01467732707514208,0.004641883847316793,0.020756958037714324,0.0017320153558213597,0.0027884117518034066,0.0029337291562316716,0.003005087849965328,0.0032377546647028243,0.003196576540182897,0.004924072551130637,0.003310474236375772,0.005138135584003,0.005042506235690707,0.0035065729816416875,0.00625790071254143,0.005292470539573832,0.0024608675756085286,0.008391961856273437,0.013331406176075805,0.3197383946574226,0.03282002619683707,0.004263172318947842,0.019767142184576342,0.008154353750738223,0.16386778940660468,-0.0027986117594521196,0.007158030160799771,0.006547629715077686,0.01054455960022078,-0.03293258718394433,0.00819253510863444,0.0051156384394591805,0.003582791214222019,0.005972075073864849,0.00494142963464819,0.008132563893430962,0.0012711837589902382,-0.0016907736539351753,0.001117562369508926,0.006779916422639401,0.15425894576845647,0.004620588865484791,0.003182451487812676,0.002095586338610406,0.004873902544615388,0.31039527712117165,0.01042535241727388,0.04886552357294322,-0.009496823423844523,0.04540977449011494,-0.005508427241936196,-0.006034582464664937,-0.002213141188791111,-0.2222921745944162,-0.0050348783541624845,-0.0021587930776892205,-0.002798611759452108,-0.007067364090284167,-0.0032817025587278765,-0.0581503595106608,-0.00020970884837571873,0.008364263069757481,-0.002617851118562869,0.03626508697109856,-0.03265984856761179,-0.2037168095239549,-0.0017137584226832071,-0.0019788856890728076,-0.014038840690845352,0.11279648478283193,-0.0031289681018297727,0.5713443804108186,-0.05124382657284215,-0.0013992722954445805,-0.024814339084255274,-0.026051589255725642,-0.004425206151789057
srv_diff_host_rate,-0.0401882705752414,-0.002551849814617232,-0.0016808541530209517,0.03825035451911346,-0.026198668907673,-0.002908485693396935,-0.027543869692891125,-0.010066834211421573,0.1314350646662626,-0.004197445694680389,-0.012125525366930718,-0.009126446091937402,-0.004470135811375174,-0.0073999762381580705,-0.006333029205538008,0.007338393181289872,,-0.001059288387485656,-0.0323517724405812,-0.2630246355453713,-0.07707523209841828,-0.22403741056527807,-0.2257432598925814,-0.0765716504464964,-0.0737422161634247,0.2770999541512499,-0.1010164389354421,1.0,-0.35988303430269847,0.1532757296498694,0.2915216668773949,-0.11862562065000162,0.24829739725929395,0.3795292749581366,-0.22661599080045391,-0.22696440522473818,-0.07721269257950929,-0.08180423022522759,-0.04443426974005296,0.010511721507224023,-0.17325746495418634,-0.052058160301485926,-0.008990913826927951,-0.031025401774428873,-0.0014980659963704456,-0.03142619578409374,-0.028225701793594706,-0.02852569523618563,-0.024668881695298035,-0.02516860397471287,-0.0241355794085915,-0.02459996510688612,-0.02525841911456778,0.0028952760084831517,-0.021977973801200226,0.4959275864008027,-0.0472577296653866,-0.023325272261781986,-0.023032585070866335,-0.035558101174029855,-0.04103879124243891,-0.06098556940125054,-0.02404164403837126,-0.0014980659963704493,-0.022661491855464615,0.04485101803516649,-0.001059288387485653,-0.024368859825764973,-0.0014980659963704543,-0.025841559948359426,-0.02777998568508446,-0.021926507228560148,-0.01824622996334856,-0.021352301100260075,-0.022983447031212578,-0.021900729208661304,-0.022157178292583055,-0.022385505356764434,-0.021246254947789273,-0.019702538129970897,-0.02009945319366189,-0.020043226857096984,-0.026484445733850663,-0.018215309519316596,-0.011120616847599017,-0.0709773002165545,-0.0023686787416603333,-0.009298044934219287,-0.017196802656069387,-0.008801504551269584,-0.17160347410800947,-0.002996203903648094,-0.009358264539313573,-0.00976943949110701,-0.007191882418189181,0.2871545546519557,-0.01659669230929718,-0.018673791915422087,-0.020680708134942067,-0.02462295836582009,-0.023154980821445053,-0.0514779918600812,-0.0018347559852168807,-0.0029962039036481127,-0.02705609953737734,-0.0033498846024029734,-0.020489707499656683,-0.029581066597229245,-0.027820793845797033,-0.026226459394829513,-0.02782079384579692,-0.050282287520433185,-0.03687496024269603,-0.010702613064615991,-0.04869795158827495,-0.2217971180014382,-0.00018319494081047713,0.017823134812839737,0.0005184664690663926,0.25448330222857335,-0.016494482558144445,-0.005802634597335192,0.0008526086664480956,-0.007566345637008592,0.004954977203250027,0.40030520595797664,0.03142920207245278,-0.0031779668598372166,0.0013118563446459838,-0.2574458252129309,0.22725032326282266,0.11926426155655168,-0.001834755985216899,0.0033243536449378305,0.03133756318519652,-0.05679851543391561,-0.0033498846024029925,-0.0632727855312531,-0.054861826652750696,-0.0014980659963704569,-0.03162474120179218,-0.02744605125962964,-0.00473764176172613
dst_host_count,0.05080943841305574,-0.005097343653985798,0.0025407779744659703,-0.025592524169739023,0.04103312666714512,-0.006965794510033479,-0.011746537595789364,-0.025136047226244965,-0.40082514545479125,-0.010806423547795766,-0.02977558313690286,-0.012664059838579853,-0.011398590466320465,-0.0013248102838159142,-0.009980347325062889,-0.007368535230059419,,0.0020769386540033146,-0.013705014553011945,0.46801795769009996,0.150361971525669,0.395487486593651,0.3931995705770753,0.06859753588155851,0.07113699202711365,-0.5097852059761491,0.19094398693478623,-0.35988303430269847,1.0,-0.3030453843937217,-0.5181439667233664,0.1444970182399549,-0.3135565700716215,-0.45605119418098494,0.41079046211065595,0.40740311656980027,0.07205580340535232,0.0672455165326456,0.020849595725455843,0.19583166364277932,-0.015235947873159636,0.16475795956288294,-0.014131068508114868,0.0606460585876186,0.002937246561812176,0.0389297830163996,0.05344406325530727,0.05580980230122849,0.04830416113814874,0.04448745199248871,0.04600836201477104,0.04719373269778841,0.04634755611330247,0.12893106173968163,0.04166376180678554,-0.31674629640775376,0.059091378442968204,0.04573368324242367,0.04515981370177246,0.024151426829047775,0.009278889015244322,-0.09026822021152497,0.0438453719233176,0.0029372465618121464,0.04435732196459064,-0.3594268837813558,0.002076938654003318,0.0477798374116565,0.002937246561812249,0.04999584896015924,0.05429204090506701,0.04299113532092522,0.03577524378480513,0.041304877006317665,0.04308664378696272,0.0422405509726532,0.04080808628662829,0.041275688007739404,0.04121679386363205,0.038440048468298876,0.03923105900230795,0.037988687622351955,0.05100430166188198,0.034285601505795606,-0.021553759645692807,0.10351060608273645,-0.0006973885652763354,0.018074626583632323,-0.009700725246091134,0.017257042776904322,0.24376682555006846,-0.004173857646632179,0.014687354245936946,0.014555625830967159,0.014061242900036268,-0.11801781006284341,0.03238423237890809,0.030495736080012097,0.04013696615168188,0.04801447642092546,0.04454366441169461,0.005752020964212251,-0.005783761792547382,-0.011904241983723106,0.029064102012151677,-0.003303069529803205,0.04249563869556793,0.05775798973961669,0.05440177527300558,0.05020948043073382,0.052710160595542316,0.02827154979905108,0.051180519660396225,0.01643559875591299,0.056980447879538494,0.39861046770014197,-0.036279659267366815,-0.02397005962428062,-0.012474829785807166,-0.4001281068807973,-0.019144529346645636,-0.027962895143998762,-0.014565026162330491,-0.0318445415483692,-0.014513523567611136,-0.3043333745845954,-0.021640111209709937,-0.015348830234387205,-0.008156185507747079,0.46565191702992925,-0.14797880892399515,-0.37483407684968617,0.0005361734293248744,0.004153927155830415,-0.039535806676665834,0.08616840360369102,-0.0002921395389998792,0.11505871328108373,0.0806889473020689,0.002937246561812211,0.04768098486846585,-0.07456945001769627,-0.019116396884367982
dst_host_srv_count,-0.10983264508757484,-0.006592939176139207,-0.004241931583690386,-0.01420854598134436,-0.045103505836021594,-0.007925000893676877,-0.051659846948520494,-0.022957991553937542,0.6244165367503045,-0.010245723240406629,-0.006313481114430029,-0.020938899173515088,-0.011043874814272176,-0.019361942030969578,-0.01194191199765812,0.0022485477921605095,,-0.0024939353504529597,-0.06596690193998381,-0.39582200445249854,0.20240734420519962,-0.5576240757357261,-0.5548078354927939,-0.2510447904449022,-0.24941996367258173,0.7052914944150065,-0.3004757366408878,0.1532757296498694,-0.3030453843937217,1.0,0.8965542672580867,-0.39031786893597253,-0.06859415688963015,-0.004592959586516964,-0.5723862149072725,-0.5673697576505619,-0.25016735647646815,-0.2527545302740016,0.27293740946716694,-0.6239886991972197,-0.10202987671185726,0.12957412382792777,-0.023059375972512414,-0.07845983907896252,-0.004141274592244526,-0.0842456153019427,-0.07172634096920702,-0.0722632833883133,-0.06299603996057529,-0.06427347516212722,-0.061844796626375605,-0.06277119675722918,-0.06498609719250793,0.2485414539002677,-0.055690847276727004,-0.03169734121544477,0.05026222692990611,-0.05826488951921857,-0.05772891254545563,-0.09725293101651483,-0.0905139878632793,-0.13380092953062717,-0.061019090630580496,-0.0041412745922445385,-0.05732571695108771,0.7346021745132234,-0.0029283116335211373,-0.06095099692034424,-0.004141274592244552,-0.06823123444973968,-0.06972315822691816,-0.05501901341613572,-0.045555637068463446,-0.0538455990033366,-0.05816677454007427,-0.055197909697232476,-0.056242864230159305,-0.05697210787706015,-0.0542513937402576,-0.050015121417184664,-0.05099853867363574,-0.05103757613747002,-0.06662834731648426,-0.04624087522689914,-0.024949621527885324,-0.16243807237549499,-0.00654800864167125,-0.02378996572678907,-0.04555808134309914,-0.02246025820363764,-0.39048174757415577,-0.007966554871315446,-0.024275504429793208,-0.025199179506214746,-0.02187763957403959,0.02677610098209995,-0.04164800618779797,-0.046716671159376305,-0.05201614962553408,-0.0619663569351456,-0.05864171752945306,-0.11119183688777745,-0.005027768176288996,-0.008237577532479364,-0.06813822117534735,-0.006585855700525347,-0.05757891963230056,-0.07492987840048777,-0.07005948673023799,-0.06648675672368631,-0.07062784804058583,-0.18143447691487316,-0.09147691598002473,-0.028361447889131967,-0.13328252666821697,-0.5526663068485562,0.011940976532456779,0.023961709666870803,0.0022575619980842302,0.670648704264336,-0.04786324764024789,-0.014235299372219493,-0.00671081654125599,-0.01639667938650026,-0.009327280008797335,-0.053216802960691076,-0.012063240985967083,-0.008589314578744919,-0.0077091390600633,-0.6388460182511577,-0.0203334043584266,0.7223665053489353,-0.005042520486306511,0.006753145753850236,-0.022406454385776958,-0.15800510056413666,-0.008856447884622535,-0.1575365465653647,0.06189672028578691,-0.0024609744223293944,-0.04247874119774176,-0.054457705830584284,-0.012222571294786795
dst_host_same_srv_rate,-0.11605753103790944,-0.005948382276242627,-0.004442620498921987,0.01164714937647874,-0.048593289419738346,-0.0045042213670002116,-0.036271615722410326,-0.001956416351778459,0.604018434265805,-0.004941458262656998,0.007799716185852747,-0.015574998490311286,-0.005863468822712344,-0.01738112866581476,-0.006151660604464767,0.006829089689204445,,-0.0028420049046685328,-0.054250249452909446,-0.47381684392120077,0.18130834697052814,-0.622611457410352,-0.618895985392727,-0.2577048918818146,-0.25560867009739907,0.7889197082103703,-0.3307930343220495,0.2915216668773949,-0.5181439667233664,0.8965542672580867,1.0,-0.41936226691481354,0.13626946552320993,0.1995000166888944,-0.6389999582645166,-0.6318330914843081,-0.2571133148659581,-0.25813565395081906,0.1267305246325243,-0.5254351010717059,-0.20088405881984334,0.12143776559502543,-0.011756147091725894,-0.08839383076415123,-0.004642909274437277,-0.0902530962297468,-0.08065466684773498,-0.08140359892379406,-0.07089914486352189,-0.07213110639187657,-0.06952995181008129,-0.07062107946728349,-0.07301673749832079,0.23260468253627595,-0.06273466468250082,0.18247873097016162,0.05892827066931591,-0.06578280019616833,-0.06515135232689187,-0.10352362844248895,-0.08339234154415132,-0.07818059799761641,-0.06868879784736116,-0.004642909274437283,-0.06460339520742407,0.6839903141570965,-0.003283019500126657,-0.06881239401829715,-0.004642909274437299,-0.07444381358669837,-0.07867223333757334,-0.06207701129114974,-0.05143188630729009,-0.060701641527272365,-0.06552795571266766,-0.061950495934440054,-0.0632939956554799,-0.06407405422258983,-0.061067455316128574,-0.05631502254229259,-0.05745194218799085,-0.057451171669039104,-0.07511564227858278,-0.05184889584164792,-0.008950579646927501,-0.1769140255046777,-0.0072284688751489195,-0.02676310685875097,-0.045531276042697987,-0.025252600363778143,-0.4237633681377732,-0.008550959011300749,-0.027212697081561484,-0.02828889212347469,-0.022801597362860318,0.042647226938166395,-0.04699766467299361,-0.05157311645132889,-0.05865393029598705,-0.06989181387994375,-0.06606391030148372,-0.09420109523231214,-0.0053226564505009346,-6.409847324093282e-05,-0.05917086933025689,-0.0067162274285262995,-0.06497932826024456,-0.08440160604594768,-0.07900968133143271,-0.07481334345567622,-0.07949691521563722,-0.1829954851491448,-0.09558949085790466,-0.031528982278211985,-0.14125826316142476,-0.6170427554627287,0.013522605047882818,0.024842100514740954,0.006147675588546302,0.7334820107300062,-0.05013903298791215,0.01652774213535753,0.006306615736431388,0.021551350080340387,0.008107623831979906,0.13578728831664183,0.008747466348396035,0.005943654357530078,0.0032441122035419987,-0.7138949655944118,0.06350641978420371,0.6935348253743598,-0.005540903821133156,0.005687934801149572,0.004073586109694213,-0.17600967623705221,-0.0042855328702596915,-0.17808252358334045,0.05488117243770211,-0.0029945822226523254,-0.050076972491751866,0.034437697072068015,0.010676551995300716
dst_host_diff_srv_rate,0.25463234300049237,0.0007102919709648287,0.011068698063921953,-0.004535956394193513,0.059440144953067334,0.006860850334576377,-0.012446251480910359,-0.0018138833667517371,-0.2560234910179019,0.0030000115848226798,-0.0051722636356311535,0.003892772999112279,0.003361620655493711,0.006195939169277245,-0.003187500410394914,0.000554496262368456,,0.007436973363903493,-0.007264462090745621,0.1680675141263094,-0.10652643865866564,-0.018366185141357974,-0.028867055071361617,0.3760960154248791,0.3801528231464965,-0.166874874002843,0.4974488082465374,-0.11862562065000162,0.1444970182399549,-0.39031786893597253,-0.41936226691481354,1.0,0.2322732649240879,0.015942196427299573,-0.01788248638899423,-0.02627915150551863,0.40911363513366616,0.3851241802921207,-0.17538419346390466,0.39104066932165604,-0.02959066424733972,0.10436783641440896,0.005737956318547776,-0.0027271216145764985,0.019405869758544074,0.0011947587435353207,-0.0017286349989369342,-0.0049385215629677666,-0.00024505328563741375,0.0038869340705223287,-0.002222684775664642,-0.0011005773986302622,0.002302181187341466,-0.09829265185007394,-0.0008646464752376732,-0.08075335186078852,-0.03563736225018979,-0.0030411034860380287,-0.0020941970950685,-0.00845260276818566,-0.003298339013868722,-0.009897111755902221,0.006615008512856145,0.0194058697585442,0.00024837793835934204,-0.2903811053844586,0.013721967212452103,-0.003462435099008525,0.01940586975854415,-0.0021008744220198045,-0.0017581270383588252,-0.0019213806501849422,-0.0009607876854850546,-0.0016849200289480338,0.0036030271065791387,-0.0009119376750250551,0.0047627165558534615,0.0036150069056281073,0.0016315201171831738,0.0010478120122419297,0.0029078380045858237,-0.0009179816820207217,-0.0033848069281710927,0.002651460668850593,-0.005940092525840042,0.5077096557179407,0.008866738315346973,0.0065634739666879565,0.0066841753898906,0.006886719047127868,0.24720295070963114,-0.0026673336053022467,0.014244883848844191,0.015998574040461216,0.009772641151477872,-0.005013334559984279,0.004096381970574937,0.0076369257290928765,0.0018322147075562811,-0.0007588404877512316,-0.000664218918344633,-0.0029948342549239383,-0.0005966055018246189,-0.0019266192365062103,0.00021867938760101598,0.0008036372121323483,-0.02379817933461764,-0.005186580813722586,-0.0014210173336236455,-0.0008509090053758562,0.00028052675650494703,0.2723886667870534,0.0099588228808275,0.01992508568274906,0.320088797561605,-0.04850353187304905,-0.002528115567409705,-0.008312187208503827,-0.0029513028923843364,-0.2261615094091367,0.19526704436392806,-0.006805167901028029,0.007067769527445845,-0.008873598982210764,-0.004075299806028536,0.04345135573548171,-0.003295689990631307,0.005501231635657921,-0.0031737839702606235,-0.06133232226595331,0.04837152854732341,-0.2426698042313334,-0.001374178056118583,-0.002260170767451321,0.011433211596999332,0.37474734885623195,-0.0032661307918355033,0.5188402243912303,-0.03779916188174937,-0.0013336347937516156,0.05847128443960913,-0.02755021321120707,-0.0052884646623805025
dst_host_same_src_port_rate,0.22923966691605183,0.0012831442809924014,0.011785472754390194,0.03395675656015716,0.03731390317108218,0.0027460821698851055,-0.034552808354888595,-0.005443918615841968,-0.160901290599577,-0.002003244497249481,0.0016499112544787013,-0.005914133384273392,-0.0016086313880874043,-0.006888956417685688,0.013196683492841968,-0.011780000584963137,,-0.0013588992705416206,-0.035590149226539046,-0.1386359422001051,0.1581966458971305,-0.2761478794753128,-0.2752319898403944,0.032450008012523235,0.029572222187334136,0.279802820377616,-0.010711821167086227,0.24829739725929395,-0.3135565700716215,-0.06859415688963015,0.13626946552320993,0.2322732649240879,1.0,0.4055174546785773,-0.27906661831223656,-0.27665252101023685,0.03792007776245701,0.027524188392631703,-0.3414950492590341,0.31906490231312384,-0.4744376594561568,0.1468326207352763,-0.00576403696813991,-0.03712114420175446,-0.0019217814655015917,-0.03364793620198519,-0.03299792500428985,-0.03457451341878587,-0.028754247861241963,-0.029053848365757674,-0.028926020790862768,-0.028289859988407797,-0.029677649874712005,-0.0761770706614926,-0.02543332174827079,0.5034905019940327,0.2764750407123574,-0.027837221207523244,-0.02697087754337495,-0.04344301964901386,-0.045089319282704605,0.15547198814533406,-0.028101454017795343,-0.0019217814655015982,-0.025783390325605816,-0.18143087305723482,-0.0013588992705416158,-0.02933646522037376,-0.0019217814655016056,-0.029138020285823133,-0.03290836199285293,-0.025467299644464054,-0.020846267248166076,-0.02529707827985382,-0.026648432168680968,-0.025870687782778137,-0.025053366879840545,-0.025554198061345804,-0.023050296965270157,-0.021176538826560513,-0.022032152483126746,-0.023394522854530902,-0.031757870757857416,-0.01974637797568902,0.03094620301797722,0.30414638914278047,-0.002874981495934899,-0.007954469955619638,-0.010805889988601363,-0.006884275947823168,-0.03213211510903746,-0.002776230805960722,-0.005332060114700037,-0.006874586209829542,-0.0037624587533959535,-0.09705104744524164,-0.01606052981687327,-0.01948656521505466,-0.023127072145738753,-0.028634649711358137,-0.0265238222655782,-0.04217014527090612,-0.0018255008504124914,0.009741745959505306,-0.028551844033730896,0.001026032982943159,-0.006490289575025574,-0.03600288571711405,-0.03247431123709402,-0.030495577216845964,-0.03302421520372907,-0.06932784085490937,-0.03839218592417167,0.03275003128404742,0.24580904634607098,-0.28580244553505646,-0.005578693934090997,-0.0015366542667491238,0.000652427099638773,0.227877308925279,0.11204023972877869,0.026667692535118862,0.018798680053382116,-0.002633533836952205,0.015712854291936442,0.403977002586504,0.027164028550337085,0.016111792099053276,0.013694302546542723,-0.3311376159992606,0.2798369544799689,-0.09238390768637252,-0.002300881352946476,-0.002717831155513675,0.054276763292586586,0.28390902205910923,0.0029355150311363718,0.061653207603719215,0.2562201577976948,-0.001921781465501611,0.029039936416133963,0.128633667123855,0.03074767544628267
dst_host_srv_diff_host_rate,-0.026680527597580717,-0.0014939819243083802,-0.0012857644218963646,0.0706984428542563,-0.01620215995600716,0.00519058802729587,-0.02467693289693104,0.0034205138460605025,-0.05607011645219582,0.004304951470037463,0.01352703037548824,0.009676174996608233,0.004552661548761052,0.0009741896549678513,-0.0019900010122280844,0.0001224770286300346,,-0.0008179955549282944,-0.02477776168661444,-0.20568092417114323,-0.059224231103346896,-0.17288916755800138,-0.17110411066294318,0.03364548488724613,0.030538359022704433,0.2163584405896675,-0.08559441079657794,0.3795292749581366,-0.45605119418098494,-0.004592959586516964,0.1995000166888944,0.015942196427299573,0.4055174546785773,1.0,-0.17478968562931532,-0.17333825324843877,0.03941454316434284,0.03995086776058002,-0.2326327718996377,0.23957466264857524,-0.2229407972656426,-0.10123881926975427,-0.0069428945243394415,-0.023958197825227703,-0.0011568250350869102,0.011477297224556688,-0.021796234976855473,-0.02202789361245086,-0.01904961463771232,-0.014127287040511584,-0.018637792035754053,-0.018996396398328508,-0.01315744577912063,-0.07461420945020741,-0.016971662380237063,0.6666176786303787,-0.02785098897067123,-0.018012062865069418,-0.017786046207111942,0.042927869028092355,-0.027213967010777506,-0.006314279760035177,-0.009677483611143614,-0.0011568250350869119,-0.017499483450218307,-0.023414165093717937,-0.000817995554928292,-0.018817934050481978,-0.0011568250350869164,-0.02081199795620078,-0.021452047501727353,-0.016931919258208836,-0.014089963772420347,-0.016488510205384728,-0.011939542717882794,-0.016912013153373838,-0.011086475649804172,-0.012516313348928453,-0.016406620058789192,-0.015214542896458783,-0.015521045603010807,-0.01547762693258708,-0.02045161557604901,-0.014066086624258338,-0.006645483774881826,-0.05480954645010519,-0.001829122932547497,-0.007180064952631293,0.07211312220188883,-0.006796630346065363,-0.09031503468905694,-0.0023137056006630905,-0.0015382114948108737,0.0033544189954821404,-0.006596579954988277,-0.0489624474045505,-0.012816170455471194,-0.004424163346014539,-0.01596989783613653,-0.019014152076408396,-0.01788056171497296,0.03987008903575549,-0.0014168211962068873,-0.0023137056006630975,-0.012986876942425746,-0.0021897624226853117,-0.017360204671350507,-0.022842864391260008,-0.02148356006663627,-0.02025239534382094,-0.018599377827683766,0.06285234066893977,-0.014714739815831318,-0.007617965687782595,-0.03880171544792414,-0.16943797684419257,-0.0009980690367210718,-0.0015321921746466703,-0.002458280477653116,0.13423857843802053,-0.013297999899660696,0.005835875003819431,0.0060320425156035655,-0.0023258280505351007,-0.0027130928626289304,0.76792628556077,0.05643167844344403,0.013199184105271435,-0.002164264755289529,-0.19699687384003853,0.12771348453665238,-0.062321695690297156,-0.0014168211962068845,-0.0016360107422603491,0.04969142841404816,-0.04272713827139067,-0.0017927026478833671,-0.0486638084786081,-0.042364979043824726,-0.001156825035086921,-0.024421015121506785,0.045841814772181806,-0.003658465388385165
dst_host_serror_rate,-0.06500526447496191,-0.004423722021380163,-0.003033103706313369,0.019916933620565312,-0.05193277972901438,-0.0047672327337037815,-0.058150055644483424,-0.011561110593701993,-0.4914071373973473,-0.004322324612662976,-0.0173890741884637,-0.0055712320957880725,-0.004734973161064125,0.003428645311960795,-0.010938542116477106,-0.017845219833322823,,0.001879389394778702,-0.060717306888034894,0.4589081968333556,-0.14584250999764173,0.979374292960502,0.9775484113596191,-0.2262472495516176,-0.22645589583191184,-0.7604483064261659,0.050086834647561036,-0.22661599080045391,0.41079046211065595,-0.5723862149072725,-0.6389999582645166,-0.01788248638899423,-0.27906661831223656,-0.17478968562931532,1.0,0.9850027081174237,-0.23546697668595193,-0.22790617201885174,0.004758998117673188,0.38178272332479524,0.2991947558892066,-0.2316110991357379,-0.013659449859488986,0.09325560832588192,-0.0017488320821031763,0.06171012418457049,0.08255358499025937,0.09050060569330694,0.07419525717312987,0.07179181079459106,0.07771031608380227,0.07060987824078965,0.06697167568383569,-0.17769419659587746,0.06283465920101937,-0.12406003404175932,-0.09521752338845033,0.0706908957351923,0.06823960119063101,0.09449728692148956,-0.014618019733006558,-0.04480694434022635,0.06588221230662136,-0.0013441350804415137,0.06459225587391083,-0.38889729524877914,-0.0011730143335774174,0.06954565237895927,-0.0011193034128517082,0.07918823842083138,0.08717383818942143,0.07207470159790154,0.053313953738595335,0.0639345147666795,0.0638711954573032,0.06951230430969813,0.06555124066034582,0.06055371338996366,0.06420635071613456,0.056215658450545755,0.060186106617131585,0.06632265190918722,0.0813127391848534,0.06087862079283061,-0.023321853233795372,-0.10406286676227139,-0.0037321241160009457,0.019751461792186575,-0.008636958248983594,0.024965594558456105,0.3220768782337792,-0.00511657497209066,0.01851211236344407,0.019437381585307327,0.02344008757678243,-0.12197316350028747,0.04448043519556757,0.05426796829247206,0.06209049206423623,0.07810726869880565,0.07069609136591878,0.09563338526505756,-0.003133186810959053,-0.005116574972090684,0.06390752367605135,-0.005720550492300518,-0.04445332479282968,0.08725912381217063,0.08399461423441244,0.07957358010774648,0.08495872540536947,-0.18914167163033332,-0.06956881443860309,0.0015149655572851196,-0.08694008097543156,0.9758330283552182,-0.01988541538822476,-0.011766835978573262,-0.008015428670970085,-0.7418111221261335,0.06360829271070732,-0.009909076921221198,-0.005116574972090729,-0.008236171316123893,0.006214304404250269,-0.10975224327441438,0.015963646118723453,-0.005426968998130799,-0.004786098489245531,0.8574852110616916,-0.030341707231411875,-0.6517385855154065,-0.0031331868109590903,-0.003617906969461307,-0.01776143188588006,-0.09089717811301566,-0.0057205504923005775,-0.08734957043665474,-0.08985271672624813,-0.0005797074106362035,-0.04988202502108666,-0.05171802737981927,-0.007521578653656012
dst_host_srv_serror_rate,-0.06440863749080153,-0.0029791846174850203,-0.0029532230221477503,0.012322745185698227,-0.055941221934889485,-0.004852991270024644,-0.058145453418677044,-0.012222113827555824,-0.49312901822304117,-0.004842569600677918,-0.015717207808026958,-0.003989007465395661,-0.005217876590210323,-0.00023867411762146213,-0.009151297689390334,-0.019645861013781855,,-0.0006885956266774261,-0.06043430600896495,0.46063899603437763,-0.14512649831400753,0.9811162701907348,0.9862226389389411,-0.22498782204007076,-0.2307893081212695,-0.7651068380445869,0.046981254864541425,-0.22696440522473818,0.40740311656980027,-0.5673697576505619,-0.6318330914843081,-0.02627915150551863,-0.27665252101023685,-0.17333825324843877,0.9850027081174237,1.0,-0.23443334618833844,-0.23295636375928427,0.016276322387939725,0.38444359811754475,0.29766305386962555,-0.22970921786029525,-0.01147813346591173,0.09418732328699272,-0.0024996173159151807,0.061861482616044794,0.08344618133718959,0.0915439112598278,0.0748862610226561,0.07302143592798764,0.07845824625669354,0.07134391536480043,0.06814297639686077,-0.17377982721878563,0.06354251984469364,-0.12150954122372619,-0.09892510399222974,0.07160479165366149,0.06879919299213312,0.09298489114359478,-0.014067252348971892,-0.0585944565003839,0.06704935409497081,0.0019880066439011117,0.06520638497750554,-0.38411533748234,-0.0017674892843988202,0.07041760518081396,0.0019880066439011863,0.07998675819612319,0.08796419791129792,0.07293768663901698,0.054128151639321304,0.06450239257849077,0.06558549881782727,0.07002863443063219,0.06644843275621737,0.061352138250998604,0.06485845047245825,0.057110949851794414,0.06071936619853007,0.06696252382467194,0.08208515136392394,0.061351467540295,-0.022787551309293524,-0.10655788195656266,-0.0039522894270609,0.019935322343753465,-0.007116433047179364,0.02581825649123851,0.3276817791134393,-0.004999354619700952,0.020088613482882173,0.020194809558523413,0.02354062508459551,-0.13924407499347183,0.04495543110832082,0.05491614426809107,0.06265877151622512,0.07983891959612063,0.07138402671025318,0.09414490232234903,-0.0030614057339521028,-0.004999354619700893,0.06483783569875119,-0.005589493105625158,-0.043434902425223715,0.08807863639245425,0.08478555030852487,0.08039683629219921,0.08587893609402425,-0.19518304142791854,-0.0686670872435589,0.0130147513322495,-0.08608424095428474,0.9812218578522999,-0.013126703313831528,-0.01648833905747118,-0.007943749651110818,-0.7456661279571214,0.07342629802667905,-0.009682060705315163,-0.004999354619700984,-0.007949539851349602,0.006327287115438209,-0.10723132166874118,0.009569690335670731,-0.005302637541670357,-0.00467644932851947,0.8617513659779085,-0.02512914475630175,-0.6548532546006808,-0.003061405733952106,-0.003535020989643383,-0.025078556475716048,-0.08419749655854211,-0.00508774543760571,-0.09741756690175546,-0.09154040757630337,0.0003275857787691028,-0.052767869313407205,-0.052079405349808115,-0.007905053190517162
dst_host_rerror_rate,0.1744335721964574,-0.0014828028741606096,0.011778734595024003,-0.005241730717460049,0.028875237469938246,-0.003009918934817891,-0.030492967865785266,0.017864411311588925,-0.276028959837764,-0.00361226798784946,-0.009081656556404015,-0.004790498817806376,-0.0037894470569635533,-0.0052467663887100354,-0.0045682386165726944,-0.01317214548732555,,-0.0010962309982009766,-0.030619625153380032,0.17871047201059684,-0.10117412259850089,-0.23171167845251048,-0.2349595153486653,0.9268122776276931,0.917878596669791,-0.21498959555741803,0.22599299827648808,-0.07721269257950929,0.07205580340535232,-0.25016735647646815,-0.2571133148659581,0.40911363513366616,0.03792007776245701,0.03941454316434284,-0.23546697668595193,-0.23443334618833844,1.0,0.9247136295211335,-0.10051363127791543,0.2936990542920024,0.13741432244565027,-0.09258302625213041,-0.005692852527594345,0.02569137001349448,0.010325542304295048,0.009904991570313038,0.026529172799873425,0.016750352240523986,0.019568529978331944,0.023688096175531588,0.008903739467443467,0.02244288283300195,0.016982018406785312,-0.1041374547438979,0.01924752184015438,-0.0748694244337312,-0.04809164067865008,0.018431850579952808,0.020170427414310584,-0.023890641896714228,-0.015053857025554247,-0.06665688277528313,0.0243604216435784,0.009346763190222237,0.022750315566039566,-0.10451046063021335,0.007024392345294906,0.02544868363799392,0.009412015131160422,0.021749110379313197,0.01681466223144702,0.009177039744142553,0.017160843386161608,0.017695480592394088,0.02410560270404009,0.011811682386602868,0.017162012130203443,0.025214089652681126,0.01614707557927186,0.020186668916538898,0.016169752783313895,0.004299355231244851,0.019670458049653828,0.002956173892433038,-0.01409027732232463,0.1292184624989198,0.003120088993755901,0.017328539959605576,-0.0035845467285439948,0.008293259253565098,0.1738212517513433,-0.00026216875432588584,0.014929475091185392,0.01718396947031167,0.0055050276135893235,-0.07036828111402478,0.020734472090569115,0.011714699367382803,0.016559619689653134,0.012136026696696903,0.014854800287598809,-0.018805338475036973,-0.0018987429758421327,-0.0027744287763750482,0.019637659766348514,-0.0034667116008576244,-0.02687124725401262,0.02596718421433369,0.02210468184375713,0.02036974288457674,0.018529333192007173,0.8128964831432006,0.27298243757045637,0.007498151089109513,0.27061125775623013,-0.2325120526908903,-0.011543344888181786,-0.009297749189034876,-0.004474155412624809,-0.39490286852313405,-0.017937057618085818,-0.004926609660017945,-0.0031006963117061097,0.049967441625988714,-0.003552458777495337,0.0016912389940047523,-0.004368454023112464,-0.003288798238672393,-0.0026213895950984007,0.1100084264538175,-0.042410074495550495,-0.2526211048915559,0.001777452809775855,-0.002192488306629991,-0.015423922600473554,0.3010164135557156,-0.0013363899045986084,0.24311485027210694,-0.04308337514510395,-0.0015503109464554245,0.03180440309685359,-0.03151174993561843,-0.004655235160518824
dst_host_srv_rerror_rate,0.19917864917768513,0.009798954808716643,0.011266381080871005,-0.005324174236327615,-0.033698899437046514,-0.0029234339029592746,-0.031657998572049456,0.016582010668760687,-0.2726798488453904,-0.0031880912335009153,-0.009729475433850408,-0.0051704571338270534,-0.0034607992999923904,-0.0041879285312136525,-0.00680780160010121,-0.012806564547111206,,-0.0005335674501956313,-0.03305432494762601,0.1679100731557756,-0.11281665441538159,-0.22659805660784219,-0.2331485271357878,0.9643314306883405,0.9701280722815245,-0.2142258588232206,0.27862713239661246,-0.08180423022522759,0.0672455165326456,-0.2527545302740016,-0.25813565395081906,0.3851241802921207,0.027524188392631703,0.03995086776058002,-0.22790617201885174,-0.23295636375928427,0.9247136295211335,1.0,-0.09113500941458058,0.3099687143947817,0.17931173062597075,-0.13837645236720833,0.008025791982739259,0.024507170896706537,0.011013967803717698,0.014154690349696167,0.025422762378500274,0.01563444672001222,0.019491490738981918,0.024603681271679625,0.011829225472281685,0.02370364615402496,0.015263618850282403,-0.10468468008169975,0.021366148569540007,-0.07319714637456279,-0.05959231879335008,0.017317748681023027,0.01935200495634982,-0.028974372061005484,-0.01687717590334843,-0.07825699669726648,0.022767595417708463,0.004754101236387498,0.022907758109940585,-0.10032224143054916,0.007788020169262314,0.024217403509079232,0.004754101236387518,0.02082583295769492,0.016880948105567693,0.008430211887122598,0.01617598535847276,0.017311588190948874,0.023996626747368844,0.010210334427518116,0.018641221305732397,0.0268973891855307,0.016282075448802183,0.019332617043029965,0.014889815977130865,0.007302311287815651,0.018572143418831375,0.002848483539556916,-0.013727183165255053,0.12506022257551508,-0.002380852604607799,0.016892630463207912,-0.004716672274726579,0.006077766772708268,0.18708983914051294,-0.003011602942379818,0.01899972564049111,0.02091758728496196,0.0034952833848560386,-0.08803675711847836,0.020116748013886545,0.013701158880425517,0.01468948422466798,0.012352191990384112,0.016770048452988216,-0.014555575381751179,-0.0018441857434670533,-0.0030116029423798104,0.017069724663585136,-0.0033671013888427323,-0.02616511327888321,0.024814088473014702,0.02118101597973771,0.019630921762066322,0.01999476230132955,0.8290348251713917,0.26725022640264584,0.031974082526768866,0.3600329329413089,-0.23123598747652127,-0.013363787048784218,-0.009089723369823667,-0.003981513493803854,-0.4293075538075073,-0.01742200255932152,-0.004797915472769217,-0.003011602942379839,0.04784226073934781,-0.0035314598563021458,-0.0038392637328672837,-0.0045175851321553806,-0.002899198869220387,-0.002817085329806414,0.10212091066756465,-0.04119149129669832,-0.25329393353551705,-0.0018441857434670426,-0.0021294907890373666,-0.015107280882871563,0.39632055676296607,-0.002667204632698444,0.22859856309905333,-0.05514378990381429,-0.0015057653309426607,-0.03178727707395121,-0.03166532915717304,-0.004761990948674631
last_flag,-0.15601821340733052,-0.020968277594843078,-0.018132522689278945,-0.037150603694468376,-0.15695212922170532,-0.016460763195906922,-0.1607907550600898,-0.0721438272275665,0.2696888329150544,-0.006127423485895241,-0.062045460732824985,-0.024741356325856816,-0.005173522754040346,-0.03530205831896812,-0.029952001749768774,-0.002092608272828386,,-0.0030877541759756696,-0.11473691654325012,-0.030683678511682078,-0.11490945059743037,0.009068504226025877,0.013228776934273233,-0.10403579704006082,-0.10356646345149274,-0.016173580876260526,-0.055608613670298956,-0.04443426974005296,0.020849595725455843,0.27293740946716694,0.1267305246325243,-0.17538419346390466,-0.3414950492590341,-0.2326327718996377,0.004758998117673188,0.016276322387939725,-0.10051363127791543,-0.09113500941458058,1.0,-0.5572042237840875,0.2663802534766578,-0.10497716314042926,-0.02170045328641306,-0.02284976209839269,-0.0043667613001586595,-0.013681181684509843,-0.012122158364399976,-0.016950780161706164,-0.004299904163951017,-0.0074522277758237235,-0.0084939001240452,-0.005404786028528865,-0.023171237529814138,-0.03690968831524754,-0.00888575223744282,-0.2775172406556049,-0.1043502546835309,-0.004956347357928508,-0.008262122655398474,-0.04807846998673109,-0.10798574736805142,-0.09071691641447949,-0.014801492742337764,-0.004366761300158669,-0.005992026063219811,0.32316420624026776,-0.003087754175975641,-0.019560432285682047,-0.004366761300158778,-0.01009618698693016,-0.012594678576203123,-0.005497941001953924,-0.007895827360098188,-0.008402691100976396,-0.01067583450802903,-0.008766613623266296,-0.010502229740559062,-0.01294562344376295,-0.006160878196052838,-0.0064949508250894674,-0.00584898115039908,-0.005015002806264607,-0.0047652866351995254,-0.005644156554840646,0.017284924222400386,-0.03542523428124706,-0.04275937741935257,0.009453992482633634,0.010324487021480788,0.009099580241390947,-0.010923365125386391,0.00042423177975414164,0.00708769345948075,0.005113725169030058,0.0021850671797681385,0.0909635168665638,0.0018667962830411279,-0.00792966814653989,-0.008256534843508724,-0.008144464851109172,-0.008248063318985666,-0.12517267903623558,-0.018166412877109094,-0.020508257352848745,-0.024693697400822247,0.004667422373014729,-0.017275700355299427,-0.013205784206229766,-0.01064062905131286,-0.015172486810293618,-0.01224617440450972,0.013711667277727194,-0.04399140282845621,-0.011526967956186207,-0.23532444435180516,0.025340231822893317,-0.07757758207328604,-0.0337666480153601,-0.04114653661887669,0.0625980834145296,-0.028880683594863114,-0.10069521637918648,-0.039696372391068005,-0.08251735835137075,-0.01656373829624398,-0.28511784551255154,-0.00961223465655884,-0.051612478829011606,-0.03287831699509316,0.04269154202785319,-0.19769541613831054,0.37948527192273346,-0.036681623843892425,-0.04009515537069912,-0.06940973789521493,-0.2171937756597855,-0.06281244312352366,-0.12673926545133257,-0.07141990371184936,-0.021810083582489467,-0.14902118579275236,-0.35599902875694145,-0.052425126372944345
attack_class,0.12934066106253828,0.012265206637431657,0.008682207408531999,0.002948548330765555,0.05476241201476235,0.003951819806442823,0.06611235246468317,0.02204630957110241,-0.575672411697888,-0.008941915136692569,0.007974957789419925,-0.01942046040906996,-0.009951878220774462,-0.014432106321915139,0.005219352995985522,-0.0301390188081921,,-0.0023432956933099143,0.031210788059861445,0.3882245534910014,-0.039110641607904284,0.38130099266803796,0.3783061112415849,0.30850198240959525,0.3096861485730087,-0.5106466051089821,0.2825501303662672,0.010511721507224023,0.19583166364277932,-0.6239886991972197,-0.5254351010717059,0.39104066932165604,0.31906490231312384,0.23957466264857524,0.38178272332479524,0.38444359811754475,0.2936990542920024,0.3099687143947817,-0.5572042237840875,1.0,-0.05774969494606883,-0.15507674805198002,-0.015087095841222895,0.05221734815195502,0.008207823091887213,0.024391884201343143,0.047795112564713374,0.047811102950536886,0.042402328392778216,0.04541592914534999,0.04265456424359817,0.043352600752463284,0.03868298413705529,-0.2295897723313442,0.039445054680548625,0.33848253462292105,0.08594818454675014,0.039399532643642134,0.03931395466777602,0.025210279067348577,0.04840524181628025,-0.03853651548933537,0.04521696146736913,0.00820782309188723,0.03949975452884566,-0.5113645270354289,0.005803784151591364,0.04104889995168744,0.008207823091887249,0.04885008034284062,0.047250091859412625,0.03739456377808086,0.03146278350375292,0.03629610665714152,0.04149870424613255,0.03794740473267408,0.04068642196845137,0.041013847147139286,0.037352423322458105,0.0343783178856259,0.03562941849277024,0.03619309169386981,0.04440594728580163,0.033314681957178315,-0.030211199193950024,0.05969520947952564,0.012977863538833232,0.018902362392409878,-0.015662807748009124,0.0178101091004106,0.3987099150491857,-0.0066280266890889755,0.023590646632071294,0.02391317375640335,0.01597480682218597,-0.18976351064883357,0.030235117155250308,0.03513477748455992,0.03629134749188524,0.0430352198923421,0.041001526777230596,0.02781563102014765,-0.004058739668277043,-0.0023072641511777043,0.03649830620446872,-0.007410418404121552,-0.05658559097062697,0.04993237733068928,0.04746998539271794,0.044657059284001814,0.049029549271918924,0.19871943999619734,0.06362019936095854,0.05863904185004213,0.25571112203025553,0.37323470742605336,-0.04327553416520801,-0.021837494635354265,-0.009530524164079452,-0.5482323125540073,0.09511367790917254,0.07642089448456317,0.02793807361420063,0.07055231492751556,0.03276068835056957,0.35213647206374177,0.007341303794832131,0.041853931347426356,0.026133570336939287,0.4265646651275045,0.22453198151577894,-0.8877076020107887,0.02416379856411727,0.01975488521002531,0.02455009374048131,0.31678963912177277,0.044118093848832,0.35405790513513014,0.08961144112167414,0.013968701540829392,0.051655929215226166,0.2952199795030868,0.044176093668277176
protocol_type_tcp,-0.004646113386332627,0.003737164964411577,0.002344825280979903,0.006737104842372973,-0.18793471748560447,0.0036992554769525532,0.045240515635323046,0.012803842108186832,0.3853661128895559,0.00551889467386464,0.01747457213279537,0.011607777809379898,0.005860256654452572,0.012511367438155441,0.00889903967925688,0.019590070545847944,,0.0013472916088171428,0.04642117408652832,-0.04827607256240236,-0.5288492717197794,0.30017630834302383,0.3010229071082051,0.17801954245656834,0.17838639443242796,-0.26649729192135424,0.006585487715502698,-0.17325746495418634,-0.015235947873159636,-0.10202987671185726,-0.20088405881984334,-0.02959066424733972,-0.4744376594561568,-0.2229407972656426,0.2991947558892066,0.29766305386962555,0.13741432244565027,0.17931173062597075,0.2663802534766578,-0.05774969494606883,1.0,-0.7717088663643971,0.011435396533866538,0.039460702075747964,0.0019053656871996973,0.04164061716597616,0.03589980937084607,0.03628136613355415,0.03137594794734648,0.03201153655735096,0.030697649474210987,0.03128829406350119,0.03212577096764055,-0.583813896147486,0.027953426121705392,-0.4082116999207668,-0.3323392094054054,0.02966703304118014,0.029294768980715823,0.05684192536795731,0.05654554792531301,0.11421561240679617,0.03057817461017534,0.0019053656871997095,0.028822781577561445,0.32680094618675826,0.0013472916088171653,0.030994355028876177,0.0019053656871996854,0.03427870731102945,0.035332910328050485,0.027887966628076417,0.0232070820492227,0.027157643226507704,0.029232271110180848,0.02785517998535263,0.028181353389063007,0.02847175885491216,0.02702276485621746,0.02505933663439668,0.02556416642488813,0.02549265306521824,0.03368513421173937,0.023167754841186484,-0.07655485292196883,-0.18826067152036594,0.003012683826542711,0.011826031575795752,0.02187233258735301,0.01119448996796672,0.040605390559166024,-0.016795348145190417,0.011902623908524207,0.01242559061792238,0.010864994029248166,0.11830862679366241,0.02110906203315623,0.023750891116785466,0.026303455096624805,0.03131753881421112,0.02945044213795658,0.06576307421157794,-0.010284802544869902,-0.016795348145190427,0.03441221135309084,-0.018777920312788434,-0.14591969631624885,0.037623675740378434,0.0353848135615316,0.03335700559836173,0.03538481356153179,0.14903910950344265,0.05342694382585989,0.01361247885346987,0.06670278324115811,0.2945980314745346,0.025742090618401374,0.015070655073629742,0.009238265927015316,-0.3930835086560624,0.022079708132431604,0.007380276225418217,0.003810822836708517,0.009623511506955363,0.004468639500225985,-0.30131246725293576,0.005716462932789051,0.004042004173689518,0.0035646840945438344,0.33215368343092916,-0.17979245715567646,-0.05314901287399307,0.002333596188076118,0.002694615553473752,-0.08425149224834602,0.07285636426381122,-0.002650911612917204,-0.09476922248150688,-0.30753029771844176,0.0019053656871996824,-0.17727382900707794,0.04026874061822033,0.006025729222149134
protocol_type_udp,0.028027100778714897,-0.0028920755113997208,-0.0018072234438530092,-0.005199083540485709,0.2242374403376299,-0.002854748250511292,-0.03491250703467483,-0.009880838478417623,-0.29739044611325677,-0.004258979952352557,-0.013485282250802349,-0.008957825054286281,-0.004522412019412,-0.009655133182367496,-0.0068674678226111185,-0.015117831132935057,,-0.0010397168801025837,-0.03582363162961982,-0.008852643290359565,0.3418716696033447,-0.23034807085863554,-0.23230204639419116,-0.13734347198861135,-0.13766236222228215,0.18990818897563266,0.005914917272923925,-0.052058160301485926,0.16475795956288294,0.12957412382792777,0.12143776559502543,0.10436783641440896,0.1468326207352763,-0.10123881926975427,-0.2316110991357379,-0.22970921786029525,-0.09258302625213041,-0.13837645236720833,-0.10497716314042926,-0.15507674805198002,-0.7717088663643971,1.0,-0.008824796895577625,-0.030452173664819226,-0.0014703875944785023,-0.032134433467869955,-0.027704201192273615,-0.02799865192907671,-0.024213097221555513,-0.024703586587255168,-0.023689648275795297,-0.024145453942220695,-0.024791742294520316,0.7565209129939231,-0.0215719067833827,-0.07147739011430457,-0.05819220596950226,-0.022894312436604333,-0.02260703296051453,-0.04386541778767688,-0.04363670068739745,-0.0881412007715661,-0.02359744846391078,-0.0014703875944785075,-0.022242796096688895,-0.25219518770859356,-0.001039716880102579,-0.023918618583029534,-0.0014703875944785119,-0.026453182359431546,-0.027266720174614983,-0.021521391111761407,-0.017909110979831236,-0.02095779406745706,-0.022558802799694383,-0.021496089368872907,-0.02174780027648802,-0.02197190874932506,-0.020853707233223634,-0.019338512265974286,-0.019728093891301254,-0.019672906397580094,-0.025995116735873503,-0.01787876182470028,0.09920172782597078,0.2642696290841137,-0.0023249148204956827,-0.009126253420946806,-0.01687907298573125,-0.008638887162707212,0.04455633248473842,-0.002940845771231842,-0.009185360403208708,-0.009588938449664953,-0.008384612225367141,-0.09129981626406554,-0.016290050331622626,-0.018328773258878394,-0.020298609514082584,-0.024168022375637477,-0.022727167316212545,-0.050749947448454104,0.013327309032126387,-0.0029408457712318094,-0.026556208612385678,-0.003287991833632062,-0.02555036776501463,-0.029034524154069045,-0.027306774360085016,-0.02574189697562329,-0.02730677436008524,-0.11501480223886283,-0.04123004625316851,-0.010504870624420338,-0.05147512923838352,-0.22734391290239994,-0.019865399568976195,-0.011630158142239723,-0.007129251725710002,0.30334602885150974,-0.017039106532535476,-0.005695424599373486,-0.0029408457712318233,-0.007426549155477222,-0.0034484887229106666,-0.06308336501523097,-0.004411445129476751,-0.003119250458718098,-0.00275089832154757,-0.256325942499232,0.01575038705320407,0.21727176464502593,-0.0018008568688525105,-0.0020794587140590994,-0.014752337525642222,-0.056751169001726366,0.004998277908384182,0.14401178304693163,-0.05384819461631268,-0.0014703875944785147,0.22971594176730034,-0.031075744172407934,-0.004650108667043493
service_X11,0.003809865974423834,0.01953799753451018,0.001367297932294297,-0.0003395430036576926,-0.0021491080169281055,-0.00018643858828523428,-0.0021248649624273207,-0.000645300185983348,0.011263051270317017,-0.0002781464914496358,0.008220449798200757,-0.0005850198023339249,-0.00029535077651499607,-0.0006305597699916448,-0.0004485022473391647,-0.000987318967216859,,-6.790208114075837e-05,-0.002339578387369253,-0.01430396861155387,-0.008699895243279049,-0.012938264253161523,-0.011814839873695492,0.004849299866222132,0.006976449806408192,0.013219602322130446,0.011012615307576936,-0.008990913826927951,-0.014131068508114868,-0.023059375972512414,-0.011756147091725894,0.005737956318547776,-0.00576403696813991,-0.0069428945243394415,-0.013659449859488986,-0.01147813346591173,-0.005692852527594345,0.008025791982739259,-0.02170045328641306,-0.015087095841222895,0.011435396533866538,-0.008824796895577625,1.0,-0.0019887779131727793,-9.602842818017245e-05,-0.0020986433427264166,-0.0018093126631857706,-0.0018285427230270756,-0.001581314801818811,-0.0016133477997875869,-0.0015471292716343304,-0.00157689713819332,-0.0016191050940109306,-0.006676143404428256,-0.0014088232987249023,-0.00466806265835766,-0.0038004306433025384,-0.0014951872865416643,-0.0014764255691272301,-0.0028647733002066435,-0.0028498361885768726,-0.005756346829767818,-0.001541107864049696,-9.602842818017267e-05,-0.0014526379000460543,-0.01647042423453572,-6.790208114075811e-05,-0.0015620829197650723,-9.602842818017327e-05,-0.0017276108230772503,-0.0017807415472146022,-0.001405524209040985,-0.0011696125456685097,-0.0013687166771393817,-0.0014732757421347799,-0.0014038717967050408,-0.0014203105934582662,-0.0014349467237338468,-0.0013619189490279445,-0.0012629642301240007,-0.0012884071210110767,-0.0012848029228410749,-0.0016976953626920142,-0.0011676304957146505,-0.0008754350997545641,-0.004549758550545521,-0.00015183609866088299,-0.0005960195627862626,-0.0011023425755526924,-0.000564190529473863,-0.011000057359805339,-0.00019206146596459608,-0.0005998797358606334,-0.0006262367083995374,-0.0005475842804480493,-0.005962630453289533,-0.0010638745417846298,-0.0011970199511545066,-0.0013256664931070416,-0.0015783710428941855,-0.0014842713326466185,-0.003314389826193829,-0.00011761079537310919,-0.00019206146596459567,-0.0017343392864903712,-0.00021473296485808932,-0.0016686495894776988,-0.001896193716503249,-0.0017833574156340434,-0.0016811580254263814,-0.0017833574156340304,0.01003835693262452,-0.0026926618194787586,-0.0006860546281043152,-0.0009339748703116999,-0.013356753971365709,0.01107837272354008,-0.0007595451771219502,-0.000465598893714476,0.006226963733068657,-0.0011127940850821547,-0.0003719581654186197,-0.00019206146596459505,-0.00048501486606746295,-0.00022521473446978816,-0.0041198636396801,-0.0002881037240639679,-0.00020371276238712415,-0.00017965633204037609,-0.01674019656615277,-0.0026269393260255594,0.019062847938523524,-0.00011761079537310937,-0.0001358057919738344,-0.0009634492224298349,-0.0037063190529405864,-0.0002147329648580844,0.005807253565904674,-0.0035167309005883535,-9.602842818017332e-05,-0.002027196529772795,-0.002029502206500732,-0.0003036904200225812
service_Z39_50,-0.007723470250745335,-0.0006530857793016854,-0.0004087343880315895,-0.0011716782421632827,-0.007416035896389429,-0.0006433530805825986,-0.007867968374303128,-0.002226770039246189,-0.06702064170055108,-0.0009598141874663757,-0.003039076344832048,-0.002018757465903631,-0.0010191818854189227,-0.0021759045391125907,-0.0015476694236303723,-0.003406991572499975,,-0.00023431315095049442,-0.008073301651886017,0.09347906860398045,-0.01921965861459068,0.09291860729443578,0.09315808600120197,0.0244758980082882,0.02394882309172672,-0.11200396895552032,0.0028501757457501434,-0.031025401774428873,0.0606460585876186,-0.07845983907896252,-0.08839383076415123,-0.0027271216145764985,-0.03712114420175446,-0.023958197825227703,0.09325560832588192,0.09418732328699272,0.02569137001349448,0.024507170896706537,-0.02284976209839269,0.05221734815195502,0.039460702075747964,-0.030452173664819226,-0.0019887779131727793,1.0,-0.00033137016141046295,-0.0072418948888498735,-0.006243486857006437,-0.006309844998593176,-0.005456723087629026,-0.005567260976341195,-0.0053387573469643144,-0.005441478831981265,-0.0055871279631514465,-0.023037706223557677,-0.00486149792040123,-0.016108320274407874,-0.01311433853043627,-0.005159518507900571,-0.005094776499249792,-0.009885618341193133,-0.009834074093457747,-0.01986371759137731,-0.005317978970799619,-0.000331370161410464,-0.005012691184594699,-0.05683532721015659,-0.00023431315095049336,-0.0053903586580413545,-0.0003313701614104648,-0.0059615541787635395,-0.006144895059863946,-0.004850113584514689,-0.004036041257685774,-0.004723099969708005,-0.005083907231693548,-0.004844411521564559,-0.004901137710222846,-0.00495164334635329,-0.004699642704977148,-0.00435817464393587,-0.004445971716321434,-0.004433534527126638,-0.005858323384254032,-0.004029201697509843,-0.003020908243606558,-0.015700082296923552,-0.000523948516857873,-0.0020567148964858303,-0.0038039093642683905,-0.001946880838945304,-0.03795845513584883,-0.0006627562294158235,-0.0020700353912494252,-0.0021609867314933626,-0.0018895768142477302,-0.02057555094029459,-0.0036711657715590208,-0.0041306173801096205,-0.0045745445189744926,-0.00544656490959248,-0.005121850272850788,-0.011437132862598355,-0.0004058455291310051,-0.0006627562294158291,-0.005984772428291155,-0.0007409899190650862,-0.005758093663319102,-0.006543291708620789,-0.0061539217695248845,-0.0058012571568580315,-0.006153921769524898,0.03446927553120569,-0.009291704536394,-0.0023674034570761206,-0.007352740488341157,0.09395516794901342,-0.00447691526123747,-0.0026210010172114146,-0.0016066656873028173,-0.1003875797554106,-0.001737823418502273,-0.0012835348828312933,-0.0006627562294158302,-0.001673665366611086,-0.000777159892414866,-0.01421662215181183,-0.000994174114429038,-0.0007029619481737248,-0.0006199492054054771,0.11652289849019265,-0.008165692790237185,-0.08876454044775603,-0.0004058455291310088,-0.0004686319255628313,-0.0033246230350491937,-0.007631078591401712,-0.0007409899190650873,-0.01313362347553851,-0.012135361457533288,-0.00033137016141046577,-0.006995349752275212,-0.007003306067753808,-0.0010479599157125043
service_aol,-0.000441446956625166,-3.153434204616811e-05,-1.973579883700554e-05,-5.6574652796874774e-05,-0.0003580843621306384,-3.1064396222430455e-05,-0.0003799059869637488,-0.00010751991228943846,-0.0032361013441983516,-4.6344766379861965e-05,-0.00014674223933238174,-9.747599520473382e-05,-4.921134423216943e-05,-0.00010506386428424107,-7.47294411856347e-05,-0.0001645070791279677,,-1.1313844265206335e-05,-0.00038982053386653836,0.014907710212148432,-0.0014725196216099432,-0.0018322431537214864,-0.0025278315911667518,0.009985894431209577,0.010860042705086035,-0.006012099293337734,0.02075695803771423,-0.0014980659963704456,0.002937246561812176,-0.004141274592244526,-0.004642909274437277,0.019405869758544074,-0.0019217814655015917,-0.0011568250350869102,-0.0017488320821031763,-0.0024996173159151807,0.010325542304295048,0.011013967803717698,-0.0043667613001586595,0.008207823091887213,0.0019053656871996973,-0.0014703875944785023,-9.602842818017245e-05,-0.00033137016141046295,1.0,-0.00034967593848264574,-0.0003014676627645041,-0.0003046717751952271,-0.0002634786607638353,-0.00026881599865212654,-0.00025778266797343207,-0.0002627425896827307,-0.0002697752789736978,-0.0011123789654298238,-0.00023473812777441812,-0.0007777925661424948,-0.0006332277261121322,-0.00024912809479554125,-0.0002460020175765722,-0.000477328506418999,-0.0004748396849880187,-0.0009591224668579025,-0.0002567793810855321,-1.6000256004095892e-05,-0.00024203851632749346,-0.002744301966019892,-1.131384426520627e-05,-0.0002602742447160848,-1.6000256004095922e-05,-0.00028785450276057865,-0.0002967071436294494,-0.00023418843347531166,-0.0001948808338421109,-0.00022805556277789773,-0.0002454771934260264,-0.00023391310854392803,-0.00023665214073924213,-0.0002390908126591782,-0.0002269229253694709,-0.0002104350908262933,-0.00021467438512061995,-0.00021407385364778132,-0.00028286998896903274,-0.00019455058469322768,-0.0001458649899461414,-0.0007580807365603048,-2.5298929653198722e-05,-9.930877521120249e-05,-0.0001836723119112752,-9.400542191247141e-05,-0.0018328294771877479,-3.2001280060419226e-05,-9.995195722074353e-05,-0.00010434355579324231,-9.123848882071512e-05,-0.0009934934427069185,-0.00017726276840496306,-0.0001994474555446025,-0.00022088254142792215,-0.00026298817167325035,-0.0002473092786370378,-0.0005522436087048704,-1.959630986861945e-05,-3.200128006041901e-05,-0.0002889755992854751,-3.5778805040958025e-05,-0.0002780303824475781,-0.00031594378323558816,-0.0002971429996064444,-0.0002801145379542678,-0.00029714299960644343,0.012784333545388412,-0.0004486512927534482,-0.00011431041713885445,-0.0005601347894601649,-0.002473878874570666,-0.00021616849864678652,-0.00012655541188101224,-7.757808428019126e-05,-0.0048472287573550045,-0.00018541374235296504,-6.19756668134316e-05,-3.200128006041923e-05,-8.081317345225644e-05,-3.752527741733048e-05,-0.0006864516496424163,-4.8003840405552815e-05,-3.394261898549556e-05,-2.993433673630166e-05,-0.0027892514299493747,-0.00043770061137286625,-0.0042860086291558845,-1.959630986861958e-05,-2.2627960069735103e-05,-0.00016052990242537094,-0.0006175468536113412,-3.577880504095824e-05,0.023182148944688823,-0.0005859576770470213,-1.6000256004096024e-05,-0.00033777147102859135,-0.0003381556428682214,-5.060089557267408e-05
service_auth,-0.008207611373194553,-0.0006891148299980408,-0.0004311232811372591,-0.00123640489289752,-0.007825717623014112,-0.0006788936314327918,-0.008302616063937814,-0.002349782792585081,-0.042246841385162964,-0.0009705927335323462,-0.0032069630786194926,-0.0021302790464114616,-0.0010340227305948903,-0.0022961073457074765,-0.0016331668363419446,-0.003595202930902101,,-0.0002472572382760503,-0.008519292502863068,0.06482964777992882,-0.024086137004600182,0.060606548664053475,0.06128171265125433,0.014980102671606975,0.013842040492379004,-0.07921218146706299,0.02190659097825804,-0.03142619578409374,0.0389297830163996,-0.0842456153019427,-0.0902530962297468,0.0011947587435353207,-0.03364793620198519,0.011477297224556688,0.06171012418457049,0.061861482616044794,0.009904991570313038,0.014154690349696167,-0.013681181684509843,0.024391884201343143,0.04164061716597616,-0.032134433467869955,-0.0020986433427264166,-0.0072418948888498735,-0.00034967593848264574,1.0,-0.006588393827721306,-0.006658417771146399,-0.005758167116148599,-0.005874811414502872,-0.005633684631364368,-0.0057420807269052306,-0.005895775906985176,-0.02431037094565535,-0.005130060113173571,-0.01699818711907329,-0.013838809788094198,-0.005444544157776207,-0.005376225626808217,-0.010431726430118117,-0.010377334739799517,-0.020961042662846454,-0.005611758401933865,-0.0003496759384826468,-0.005289605699064867,-0.05997506322412095,-0.0002472572382760494,-0.005688136537356768,-0.0003496759384826482,-0.006290886431660657,-0.006484355555096811,-0.005118046876018518,-0.004259003008987773,-0.00498401668824147,-0.005364755911740209,-0.0051120298158074,-0.005171889711373175,-0.005225185414394267,-0.004959263581250501,-0.0045989319080599915,-0.004691579126360336,-0.004678454873454582,-0.006181952891003972,-0.0042517856131512035,-0.003187791322721354,-0.016567396980053377,-0.0005528928391410807,-0.0021703333473320837,-0.0040140475267652275,-0.0020544317616721483,-0.04005538207327535,-0.0006993686622831779,-0.0021843897019768912,-0.002280365438357879,-0.0019939621088534377,-0.021712199596429498,-0.0038739708217274045,-0.004358803770244749,-0.00482725463570514,-0.0057474477730940585,-0.00540479502832548,-0.012068950777755418,-0.00042826552539859783,-0.0006993686622831742,-0.006315387319606879,-0.000781924190918067,-0.006076186211280591,-0.006904760703977585,-0.006493880924426035,-0.0061217341720479854,-0.006493880924426026,0.022478104712684445,-0.006475051392991402,-0.002498185177858295,-0.00821284785119632,0.061780596986452566,-0.004724232075746028,-0.002765792147839462,-0.001695422211958202,-0.06442055137703712,-0.0020584613965780696,-0.0013544407946051943,-0.0006993686622831848,-0.0017661231333701575,-0.0008200922906713373,-0.015001986515104818,-0.0010490949607484907,-0.0007417954528523686,-0.0006541968633778108,0.07603317934262846,-0.008712878221180158,-0.05022446996106158,-0.00042826552539860054,-0.0004945204108801075,-0.0035082841343757076,-0.008603877719942903,-0.0007819241909180673,-0.011231513612513587,-0.012805751394232488,-0.00034967593848264926,-0.007381791647230389,-0.007390187490929856,-0.0011058520340491847
service_bgp,-0.006728459038492042,-0.0005941519938303691,-0.0003718506220562554,-0.0010659472164708688,-0.0067468205318969516,-0.0005852975678619953,-0.007157971093142941,-0.002025828627382193,-0.06097276871412592,-0.0008732015536706095,-0.002764833256982748,-0.001836586892265502,-0.0009272119723192996,-0.0019795531770659914,-0.0014080093448607133,-0.0030995481972430562,,-0.00021316897596139925,-0.007344775309361953,0.08858531557757163,-0.017923621741706596,0.08229122118634487,0.08251665489688986,0.025402553520021492,0.024874412084474433,-0.10246204475220937,0.002366787294643194,-0.028225701793594706,0.05344406325530727,-0.07172634096920702,-0.08065466684773498,-0.0017286349989369342,-0.03299792500428985,-0.021796234976855473,0.08255358499025937,0.08344618133718959,0.026529172799873425,0.025422762378500274,-0.012122158364399976,0.047795112564713374,0.03589980937084607,-0.027704201192273615,-0.0018093126631857706,-0.006243486857006437,-0.0003014676627645041,-0.006588393827721306,1.0,-0.005740451149963076,-0.004964314072753742,-0.0050648771373794635,-0.004856993437808445,-0.004950445442877188,-0.00508295134796736,-0.020958807579745647,-0.004422801405412114,-0.0146547222101044,-0.0119309142641115,-0.004693928925122168,-0.004635029167981824,-0.00899355042595392,-0.008946657477513364,-0.018071236379877804,-0.00483809008069339,-0.00030146766276450477,-0.00456035114672912,-0.05170656640770328,-0.00021316897596139846,-0.004903938300254073,-0.00030146766276450607,-0.005423589731392784,-0.005590386122109792,-0.0044124443801530295,-0.0036718330932291533,-0.004296892341816086,-0.004625140731822734,-0.004407256865431844,-0.004458864141836971,-0.0045048122019031725,-0.004275551836252149,-0.003964897497815012,-0.00404477185372243,-0.004033456983542383,-0.0053296743763903915,-0.0036656107278483976,-0.0027483046263118926,-0.014283323203024115,-0.00047666794775290487,-0.001871119083798569,-0.0034606485403902492,-0.0017711963373516324,-0.03453312363203697,-0.0006029497967293306,-0.0018832375509717687,-0.0019659815368875473,-0.0017190633682302046,-0.018718834627898848,-0.003339883591395673,-0.0037578747647517,-0.004161742380416576,-0.004955072558135729,-0.004659659832417484,-0.010405057890965835,-0.00036922245077763115,-0.0006029497967293298,-0.005444712790236784,-0.0006741237596100516,-0.005238489281205077,-0.005952831871729248,-0.0055985982708811775,-0.0052777577459895055,-0.005598598270881221,0.03447945577500824,-0.008453230785059393,-0.002153771431886111,-0.005890062166927319,0.0832024984270233,-0.004072923085335379,-0.0023844846120087823,-0.001461681847072341,-0.09132870899007213,-0.0011855104035673938,-0.00116771003024789,-0.0006029497967293298,-0.0015226355450186425,-0.0007070297921918547,-0.012933728958184492,-0.0009044608765683103,-0.0006395273932519554,-0.0005640056340341152,0.10557910671298294,-0.007259652153739218,-0.08075452065825421,-0.0003692224507776327,-0.0004263430681112449,-0.0030246125109249455,-0.005264010297008678,-0.000674123759610053,-0.01236720685196118,-0.011040279063851416,-0.0003014676627645071,-0.006364096667793951,-0.006371335013640515,-0.0009533931030965933
service_courier,-0.007165106431732543,-0.0006004668666262189,-0.00037580279121953033,-0.0010772765069674358,-0.006818528294301356,-0.0005915183319587415,-0.007234048719339738,-0.0020473599008460873,-0.06162081037929389,-0.0008824822703053063,-0.0027942189513764683,-0.0018561068329372282,-0.0009370667321272939,-0.0020005926175278355,-0.0014229742011344496,-0.0031324913687173646,,-0.00021543461652615855,-0.007422838361477689,0.022365774739732027,-0.01788870018233348,0.09018388540162843,0.09058252487957244,0.015891608762394177,0.015210176712028544,-0.09650997666640654,0.002993260953838142,-0.02852569523618563,0.05580980230122849,-0.0722632833883133,-0.08140359892379406,-0.0049385215629677666,-0.03457451341878587,-0.02202789361245086,0.09050060569330694,0.0915439112598278,0.016750352240523986,0.01563444672001222,-0.016950780161706164,0.047811102950536886,0.03628136613355415,-0.02799865192907671,-0.0018285427230270756,-0.006309844998593176,-0.0003046717751952271,-0.006658417771146399,-0.005740451149963076,1.0,-0.005017076681799916,-0.005118708568741352,-0.004908615402523674,-0.0050030606508754275,-0.005136974878880679,-0.021181565719984082,-0.004469808612857615,-0.014810478144825818,-0.01205772053697337,-0.004743817778473771,-0.004684292012419994,-0.009089137284099304,-0.009041745939652785,-0.018263304320406556,-0.004889511133373936,-0.00030467177519522795,-0.004608820284890319,-0.05225612336733708,-0.0002154346165261577,-0.004956059212736838,-0.0003046717751952288,-0.005481233695982983,-0.00564980286187586,-0.004459341509213707,-0.003710858725198038,-0.004342561340074971,-0.004674298478218423,-0.0044540988596225226,-0.004506254637695622,-0.004552691051136551,-0.004320994019540169,-0.00400703792920587,-0.004087761220001725,-0.004076326091098525,-0.005386320173039002,-0.003704570226162674,-0.0027775146481623446,-0.014435131768517158,-0.00048173415512888694,-0.001891006045672965,-0.003497429622994376,-0.0017900212824542797,-0.03490015474139784,-0.0006093581753961613,-0.001903253312502379,-0.001986876732820467,-0.0017373342244037492,-0.018917785487734966,-0.003375381138410145,-0.003797814880173732,-0.004205974953728873,-0.005007736944866538,-0.004709184460880422,-0.010515646784730224,-0.0003731466867417386,-0.0006093581753961674,-0.005502581258691743,-0.0006812886020949919,-0.005294165928146977,-0.006016100822114404,-0.0056581022924729885,-0.005333851753038813,-0.00565810229247303,0.024728623764769038,-0.008543074921540727,-0.0021766625299048476,-0.008358314253930894,0.09127558917288763,-0.004116211653560037,-0.0024098278170348905,-0.0014772171550155142,-0.09229938507875467,-0.0012466363708030378,-0.0011801208944483214,-0.0006093581753961683,-0.001538818691935665,-0.0007145443724465716,-0.013071193525197984,-0.0009140738291189854,-0.0006463245324599067,-0.000570000099398776,0.10742935428358719,-0.007357568010093724,-0.08161281027082933,-0.0003731466867417388,-0.0004308744036175392,-0.0030567592375605186,-0.0082562365774825,-0.0006812886020949932,-0.011881574460649693,-0.011157619328683656,-0.00030467177519522996,-0.006431736696102758,-0.006439051973828867,-0.0009635261258724867
service_csnet_ns,-0.0053763587669656675,-0.0005192808018968794,-0.0003249924154555686,-0.0009316234532924933,-0.005896629913327662,-0.000511542159827181,-0.006255969944215032,-0.0017705468267641305,-0.053289375372940144,-0.0007631663503416945,-0.002416426880100183,-0.001605152109228156,-0.0008103707259034277,-0.0017301027089315468,-0.0012305811280882409,-0.0027089632118205012,,-0.0001863068024864152,-0.006419234303195152,0.07191110529410674,-0.01600694976801807,0.07386983025690602,0.0740679068091747,0.01935370301155702,0.019047468427133608,-0.08915575947783651,0.0037068817180205683,-0.024668881695298035,0.04830416113814874,-0.06299603996057529,-0.07089914486352189,-0.00024505328563741375,-0.028754247861241963,-0.01904961463771232,0.07419525717312987,0.0748862610226561,0.019568529978331944,0.019491490738981918,-0.004299904163951017,0.042402328392778216,0.03137594794734648,-0.024213097221555513,-0.001581314801818811,-0.005456723087629026,-0.0002634786607638353,-0.005758167116148599,-0.004964314072753742,-0.005017076681799916,1.0,-0.004426634130017923,-0.0042449465876285165,-0.004326622376386107,-0.004442430745669497,-0.018317714416461562,-0.0038654686225257614,-0.012808029048211676,-0.010427457735166238,-0.004102430408524247,-0.004050952817235179,-0.007860241460104417,-0.007819257657260948,-0.015794016233960782,-0.004228425309124002,-0.00026347866076383605,-0.003985685236467956,-0.04519083985614755,-0.00018630680248641466,-0.004285975762610194,-0.00026347866076383724,-0.004740144086618441,-0.0048859218766585145,-0.003856416722498675,-0.003209132472387568,-0.0037554258035047486,-0.004042310457745082,-0.003851882904778633,-0.003896986966515229,-0.003937144949696432,-0.003736774490211532,-0.003465266799133335,-0.003535075906123042,-0.00352518686258715,-0.004658063336284297,-0.0032036942091845304,-0.002401981080396537,-0.012483431338138742,-0.0004166013407583538,-0.0016353327776784101,-0.0030245600288764892,-0.0015480016484546392,-0.030181483092163536,-0.0005269699691610749,-0.001645924154120028,-0.0017182412789334086,-0.0015024381383925746,-0.016360008345807794,-0.0029190130964575245,-0.003284331729829404,-0.0036373065647602163,-0.004330666412553517,-0.00407247968489228,-0.009093879897902859,-0.00032269542929658056,-0.0005269699691610703,-0.0047586053544187564,-0.0005891750502934726,-0.004578368796111374,-0.0052026945607784765,-0.004893099183638933,-0.0046126889033385274,-0.004893099183638899,0.026472759678783514,-0.007388009400248216,-0.0018823671078381907,-0.0038948450184888486,0.07460183327908834,-0.0035596797018873903,-0.002084007307526094,-0.0012774901692533015,-0.07982005669640067,-0.00041604354893067804,-0.0010205627764810882,-0.000526969969161079,-0.0013307628770330394,-0.0006179344778095353,-0.01130390421757055,-0.0007904865758609091,-0.0005589382939139306,-0.0004929332975744436,0.09134229238122557,-0.0060795928594110414,-0.0705783590802003,-0.00032269542929658435,-0.0003726180764523481,-0.002643470435270381,-0.0036977872141089638,-0.0005891750502935069,-0.009181641910084465,-0.009649054613445956,-0.00026347866076383805,-0.0055621344313528595,-0.0055684606477448585,-0.0008332526801774738
service_ctf,-0.005537388272675592,-0.0005297999740427813,-0.0003315758492994699,-0.0009504955287025634,-0.006016079079185781,-0.0005219045677094345,-0.006382698330166622,-0.0018064131342445714,-0.05436886849544701,-0.0007786259578292471,-0.002465376903999879,-0.0016376679841161852,-0.0008267865615023717,-0.0017651497321411413,-0.001255509246595139,-0.0027638392004357792,,-0.00019008085520428762,-0.006549269966656322,0.07391189391886528,-0.016579693417320674,0.07195013927625035,0.07219681283540325,0.024599971838284294,0.02408973855228338,-0.08927440470686825,0.004131080404212238,-0.02516860397471287,0.04448745199248871,-0.06427347516212722,-0.07213110639187657,0.0038869340705223287,-0.029053848365757674,-0.014127287040511584,0.07179181079459106,0.07302143592798764,0.023688096175531588,0.024603681271679625,-0.0074522277758237235,0.04541592914534999,0.03201153655735096,-0.024703586587255168,-0.0016133477997875869,-0.005567260976341195,-0.00026881599865212654,-0.005874811414502872,-0.0050648771373794635,-0.005118708568741352,-0.004426634130017923,1.0,-0.004330937286800289,-0.00441426759771387,-0.004532421919399479,-0.01868877987921477,-0.003943772163598975,-0.013067483755151757,-0.010638688751322097,-0.004185534130055293,-0.004133013747302284,-0.008019467882595426,-0.007977653862978183,-0.016113958657417368,-0.004314081333580671,-0.00026881599865212735,-0.004066424028602971,-0.04610627938764084,-0.000190080855204287,-0.004372797597668003,-0.0002688159986521277,-0.0048361660967355035,-0.00498489693549597,-0.003934536897492573,-0.0032741404858781793,-0.003831500186035783,-0.0041241963178743745,-0.0039299112373553545,-0.003975928980742428,-0.004016900451909771,-0.0038124710495032427,-0.0035354633749259835,-0.003606686618417826,-0.003596597250625665,-0.004752422620860762,-0.00326859205873192,-0.002450638472954217,-0.012736310606857327,-0.000425040514215122,-0.001668460028169842,-0.003085829122892433,-0.001579359815470819,-0.03079287519794476,-0.0005376449011431994,-0.001679265956160367,-0.0017530480228750327,-0.001532873316625278,-0.01669141618029345,-0.002978144105970688,-0.0033508630691360362,-0.003710988183162124,-0.0044183935546996,-0.00415497668885633,-0.009278096371411276,-0.0003292323326502417,-0.0005376449011431935,-0.004855001337987113,-0.0006011100825638507,-0.004671113693065185,-0.005308086544781844,-0.004992219634563854,-0.004706129029303026,-0.004992219634563842,0.03142255519928537,-0.007537669727110079,0.006455131959536764,-0.0033158944208977912,0.07257573703853783,-0.0036317888180032775,-0.0021262234442321714,-0.001303368533225966,-0.08143698693134292,-0.0005297979890989379,-0.0010412365128607535,-0.0005376449011432012,-0.0013577203964895814,-0.0006304520953324482,-0.006511633606977047,-0.0008064996144094382,-0.0005702608143968955,-0.0005029187421562557,0.09000391938299025,-0.006247803007262686,-0.07200807846969716,-0.0003292323326502453,-0.00038016627246771905,-0.0026970197241193046,0.00072690491868384,-0.0006011100825638667,-0.009454860425775168,-0.009844517367906772,-0.000268815998652129,-0.00567480765792154,-0.005681262025695193,-0.0008501320399235133
service_daytime,-0.0032789197036467246,-0.0005080545999618746,-0.0003179657895394467,-0.0009114832246381543,-0.005769154081407979,-0.0005004834257121859,-0.006120725747983316,-0.0017322703988701988,-0.05188241910978121,-0.0007466678983728737,-0.002364187544862663,-0.0015704512540805266,-0.000792851789838883,-0.0016927006190311626,-0.0012039779063575905,-0.0026503997028089455,,-0.00018227914346959323,-0.006280460589206765,0.07499168467813033,-0.015563020333264704,0.07741280593769564,0.07764176026811359,0.011854067055030037,0.011488320184725835,-0.08637733748800816,0.005536695164863729,-0.0241355794085915,0.04600836201477104,-0.061844796626375605,-0.06952995181008129,-0.002222684775664642,-0.028926020790862768,-0.018637792035754053,0.07771031608380227,0.07845824625669354,0.008903739467443467,0.011829225472281685,-0.0084939001240452,0.04265456424359817,0.030697649474210987,-0.023689648275795297,-0.0015471292716343304,-0.0053387573469643144,-0.00025778266797343207,-0.005633684631364368,-0.004856993437808445,-0.004908615402523674,-0.0042449465876285165,-0.004330937286800289,1.0,-0.004233087629430741,-0.004346392404553589,-0.01792171434210913,-0.003781903291877897,-0.012531139675439248,-0.010202032556863434,-0.004013742338065934,-0.003963377611052216,-0.007690315445763187,-0.007650217648051355,-0.015452574531094864,-0.004137013427775807,-0.0002577826679734329,-0.0038995210123675306,-0.044213885224351726,-0.00018227914346959252,-0.00419331973129115,-0.00025778266797343386,-0.0046376696529602445,-0.004780295957264405,-0.003773047079642396,-0.0031397560933928413,-0.0036742394249205034,-0.00395492208573371,-0.0037686112759057304,-0.0038127402590164452,-0.003852030089983659,-0.003655991323582824,-0.0033903532002579903,-0.003458653144536137,-0.0034489778865133755,-0.0045573633588980155,-0.0031344353968570516,-0.0023500540405484226,-0.012213559255536828,-0.0004075950773040231,-0.0015999794641138702,-0.0029591738147950143,-0.0015145362960668756,-0.029529007063941466,-0.0005155777101583997,-0.001610341871713446,-0.0016810956144283744,-0.0014699577971782364,-0.016006330786803646,-0.0028559086404673795,-0.003213329661577856,-0.003558673737686893,-0.0042370442399190635,-0.003984439101806919,-0.008897284567620477,-0.00031571926343389254,-0.0005155777101584061,-0.0046557318172884814,-0.000576438015616653,-0.004479391688899546,-0.005090220515924352,-0.004787318102195993,-0.004512969849576899,-0.004787318102196021,-0.01841436141947077,0.08054822050103816,0.006889284438573263,-0.0008558353835075311,0.07800929275441708,-0.0034827250450689537,-0.0020389543587810617,-0.001249872848090465,-0.07809447305272355,-0.00029226373193052635,-0.0009984998200347095,-0.000515577710158393,-0.0013019938840097064,-0.0006045757097015507,-0.011059531649636745,-0.0007733975037365984,-0.0005468549301865369,-0.00048227685769049904,0.08763772490137324,-0.005899060773712594,-0.06905256635257301,-0.0003157192634338893,-0.00036456266175237417,-0.0025863227767189342,0.0016237446302111514,-0.00057643801561667,-0.008888091740853657,-0.009440457282060354,-0.0002577826679734343,-0.005441889863810461,-0.005448079317388743,-0.0008152390723767057
service_discard,-0.003449657653228973,0.016701608092407363,-0.0003240844955583632,-0.0009290208095699872,-0.005880156705430571,-0.0005101130824608249,-0.006238492860693851,-0.0017656005122764678,-0.052890350778099976,-0.0007610343193114419,-0.0024096761931910256,-0.001600667852154145,-0.0008081068216669872,-0.0017252693817554963,-0.0012271432968091471,-0.002701395276435437,,-0.00018578632371547493,-0.006401301113768071,0.07482382410603002,-0.015916319800861077,0.07036091863060508,0.0705380076729469,0.0240107373469298,0.023205759947088015,-0.08813404698734041,0.0062575316456339415,-0.02459996510688612,0.04719373269778841,-0.06277119675722918,-0.07062107946728349,-0.0011005773986302622,-0.028289859988407797,-0.018996396398328508,0.07060987824078965,0.07134391536480043,0.02244288283300195,0.02370364615402496,-0.005404786028528865,0.043352600752463284,0.03128829406350119,-0.024145453942220695,-0.00157689713819332,-0.005441478831981265,-0.0002627425896827307,-0.0057420807269052306,-0.004950445442877188,-0.0050030606508754275,-0.004326622376386107,-0.00441426759771387,-0.004233087629430741,1.0,-0.00443002008291512,-0.0182665408610213,-0.0038546697985917472,-0.012772247707282457,-0.010398326912707782,-0.0040909695927707195,-0.004039635812620672,-0.00783828257959183,-0.00779741327175923,-0.015749893045499782,-0.004216612505841771,-0.0002627425896827312,-0.003974550567601577,-0.04506459179396084,-0.00018578632371547433,-0.004274002182647222,-0.00026274258968273173,-0.004726901712559331,-0.004872272248307025,-0.0038456431865398085,-0.003200167231705399,-0.003744934402329468,-0.004031017596986658,-0.0038411220347871404,-0.0038861000908905607,-0.003926145886124582,-0.00372633519455511,-0.003455586004977977,-0.0035252000887173087,-0.003515338671854977,-0.004645050268334576,-0.00319474416118729,-0.0023952707502106567,-0.012448556814432042,-0.00041543749622386576,-0.0016307642059308978,-0.003016110421747538,-0.001543677050615742,-0.03009716614283392,-0.0005254977916656132,-0.0016413259936161446,-0.0017134410886177297,-0.0014982408297315197,-0.016314303965061658,-0.002910858352086759,-0.003275156407622759,-0.0036271451491538707,-0.004318567981891319,-0.004061102541423526,-0.009068474645012361,-0.00032179392640894653,-0.0005254977916656098,-0.004745311405764187,-0.0005875290926475345,-0.004565578367999654,-0.005188159975704488,-0.004879429504297019,-0.004599802596348664,-0.0048794295042970115,-0.01926429142471042,0.11851983518071486,0.006690407227268768,-0.0020730163098700957,0.07093456057388588,-0.0035497351497216253,-0.0020781852895021768,-0.001273921289833382,-0.07934790090363739,-0.0004001895004001881,-0.0010177116660950033,-0.0005254977916656127,-0.0013270451715203815,-0.0006162081759609533,-0.01127232489735543,-0.0007882782212761103,-0.0005573768076323433,-0.0004915562071330115,0.08950547547732725,-0.0060563239417782515,-0.07038118679717571,-0.000321793926408945,-0.00037157710641864315,-0.002636085464755073,0.002026841950835474,-0.0005875290926475306,-0.009873827297618697,-0.009622098388450523,-0.0002627425896827336,-0.005546595691736148,-0.005552904234799474,-0.0008309248514289958
service_domain,-0.005535830070275045,-0.000531643601114681,-0.0003318787065207043,-0.0009538874088770731,-0.006037547690810723,-0.0005237670044098108,-0.006350007986294597,-0.0018128593896050314,-0.045790132908953424,-0.0007814045147713482,-0.0024741746971412844,-0.0016435120658609,-0.000829736981427366,-0.0017714487374501239,-0.0012599895800568448,-0.002773702067862736,,-0.00019075916611144774,-0.006572641290651582,0.07534248841238347,-0.01712156759372309,0.06712529342244923,0.06733107579658382,0.015421921200806045,0.015053673375581455,-0.08799044005885055,0.0043524003793885815,-0.02525841911456778,0.04634755611330247,-0.06498609719250793,-0.07301673749832079,0.002302181187341466,-0.029677649874712005,-0.01315744577912063,0.06697167568383569,0.06814297639686077,0.016982018406785312,0.015263618850282403,-0.023171237529814138,0.03868298413705529,0.03212577096764055,-0.024791742294520316,-0.0016191050940109306,-0.0055871279631514465,-0.0002697752789736978,-0.005895775906985176,-0.00508295134796736,-0.005136974878880679,-0.004442430745669497,-0.004532421919399479,-0.004346392404553589,-0.00443002008291512,1.0,-0.018755471515360556,-0.003957845667587724,-0.013114115577965456,-0.010676653324924769,-0.004200470371001981,-0.004147762567225339,-0.008048085664899188,-0.008006122430330486,-0.0161714619441266,-0.0043294763002109105,-0.00026977527897369846,-0.004080935220531018,-0.046270811434613875,-0.00019075916611144706,-0.004388402095564843,-0.00026977527897369905,-0.004853424143100568,-0.005002685733630131,-0.003948577445075833,-0.0032858243832424505,-0.0038451730431163177,-0.004138913672458275,-0.003943935278091033,-0.003990117237580863,-0.004031234917032886,-0.0038260760003717862,-0.003548079813159533,-0.0036195572195591896,-0.0036094318474666452,-0.004769381825382809,-0.0032802561563186694,-0.002459383671432568,-0.012781760625441485,-0.0004265572877821705,-0.0016744139925185626,-0.0030968410238512954,-0.0015849958222533642,-0.03090276076788772,-0.0005395635078341874,-0.0016852584818824014,-0.001759303842764938,-0.0015383434345329198,-0.01675098014657901,-0.0029887717287683364,-0.003362820754015733,-0.0037242309884842565,-0.004434160763538343,-0.0041698038843885265,-0.009311205618313488,-0.00033040721100390186,-0.000539563507834184,-0.004872326598641486,-0.0006032551672172553,-0.00468778274352353,-0.005327028657576847,-0.005010034564033684,-0.004722923033347414,-0.005010034564033729,0.02029163553467747,-0.0032616185888821813,0.002245706215590556,-0.004238568338013586,0.06776342439082585,-0.0036447489973180725,-0.002133810955092832,-0.001308019654409017,-0.0710476343975921,-0.0005500243827584948,-0.0010449522057580766,-0.0005395635078341848,-0.0013625654744055938,-0.0006327018880969255,-0.005140894028456973,-0.0008093776395766032,-0.0005722958122398665,-0.0005047134272014641,0.08122729194498891,-0.006277941882194724,-0.0631874541041954,-0.0003304072110039021,-0.0003815229105619126,-0.002706644143652277,-0.0017198889481864004,-0.0006032551672172718,-0.010214922913514357,-0.009879647910112931,-0.0002697752789737004,-0.005695058429237988,-0.005701535829673476,-0.0008531657690940676
service_domain_u,-0.029692032156150752,-0.00218950580507953,-0.001366219204891297,-0.0039332154267800274,-0.024894946192204993,-0.0021596767528445924,-0.02641204169677887,-0.007475060946838043,-0.2249820918092686,-0.0032220074019765157,-0.010201898040357735,-0.006776781988508515,-0.0034212992698602323,-0.007304310170202539,-0.005195383027118086,-0.011436955411175792,,-0.000786567563390406,-0.02710132650719688,0.06302870723123155,0.419974688589293,-0.1771892478243183,-0.17574135622848908,-0.104127739512497,-0.10414445595329909,0.2063144753410618,-0.07268471979349501,0.0028952760084831517,0.12893106173968163,0.2485414539002677,0.23260468253627595,-0.09829265185007394,-0.0761770706614926,-0.07461420945020741,-0.17769419659587746,-0.17377982721878563,-0.1041374547438979,-0.10468468008169975,-0.03690968831524754,-0.2295897723313442,-0.583813896147486,0.7565209129939231,-0.006676143404428256,-0.023037706223557677,-0.0011123789654298238,-0.02431037094565535,-0.020958807579745647,-0.021181565719984082,-0.018317714416461562,-0.01868877987921477,-0.01792171434210913,-0.0182665408610213,-0.018755471515360556,1.0,-0.016319598614784193,-0.05407414042769532,-0.04402362078917759,-0.017320026146907825,-0.017102693215372243,-0.033185105913593145,-0.03301207664407195,-0.06668066168008491,-0.017851963256244927,-0.0011123789654298275,-0.0168271404106044,-0.19079093365798022,-0.0007865675633904025,-0.018094935167986572,-0.0011123789654298299,-0.02001238567015161,-0.020627844040849178,-0.01628138245276862,-0.013548616989371385,-0.0158550095022509,-0.017066206090074636,-0.016262241155138656,-0.016452665720778255,-0.016622208467258696,-0.01577626563538605,-0.014629988955398928,-0.014924715602276685,-0.014882965109141603,-0.019665849446407153,-0.013525657218823095,-0.010140909405898116,-0.052703723317386,-0.001758846682634435,-0.006904201570228501,-0.01276937170565673,-0.00653549880358266,-0.12742302105175354,-0.002224811327826631,-0.006948917238413819,-0.007254232470583033,-0.0063431344958347355,-0.06907022035626839,-0.0123237637495961,-0.013866100279865193,-0.015356322602100935,-0.018283614352874955,-0.01719357736782665,-0.038393396578097094,-0.0013623858825956702,-0.0022248113278266353,-0.020090327185098764,-0.0024874345838958797,-0.01932938754891966,-0.021965224721380266,-0.020658145869810237,-0.01947428340219349,-0.020658145869810317,-0.08701110319755971,-0.03119139223422836,-0.007947154315669534,-0.03894201176790151,-0.17199042455252955,-0.015028590218910898,-0.008798457856030844,-0.005393428024497497,0.22948761469982426,-0.012890440430594412,-0.004308707817806197,-0.002224811327826602,-0.00561833974749588,-0.0026088538371055276,-0.047723884896051005,-0.003337350496974299,-0.002359778204886108,-0.0020811121097706053,-0.19391593604354948,-0.030430072688981527,0.2589780776966776,-0.0013623858825956763,-0.0015731540048931605,-0.011160451853693328,-0.042933446186658446,-0.002487434583895844,-0.04631962941530595,-0.04073728535420667,-0.0011123789654298348,-0.0234827417385257,-0.02350945035327579,-0.003517904454312678
service_echo,-0.002206439797855333,-0.00046263690660052723,-0.0002895416932614102,-0.000830000974586085,-0.005253419240937427,-0.0004557425961077885,-0.005573562078465101,-0.0015774136928078362,-0.04719676100798668,-0.0006799193518757789,-0.002152840461895818,-0.0014300604072490888,-0.0007219746238663076,-0.001541381262431977,-0.0010963480277474276,-0.0024134666189247764,,-0.00016598425800599877,-0.005719017387248627,0.06364719783847267,-0.013619023222017822,0.06259114713065424,0.06282311105287433,0.021780354977429795,0.02091888918577534,-0.07785150249266921,0.004202632465467193,-0.021977973801200226,0.04166376180678554,-0.055690847276727004,-0.06273466468250082,-0.0008646464752376732,-0.02543332174827079,-0.016971662380237063,0.06283465920101937,0.06354251984469364,0.01924752184015438,0.021366148569540007,-0.00888575223744282,0.039445054680548625,0.027953426121705392,-0.0215719067833827,-0.0014088232987249023,-0.00486149792040123,-0.00023473812777441812,-0.005130060113173571,-0.004422801405412114,-0.004469808612857615,-0.0038654686225257614,-0.003943772163598975,-0.003781903291877897,-0.0038546697985917472,-0.003957845667587724,-0.016319598614784193,1.0,-0.011410915595751208,-0.009290019537459985,-0.003654932929407073,-0.0036090705686129074,-0.007002837948434737,-0.006966324702464036,-0.01407118811842587,-0.0037671841720321284,-0.00023473812777441894,-0.003550922445082693,-0.040261374904641975,-0.00016598425800599817,-0.0038184569607457933,-0.00023473812777441972,-0.00422308412016391,-0.004352960313575089,-0.00343575467832173,-0.002859076883738868,-0.00334577995635324,-0.0036013709269022416,-0.0034317154142683628,-0.0034718994769031117,-0.0035076769845002317,-0.00332916314818251,-0.003087271805273538,-0.0031494660605080006,-0.003140655724375274,-0.004149956825513529,-0.0028542318320791617,-0.002139970425412366,-0.011121725349673333,-0.0003711580227196599,-0.001456948936234543,-0.0026946377989836177,-0.0013791439796168637,-0.026889254765342308,-0.0004694875235649151,-0.0014663849940513645,-0.0015308136898535315,-0.0013385505857693148,-0.014575441207783216,-0.0026006040383877945,-0.002926073326072194,-0.003240545289998712,-0.003858272706986149,-0.003628249262614235,-0.008101909791292335,-0.00028749546811435676,-0.0004694875235649144,-0.004239531613206516,-0.0005249072081828221,-0.0040789554506780665,-0.0046351790958659815,-0.004359354712264382,-0.00410953188404912,-0.004359354712264333,-0.01644139839792491,0.1020928617272147,0.007904277195589502,-0.0002495305828435205,0.06308528914534028,-0.003171386048021035,-0.0018566815704113625,-0.0011381401807318905,-0.07083455073427132,0.00023725799925314572,-0.0009092387016577658,-0.0004694875235649058,-0.0011856018447977223,-0.0005505295267091318,-0.010070862303920207,-0.0007042594580922138,-0.0004979687093991488,-0.00043916360837286,0.07891004253872896,-0.0051563799231632195,-0.06287959648742505,-0.00028749546811435785,-0.00033197249973776385,-0.00235511786420763,0.003640344822721209,-0.0005249072081828294,-0.0076766617918793524,-0.008596525457458629,-0.00023473812777442048,-0.004955410882461232,-0.0049610470284299655,-0.000742360590192909
service_eco_i,-0.021459291721418482,-0.0015324047623862717,-0.0009593820010365129,-0.002750165020249515,-0.01740693116696308,-0.0015100793666879945,-0.01846770779278668,-0.005226678152500043,-0.15731095603450335,-0.0022528773765019107,-0.007133324795716535,-0.004738430711869592,-0.0023922253308860607,-0.0051072865702627545,-0.0036326921151317226,-0.00799689599908825,,-0.0005499801979242552,-0.018949666386179315,-0.14076847691547806,-0.01920831195220283,-0.12376698151271501,-0.12288107262572823,-0.07261985596552167,-0.0728194133139974,0.13648879007422324,-0.03532125175313309,0.4959275864008027,-0.31674629640775376,-0.03169734121544477,0.18247873097016162,-0.08075335186078852,0.5034905019940327,0.6666176786303787,-0.12406003404175932,-0.12150954122372619,-0.0748694244337312,-0.07319714637456279,-0.2775172406556049,0.33848253462292105,-0.4082116999207668,-0.07147739011430457,-0.00466806265835766,-0.016108320274407874,-0.0007777925661424948,-0.01699818711907329,-0.0146547222101044,-0.014810478144825818,-0.012808029048211676,-0.013067483755151757,-0.012531139675439248,-0.012772247707282457,-0.013114115577965456,-0.05407414042769532,-0.011410915595751208,1.0,-0.03078199610801503,-0.012110429989345686,-0.011958467444403988,-0.023203538981223307,-0.023082554241543127,-0.04662414929806967,-0.012482368638093624,-0.0007777925661424971,-0.011765796664221211,-0.13340396977860916,-0.0005499801979242529,-0.012652258354285057,-0.0007777925661424987,-0.01399296938252155,-0.01442330738816148,-0.011384194264580622,-0.009473402413513559,-0.011086067707334214,-0.011932955082431484,-0.011370810373419735,-0.011503958173017264,-0.011622505081898164,-0.011031008778515565,-0.010229514406414005,-0.010435591833360845,-0.010406399243243046,-0.013750665898633432,-0.009457348587068272,-0.007090680599829964,-0.03685125795996526,-0.0012298127861568075,-0.004827524452872125,-0.008928542066715736,-0.004569721779569709,-0.08909614583657437,-0.0015556224682696407,-0.004858790339216169,-0.005072271468661645,-0.004435217682308333,-0.0482949656587321,-0.008616966096287489,-0.00969539163741583,-0.010737378118782457,-0.012784185756683481,-0.01202201504855331,-0.026845256315923202,-0.0009526012668631795,-0.001555622468269639,-0.014047467294477797,-0.0017392527081563104,-0.013515406539378175,-0.015358424631247466,-0.014444494895332146,-0.013616719959573788,-0.014444494895332128,-0.060839508245077806,-0.02180950356072516,-0.005556773132910353,-0.027228856536318506,-0.12025836322153048,-0.010508222570851773,-0.0061520177265258534,-0.0037711682383870146,0.16046128727930994,-0.009013195190494195,-0.0030127151038627357,-0.0015556224682696429,-0.003928429991461258,-0.0018241509267203286,0.7534726567548928,-0.00233352705132785,-0.001649993394828616,-0.001455145753914216,-0.13558901974828072,0.36017486908457813,-0.16623324906179518,-0.0009526012668631801,-0.0010999735957164401,-0.00780356043791233,-0.02888709213829782,-0.0017392527081563022,-0.028454893826734932,-0.028484139576555673,-0.0007777925661425012,-0.016419495985176457,-0.016438171061431563,-0.002459773169035737
service_ecr_i,-0.01747074874747713,-0.0012165440594523098,-0.000781065941530225,-0.002239004096995575,0.026284224145377573,-0.0012294076405990183,-0.01503519719933598,-0.00425521876358645,-0.12807226928935234,-0.0018341450927038768,-0.0058074854873108725,-0.003857719700122957,-0.0019475930634535149,-0.0041580179629771355,-0.002957499811471533,-0.006510548557403146,,-0.00044775782811284074,-0.015427576295587456,0.3315287906037105,0.6470882234614753,-0.10076410989762527,-0.10004171496125949,-0.059275277370259144,-0.05928479329435356,0.12201186197789753,-0.05536052402566912,-0.0472577296653866,0.059091378442968204,0.05026222692990611,0.05892827066931591,-0.03563736225018979,0.2764750407123574,-0.02785098897067123,-0.09521752338845033,-0.09892510399222974,-0.04809164067865008,-0.05959231879335008,-0.1043502546835309,0.08594818454675014,-0.3323392094054054,-0.05819220596950226,-0.0038004306433025384,-0.01311433853043627,-0.0006332277261121322,-0.013838809788094198,-0.0119309142641115,-0.01205772053697337,-0.010427457735166238,-0.010638688751322097,-0.010202032556863434,-0.010398326912707782,-0.010676653324924769,-0.04402362078917759,-0.009290019537459985,-0.03078199610801503,1.0,-0.009859518306309654,-0.009735800362765158,-0.01889080053786798,-0.018792302692893947,-0.037958326329028944,-0.0101623263750062,-0.0006332277261121341,-0.009578940442351426,-0.10860876808864553,-0.0004477578281128387,-0.010300639446327049,-0.0006332277261121357,-0.011392158487186702,-0.011742511484416334,-0.009268264781099345,-0.00771262330084497,-0.009025549679211545,-0.009715029869881993,-0.009257368494177513,-0.009365768705295605,-0.009462281828223121,-0.008980724308263396,-0.008328200125299454,-0.008495974858755551,-0.008472208165340847,-0.011194890872644407,-0.007699553327618095,-0.005772767378179461,-0.0300018787761029,-0.0010012329611016695,-0.0039302539843032265,-0.007269033719932937,-0.003720367945650746,-0.07253624203849035,-0.0012664858487357407,-0.003955708619608778,-0.004129510962355535,-0.0036108635258748864,-0.03931859549444507,-0.007015368987388683,-0.00789335237642628,-0.00874166947144259,-0.010408046090037744,-0.009787536656768256,-0.021855648091544572,-0.0007755455122166826,-0.0012664858487357311,-0.011436527114977873,-0.0014159855538120978,-0.011003358122663752,-0.012503822650482787,-0.011759760963997124,-0.01108584086869142,-0.011759760963997229,-0.049531539822860224,-0.01775586827203345,-0.004523960460209902,-0.022167950247506493,-0.0979064768726353,-0.008555106044561762,-0.005008569592391634,-0.0030702379944612113,0.1306370624970588,-0.00733795274463448,-0.0024527551659490033,-0.0012664858487357524,-0.0031982702059253233,-0.0014851041186229059,-0.018777003545606727,-0.0018998047716784093,-0.0013433164714973106,-0.0011846842937606908,-0.1103876925525251,-0.014448065280285633,-0.1499957993545526,-0.0007755455122166919,-0.000895526402692956,0.24963197693455702,-0.024096564309678027,-0.001415985553812126,-0.024532930890148862,0.9253506327725968,-0.0006332277261121374,-0.013367677397800783,-0.013382881420810391,-0.002002586085780072
service_efs,-0.0053482368864470374,-0.0004909977743670283,-0.00030729145597873975,-0.0008808818722273413,-0.005575465473230344,-0.0004836806264153915,-0.005915233775601377,-0.0016741126450973065,-0.05038692894907689,-0.0007215999137141125,-0.0022848143493172184,-0.001517726276844434,-0.0007662332670020723,-0.0016358713469515375,-0.0011635565895287317,-0.002561417466885374,,-0.00017615946056630575,-0.006069605816899843,0.01930857485968803,-0.013514372075986717,0.07042888532824211,0.0708285794361356,0.0176020337879513,0.016912273740291906,-0.07457549499001252,0.002568574512470829,-0.023325272261781986,0.04573368324242367,-0.05826488951921857,-0.06578280019616833,-0.0030411034860380287,-0.027837221207523244,-0.018012062865069418,0.0706908957351923,0.07160479165366149,0.018431850579952808,0.017317748681023027,-0.004956347357928508,0.039399532643642134,0.02966703304118014,-0.022894312436604333,-0.0014951872865416643,-0.005159518507900571,-0.00024912809479554125,-0.005444544157776207,-0.004693928925122168,-0.004743817778473771,-0.004102430408524247,-0.004185534130055293,-0.004013742338065934,-0.0040909695927707195,-0.004200470371001981,-0.017320026146907825,-0.003654932929407073,-0.012110429989345686,-0.009859518306309654,1.0,-0.003830314586155533,-0.007432127421294053,-0.007393375832492701,-0.014933783108391468,-0.003998120903580597,-0.000249128094795542,-0.0037686018538935495,-0.042729486338416764,-0.0001761594605663051,-0.004052536827777542,-0.00024912809479554277,-0.004481968528047609,-0.004619806419704095,-0.0036463740480102494,-0.0030343446276623553,-0.0035508836763511165,-0.0038221429393584696,-0.0036420871681260877,-0.003684734602781447,-0.003722705350817594,-0.0035332482210443834,-0.0032765284031868397,-0.0033425353039859772,-0.003333184874739414,-0.004404358368306793,-0.0030292025636074276,-0.0022711553510987516,-0.011803511740819662,-0.0003939108313800902,-0.0015462631321968802,-0.00285982506288861,-0.0014636885594523856,-0.028537625624240445,-0.0004982681483614919,-0.0015562776412523986,-0.0016246559587739058,-0.0014206067006746845,-0.01546894802871137,-0.002760026824546199,-0.003105448100263244,-0.0034391978919243683,-0.004094793367427748,-0.0038506689765671694,-0.00859857480183048,-0.0003051195769206733,-0.0004982681483614931,-0.004499424288833961,-0.0005570851823641549,-0.004329004451973143,-0.0049193258382758485,-0.0046265928091922546,-0.0043614552884162555,-0.004626592809192262,0.024854940640966907,-0.006985615840309552,-0.001779842549381493,-0.005904759360116165,0.07130243699876725,-0.003365799035271646,-0.001970500261990176,-0.0012079106940329058,-0.07547259650400999,-9.911281714621953e-05,-0.0009649770474273044,-0.0004982681483614947,-0.0012582818632019645,-0.0005842782057524808,-0.01068822846340032,-0.0007474321223387348,-0.0005284952939542165,-0.0004660853100208982,0.08739332512861889,-0.005622585522305454,-0.06673425498851392,-0.0003051195769206726,-0.00035232314906959053,-0.0024994918043003997,-0.006194816007572356,-0.0005570851823641519,-0.009207424318474284,-0.009123511503576981,-0.0002491280947955433,-0.005259188542489414,-0.0052651701966864705,-0.0007878689382058194
service_exec,-0.0052332391220623045,-0.0004848365208733122,-0.0003034355407279586,-0.0008698285032541385,-0.005505504132196874,-0.0004776113671906067,-0.0058410089975170125,-0.0016531057594382393,-0.04975467014723076,-0.0007125452261915251,-0.002256144334829969,-0.0014986817385615819,-0.0007566185169580955,-0.0016153443158470546,-0.001148956197908987,-0.0025292766166209097,,-0.00017394899900822981,-0.005993443967358605,0.018158500496360096,-0.013542957969434308,0.06792858510195679,0.06803853409114202,0.019641213080943885,0.018922538457792373,-0.07522787750214581,0.0030984550960732097,-0.023032585070866335,0.04515981370177246,-0.05772891254545563,-0.06515135232689187,-0.0020941970950685,-0.02697087754337495,-0.017786046207111942,0.06823960119063101,0.06879919299213312,0.020170427414310584,0.01935200495634982,-0.008262122655398474,0.03931395466777602,0.029294768980715823,-0.02260703296051453,-0.0014764255691272301,-0.005094776499249792,-0.0002460020175765722,-0.005376225626808217,-0.004635029167981824,-0.004684292012419994,-0.004050952817235179,-0.004133013747302284,-0.003963377611052216,-0.004039635812620672,-0.004147762567225339,-0.017102693215372243,-0.0036090705686129074,-0.011958467444403988,-0.009735800362765158,-0.003830314586155533,1.0,-0.007338868552842298,-0.00730060322175927,-0.014746392925817173,-0.003947952195448332,-0.00024600201757657295,-0.003721313167274376,-0.042193313676195374,-0.0001739489990082289,-0.004001685304721788,-0.00024600201757657376,-0.00442572846518689,-0.004561836757083205,-0.003600619084674331,-0.002996269453431928,-0.0035063269330542226,-0.0037741824153549883,-0.00359638599686676,-0.0036384982884502463,-0.0036759925768139893,-0.003488912768706791,-0.003235414289554223,-0.003300592931023328,-0.003291359831634188,-0.00434909216330244,-0.0029911919123659625,-0.0022426567307017716,-0.01165540042809508,-0.0003889680099881805,-0.0015268605114043292,-0.002823939772686199,-0.0014453220903268918,-0.028179533449126486,-0.0004920158438640453,-0.0015367493576812833,-0.00160426965916547,-0.0014027808258060281,-0.015274842558296163,-0.002725393809803199,-0.003066480714553928,-0.003396042589868618,-0.004043411606278697,-0.0038023505058008738,-0.008490679267905895,-0.0003012909145642456,-0.0004920158438640501,-0.0044429651898337036,-0.0005500948375014391,-0.004274683793320765,-0.004857597784487589,-0.004568537990468844,-0.004306727434338382,-0.004568537990468859,-0.01878428505907667,0.1098027521822233,-0.001757508957292878,-0.0048090700850795896,0.06850053909462528,-0.003323564747338694,-0.0019457742832360643,-0.0011927537439255377,-0.07425958084900257,-2.7732966234903562e-05,-0.0009528684461582821,-0.0004920158438640484,-0.00124249285204761,-0.0005769466408800543,-0.01055411180530945,-0.0007380532904077613,-0.0005218636970638003,-0.00046023683808944386,0.085691700321449,-0.005522031348570083,-0.06589686876591433,-0.00030129091456424835,-0.00034790217290098734,-0.0024681280016958618,-0.004299188861823838,-0.0005500948375014394,-0.009053167586744787,-0.009009029026232358,-0.0002460020175765746,-0.005193195867089141,-0.005199102463059771,-0.0007779827022062985
service_finger,-0.012496483730381251,0.009737136156643445,-0.0005870802441011601,0.11371506456122778,-0.010682571185365058,-0.0009267302878069559,-0.011017053272023259,-0.003207593624144578,-0.09654116914449927,-0.0013825827605992308,-0.00437769582631523,-0.0029079579221026304,-0.0014681001000983488,-0.003134323438610498,-0.002229370113674087,-0.004907666374550614,,-0.0003375208736401261,-0.011629342252670092,-0.012922872642429431,-0.03335124764237479,0.09195756991713674,0.09285533159281328,-0.024437701390399608,-0.026202903926973015,-0.050294776766461026,0.031061519694274835,-0.035558101174029855,0.024151426829047775,-0.09725293101651483,-0.10352362844248895,-0.00845260276818566,-0.04344301964901386,0.042927869028092355,0.09449728692148956,0.09298489114359478,-0.023890641896714228,-0.028974372061005484,-0.04807846998673109,0.025210279067348577,0.05684192536795731,-0.04386541778767688,-0.0028647733002066435,-0.009885618341193133,-0.000477328506418999,-0.010431726430118117,-0.00899355042595392,-0.009089137284099304,-0.007860241460104417,-0.008019467882595426,-0.007690315445763187,-0.00783828257959183,-0.008048085664899188,-0.033185105913593145,-0.007002837948434737,-0.023203538981223307,-0.01889080053786798,-0.007432127421294053,-0.007338868552842298,1.0,-0.014165680696969845,-0.02861307309464222,-0.007660384835178779,-0.0004773285064190006,-0.007220627186521075,-0.08186953747912812,-0.00033752087364012477,-0.007764645544287522,-0.00047732850641900147,-0.008587435090633554,-0.00885153198025316,-0.006986439163395884,-0.005813793062044134,-0.0068034799651613045,-0.007323211707861209,-0.006978225517424069,-0.007059937844182254,-0.007132689656708908,-0.006769690498146455,-0.006277816278473713,-0.006404285255799193,-0.006386369868013183,-0.008438734312175108,-0.005803940886370201,-0.004351525236345671,-0.022615484754413606,-0.0007547316931847213,-0.002962634431207172,-0.00547941422266557,-0.002804421855830314,-0.05467798494241586,-0.0009546799257977926,-0.002981822193446196,-0.003112834796423607,-0.002721877174063392,-0.029638447098782068,-0.00528820116782998,-0.005950027052054992,-0.006589490416080511,-0.00784560891766481,-0.0073778674894424915,-0.016474837456041478,-0.000584607978679689,-0.0009546799257977962,-0.008620880263613353,-0.0010673731449849816,-0.008294356487723389,-0.009425410076289172,-0.008864534677363747,-0.00835653217009331,-0.008864534677363723,-0.03733698786286644,0.034495724961848086,0.001352371884462736,-0.01324464338559989,0.09430327578289951,-0.0026632507495996656,-0.0037754711997695467,0.0011928798310187683,-0.06745683324834624,-0.004061321120678809,-0.0018488924468961247,-0.0009546799257978065,-0.002410863387002723,-0.001119474877026192,-0.01517612504826455,0.09490106623164685,-0.0010125950247388675,-0.000893017726799145,0.08229289300824792,-0.01242889862856475,-0.05398023730770935,-0.0005846079786796958,-0.0006750498479918397,-0.0047890170345195665,-0.012561029821332864,-0.001067373144984973,-0.009633838968045665,-0.01748061423129767,-0.0004773285064190032,-0.010076585758112343,-0.010088046585387159,-0.0015095539659480959
service_ftp,-0.0029526691639964547,-0.000918833741939049,-0.0005371508240364912,-0.0016789662806331496,-0.010626871574412463,-0.0009218982566795036,0.7060024768196406,0.04666192742362791,0.06846426036986421,-0.0013753738854568156,-0.004354870239650418,-0.002892795643085985,-0.0014604453320658352,0.0026497742120628635,-0.0022177460349905513,-0.003509695853518775,,-0.0003357610181686379,0.8202439580706733,-0.018303664831441035,-0.03902715874012547,-0.014305955656059193,-0.013791418053777375,-0.01514461124345858,-0.016057720168303462,0.014926327686389768,-0.009826954323883698,-0.04103879124243891,0.009278889015244322,-0.0905139878632793,-0.08339234154415132,-0.003298339013868722,-0.045089319282704605,-0.027213967010777506,-0.014618019733006558,-0.014067252348971892,-0.015053857025554247,-0.01687717590334843,-0.10798574736805142,0.04840524181628025,0.05654554792531301,-0.04363670068739745,-0.0028498361885768726,-0.009834074093457747,-0.0004748396849880187,-0.010377334739799517,-0.008946657477513364,-0.009041745939652785,-0.007819257657260948,-0.007977653862978183,-0.007650217648051355,-0.00779741327175923,-0.008006122430330486,-0.03301207664407195,-0.006966324702464036,-0.023082554241543127,-0.018792302692893947,-0.007393375832492701,-0.00730060322175927,-0.014165680696969845,1.0,-0.02846388269732313,-0.0076204430975892745,-0.00047483968498802004,-0.007182978373501784,-0.08144266446257489,-0.00033576101816863637,-0.007724160184677376,-0.0004748396849880214,-0.008542659653584903,-0.008805379525092265,-0.006950011421741353,-0.005783479572333213,-0.006768006184494762,-0.007285028012571843,-0.006941840602246252,-0.007023126875694714,-0.007095499355607167,-0.006734392897927077,-0.00624508334196684,-0.0063708929019371105,-0.006353070926131527,-0.008394734210517382,-0.005773678766534743,-0.004328836104814536,-0.022497566167168505,-0.0007507964737553986,-0.002947187065367046,-0.005450844205657978,-0.002789799420500321,-0.05439289042386606,-0.0009497021634661891,-0.0029662747813837564,-0.0030966042762509134,-0.0027076851319954793,-0.029483910335675365,-0.005260628147947779,-0.005919003229586883,-0.0065551323906404705,-0.007804701409835683,-0.007339398815404144,-0.01638893659744843,-0.0005815597952033294,-0.0009497021634661927,-0.00857593044128868,-0.0010618077929844833,-0.008251109181297643,-0.009376265383947813,-0.008818314425306742,-0.008312960675674034,-0.008818314425306738,-0.03714231041471137,0.0656582044844142,-0.0009989874445987053,-0.013637468328293335,-0.014143184428488338,0.006267745884041755,-0.001593560175430303,-0.0023022852316957197,0.023203893823194658,-0.004024990940151036,0.0025726941678780656,0.016136188802750067,-0.0023982929907576723,-0.0011136378632549122,-0.01586225659306119,-0.0014246102343957857,0.007047083173568692,0.01737715121353859,-0.012275985834740679,-0.01235761117215473,-0.0027919459128286747,-0.0005815597952033336,-0.0006715300948112266,-0.0047640467927079775,-0.013341542829034556,0.006579296071325577,-0.017220076359327565,-0.01738946918812368,-0.0004748396849880226,-0.010024045794023396,0.2382910887878952,0.009304901968238665
service_ftp_data,-0.02166642637054616,0.005068907568075732,-0.0002579426433775976,-0.0033913220224899214,-0.021465078850116785,-0.001862130226458972,-0.020243905232666698,-0.006445194594698286,0.09088372563144917,-0.0027619364162430778,-0.0049441383167376585,-0.0058431200698451395,-8.290624030445081e-05,-0.0012140980504428836,0.04622439482377972,-0.002421848030478555,,-0.0006781992874684649,-0.023367478118988726,-0.12140889453222042,-0.07256669312956637,-0.06063256869014564,-0.06081643217441983,-0.07550396253661391,-0.07597109122561295,0.09741325933359217,-0.02391468516512413,-0.06098556940125054,-0.09026822021152497,-0.13380092953062717,-0.07818059799761641,-0.009897111755902221,0.15547198814533406,-0.006314279760035177,-0.04480694434022635,-0.0585944565003839,-0.06665688277528313,-0.07825699669726648,-0.09071691641447949,-0.03853651548933537,0.11421561240679617,-0.0881412007715661,-0.005756346829767818,-0.01986371759137731,-0.0009591224668579025,-0.020961042662846454,-0.018071236379877804,-0.018263304320406556,-0.015794016233960782,-0.016113958657417368,-0.015452574531094864,-0.015749893045499782,-0.0161714619441266,-0.06668066168008491,-0.01407118811842587,-0.04662414929806967,-0.037958326329028944,-0.014933783108391468,-0.014746392925817173,-0.02861307309464222,-0.02846388269732313,1.0,-0.015392433306189,-0.0009591224668579047,-0.014508804033836937,-0.16450497234407688,-0.0006781992874684627,-0.015601930093353894,-0.0009591224668579074,-0.017255206461271964,-0.017785870892277157,-0.014038237136138743,-0.01168197471653688,-0.013670607138798908,-0.01471493276456669,-0.014021733004748306,-0.01418592208492917,-0.014332106310175648,-0.013602712101060177,-0.012614362131150603,-0.012868483215230094,-0.01283248483948475,-0.016956413794291414,-0.011662178197139217,-0.008743759409195093,-0.04544253954068226,-0.0015165239738432089,-0.0059529845920478375,-0.01101008889162376,-0.005635079347457057,-0.1098674876852081,-0.0019182909739883162,-0.0059915396198845445,-0.006254790461322651,-0.005469217770497541,-0.05955416471663117,-0.010625873965460433,-0.011955717178618857,-0.01324062614785394,-0.015764614260241956,-0.014824755637814794,-0.033103798598718245,-0.0011746850211453268,-0.0019182909739883158,-0.017322409690037274,-0.002144731668251206,-0.016666307476974555,-0.018938995769052756,-0.017811997927978922,-0.01679124050119393,-0.017811997927978905,-0.061033450306952675,-0.026894040605007264,-0.0056166131839841035,-0.03126474102839152,-0.059724658094447165,0.01126877946930979,-0.0008885616225698628,0.01536842634366885,0.10422270657614546,-0.010351677156759687,0.01450682093434372,0.015723437377140492,-0.00484428063252876,-0.0022494225490407027,-0.03860900359663622,-0.002877551572714831,0.010439972677586779,0.012350404382931106,-0.07733473096725282,-0.025911314069306562,0.0922165635610711,-0.0011746850211453413,-0.0013564148521430285,-0.009622835783331443,-0.033742614240758736,0.0018001102760013394,-0.03631972880023479,-0.03512476128755673,-0.0009591224668579106,-0.02024743894374123,0.22226352014418374,0.04717841952344491
service_gopher,-0.005099069846894084,-0.0005060767462012274,-0.0003167171361709124,-0.0009079357434400764,-0.0057467006065887545,-0.0004985355505405246,-0.006038654259443883,-0.0017255284243567369,-0.050654865852833145,-0.0007437618763429819,-0.0023549861567982258,-0.0015643390776347815,-0.0007897660206867024,-0.0016861126496010646,-0.0011992920395525457,-0.0026400843806407633,,-0.0001815697153454357,-0.006256017115917105,0.07135629344375317,-0.014917121175708151,0.06606384267687561,0.06626989245467933,0.02309528371184082,0.022479452014039624,-0.08314769856396358,0.007022459227556486,-0.02404164403837126,0.0438453719233176,-0.061019090630580496,-0.06868879784736116,0.006615008512856145,-0.028101454017795343,-0.009677483611143614,0.06588221230662136,0.06704935409497081,0.0243604216435784,0.022767595417708463,-0.014801492742337764,0.04521696146736913,0.03057817461017534,-0.02359744846391078,-0.001541107864049696,-0.005317978970799619,-0.0002567793810855321,-0.005611758401933865,-0.00483809008069339,-0.004889511133373936,-0.004228425309124002,-0.004314081333580671,-0.004137013427775807,-0.004216612505841771,-0.0043294763002109105,-0.017851963256244927,-0.0037671841720321284,-0.012482368638093624,-0.0101623263750062,-0.003998120903580597,-0.003947952195448332,-0.007660384835178779,-0.0076204430975892745,-0.015392433306189,1.0,-0.0002567793810855328,-0.003884344125839262,-0.04404180534148951,-0.00018156971534543496,-0.004176999383859387,-0.0002567793810855333,-0.004619619901245657,-0.0047616911057749,-0.003758362428062839,-0.0031275362023332415,-0.003659939331485128,-0.003939529578927534,-0.0037539438884182253,-0.003797901122084088,-0.0038370380375253965,-0.0036417622515274094,-0.0033771579884234524,-0.0034451921101811933,-0.003435554508140384,-0.004539626158265594,-0.003122236213881007,-0.0023409076599042364,-0.012166024237174129,-0.00040600872241117967,-0.0015937523642476263,-0.002947656747682799,-0.0015086417399314614,-0.029414080541406398,-0.0005135710882223219,-0.0016040744414876939,-0.0016745528115296121,-0.0014642367399974993,-0.01594403434954466,-0.0028447934801094357,-0.0032008234231200696,-0.0035448234244465932,-0.0042205537172520955,-0.003968931715146968,-0.00886265644845779,-0.0003144904880482107,-0.0005135710882223223,-0.00463761176785854,-0.0005741945261404145,-0.004461957953021924,-0.005070409441967022,-0.004768685920607111,-0.004495405427922132,-0.0047686859206071165,0.02865375504857538,-0.003811058289605985,0.002547889291849585,-0.0035224723690571013,0.06659302672799584,-0.00346917032318114,-0.0020310187741691063,-0.001245008358751838,-0.07498660243758314,-0.00027019464463307925,-0.0009946136713464124,-0.000513571088222316,-0.0012969265402576165,-0.0006022227086753101,-0.003509973950224298,-0.0007703874504202291,-0.0005447265777051598,-0.0004803998422516253,0.08325880927251163,-0.005867147967551986,-0.06878381463647593,-0.0003144904880482104,-0.0003631437884773426,-0.0025762568411377995,4.760054566279856e-05,-0.0005741945261404128,-0.0036084852834987404,-0.009403715141553751,-0.0002567793810855347,-0.005420710097192709,-0.005426875461495883,-0.0008120661722036509
service_harvest,-0.0004414469566251668,-3.153434204616822e-05,-1.973579883700558e-05,-5.657465279687497e-05,-0.0003580843621306395,-3.106439622243064e-05,-0.00037990598696375,-0.00010751991228943884,-0.0032361013441983637,-4.6344766379862046e-05,-0.00014674223933238206,-9.747599520473405e-05,-4.9211344232169516e-05,-0.00010506386428424145,-7.472944118563484e-05,-0.0001645070791279681,,-1.1313844265206372e-05,-0.0003898205338665392,0.014872786662726898,-0.0014725196216099465,-0.0016082606093131275,0.0019461128684161457,0.009424194216666461,0.004681023929701533,-0.006012099293337748,0.020756958037714223,-0.0014980659963704493,0.0029372465618121464,-0.0041412745922445385,-0.004642909274437283,0.0194058697585442,-0.0019217814655015982,-0.0011568250350869119,-0.0013441350804415137,0.0019880066439011117,0.009346763190222237,0.004754101236387498,-0.004366761300158669,0.00820782309188723,0.0019053656871997095,-0.0014703875944785075,-9.602842818017267e-05,-0.000331370161410464,-1.6000256004095892e-05,-0.0003496759384826468,-0.00030146766276450477,-0.00030467177519522795,-0.00026347866076383605,-0.00026881599865212735,-0.0002577826679734329,-0.0002627425896827312,-0.00026977527897369846,-0.0011123789654298275,-0.00023473812777441894,-0.0007777925661424971,-0.0006332277261121341,-0.000249128094795542,-0.00024600201757657295,-0.0004773285064190006,-0.00047483968498802004,-0.0009591224668579047,-0.0002567793810855328,1.0,-0.00024203851632749414,-0.002744301966019901,-1.1313844265206318e-05,-0.0002602742447160851,-1.6000256004095943e-05,-0.00028785450276057957,-0.0002967071436294504,-0.00023418843347531245,-0.00019488083384211147,-0.0002280555627778982,-0.0002454771934260272,-0.00023391310854392884,-0.00023665214073924278,-0.00023909081265917882,-0.00022692292536947154,-0.00021043509082629405,-0.00021467438512062052,-0.00021407385364778173,-0.0002828699889690334,-0.00019455058469322828,-0.00014586498994614188,-0.0007580807365603077,-2.5298929653198756e-05,-9.930877521120283e-05,-0.00018367231191127557,-9.400542191247153e-05,-0.0018328294771877518,-3.2001280060419375e-05,-9.995195722074384e-05,-0.00010434355579324267,-9.123848882071529e-05,-0.0009934934427069215,-0.0001772627684049634,-0.00019944745554460324,-0.00022088254142792289,-0.00026298817167325083,-0.0002473092786370384,-0.0005522436087048718,-1.9596309868619492e-05,-3.200128006041914e-05,-0.000288975599285476,-3.577880504095809e-05,-0.00027803038244757867,-0.00031594378323558924,-0.0002971429996064451,-0.0002801145379542685,-0.00029714299960644435,0.005766390859257316,-0.00044865129275344957,-0.00011431041713885481,-0.000560134789460167,0.001996900377704028,-0.00021616849864678704,-0.00012655541188101265,-7.757808428019157e-05,-0.004847228757355021,-0.00018541374235296566,-6.197566681343181e-05,-3.200128006041923e-05,-8.081317345225664e-05,-3.752527741733053e-05,-0.0006864516496424179,-4.800384040555294e-05,-3.394261898549565e-05,-2.993433673630175e-05,-0.002789251429949384,-0.0004377006113728673,-0.004286008629155895,-1.959630986861962e-05,-2.2627960069735143e-05,-0.0001605299024253715,-0.000617546853611343,-3.577880504095838e-05,0.023182148944688882,-0.0005859576770470226,-1.6000256004096075e-05,-0.0003377714710285925,-0.00033815564286822245,-5.060089557267422e-05
service_hostnames,-0.004613947825689855,-0.00047702517255990333,-0.00029854668999195106,-0.0008558141207986503,-0.005416801312928355,-0.00046991625448753404,-0.005746900637408434,-0.0016264714789272958,-0.04895303974102984,-0.000701064938664386,-0.002219794100887586,-0.0014745354856109778,-0.0007444281354864885,-0.0015893184349351015,-0.001130444604506544,-0.002488525767794525,,-0.0001711463916083514,-0.005896879626606874,0.0754375818503023,-0.013916269223610802,0.06431516381849477,0.0644655544963719,0.02278027550215719,0.022435260674334174,-0.08139360689124243,0.004308149535396215,-0.022661491855464615,0.04435732196459064,-0.05732571695108771,-0.06460339520742407,0.00024837793835934204,-0.025783390325605816,-0.017499483450218307,0.06459225587391083,0.06520638497750554,0.022750315566039566,0.022907758109940585,-0.005992026063219811,0.03949975452884566,0.028822781577561445,-0.022242796096688895,-0.0014526379000460543,-0.005012691184594699,-0.00024203851632749346,-0.005289605699064867,-0.00456035114672912,-0.004608820284890319,-0.003985685236467956,-0.004066424028602971,-0.0038995210123675306,-0.003974550567601577,-0.004080935220531018,-0.0168271404106044,-0.003550922445082693,-0.011765796664221211,-0.009578940442351426,-0.0037686018538935495,-0.003721313167274376,-0.007220627186521075,-0.007182978373501784,-0.014508804033836937,-0.003884344125839262,-0.00024203851632749414,1.0,-0.04151350928635322,-0.00017114639160835057,-0.003937211505441837,-0.00024203851632749465,-0.004354422626020826,-0.004488337987183201,-0.0035426071285930482,-0.002947994574070192,-0.0034498341802070807,-0.0037133740656313872,-0.0035384422428635267,-0.003579876035457616,-0.0036167662285370894,-0.003432700586981958,-0.0031832863895301915,-0.003247414894787315,-0.0032383305559706994,-0.004279021062295144,-0.0029429988406273412,-0.002206523804472267,-0.011467612561107565,-0.00038270108905546303,-0.0015022602516026407,-0.0027784414108164486,-0.0014220355499692842,-0.027725514343411597,-0.0004840886511079334,-0.0015119897721351861,-0.0015784222093737778,-0.0013801796959045899,-0.015028739464688513,-0.002681483187135122,-0.0030170746151155954,-0.0033413267010336703,-0.003978265526950186,-0.0037410883213373704,-0.008353880317167878,-0.00029643661731914,-0.0004840886511079288,-0.0043713816383936606,-0.000541231895656367,-0.0042058115347873674,-0.004779333813012839,-0.004494931252564571,-0.004237338899506042,-0.004494931252564526,0.0294921484314813,-0.00678682223701037,-0.0017291925677928237,-0.002676134650951352,0.06491242146692167,-0.0032700165969729933,-0.001914424626521789,-0.0011735364992847498,-0.07332483032957972,6.407892946971459e-05,-0.0009375161522471817,-0.00048408865110793057,-0.0012224742277306803,-0.0005676510718668059,-0.010384067527887005,-0.0007261620255830402,-0.0005134556057987812,-0.00045282165791891304,0.08309869352152957,-0.005393979773977789,-0.06483516071881308,-0.00029643661731914173,-0.00034229689083689526,-0.0024283623586577167,-0.001421788490884853,-0.0005412318956563708,-0.008064932640525583,-0.008863878599621133,-0.00024203851632749536,-0.0051095248528890014,-0.005115336283784415,-0.0007654481082125844
service_http,-0.07527901789095597,-0.005176023061029026,-0.002620350427479229,-0.009703465423154011,-0.06141724349563684,-0.005328044976568594,-0.04691122090401873,-0.018441399100529676,0.6994292190926479,-0.007273950375983005,0.002449052702580411,-0.01671870532644057,-0.008440539244637594,-0.01802014725508587,-0.01204714926627519,0.005877731994711697,,-0.0019405067676605068,-0.06686050880754431,-0.42893548801424086,-0.14943176338264877,-0.3727228817289345,-0.3717816205574747,-0.10188680607349614,-0.09976040223712633,0.4917644722282903,-0.22169138609510555,0.04485101803516649,-0.3594268837813558,0.7346021745132234,0.6839903141570965,-0.2903811053844586,-0.18143087305723482,-0.023414165093717937,-0.38889729524877914,-0.38411533748234,-0.10451046063021335,-0.10032224143054916,0.32316420624026776,-0.5113645270354289,0.32680094618675826,-0.25219518770859356,-0.01647042423453572,-0.05683532721015659,-0.002744301966019892,-0.05997506322412095,-0.05170656640770328,-0.05225612336733708,-0.04519083985614755,-0.04610627938764084,-0.044213885224351726,-0.04506459179396084,-0.046270811434613875,-0.19079093365798022,-0.040261374904641975,-0.13340396977860916,-0.10860876808864553,-0.042729486338416764,-0.042193313676195374,-0.08186953747912812,-0.08144266446257489,-0.16450497234407688,-0.04404180534148951,-0.002744301966019901,-0.04151350928635322,1.0,-0.0019405067676604988,-0.04464123082129714,-0.0027443019660199036,-0.04937168990616868,-0.05089006059565471,-0.04016709346656009,-0.03342520615392492,-0.03911520722749275,-0.04210329786971097,-0.040119870800228684,-0.040589658998409585,-0.04100793056497945,-0.03892094164412069,-0.03609301209470231,-0.03682011943995188,-0.03671711860664267,-0.04851676539781747,-0.033368563098443854,-0.025018198370087792,-0.1300230730815595,-0.004339174471189557,-0.01703305665767832,-0.03150276386530861,-0.016123446031418104,-0.3143598162640662,-0.005488735665384253,-0.01714337274592357,-0.017896602731331143,-0.015648872379496494,-0.17040014905702275,-0.030403423777177137,-0.03420845542900082,-0.03788491837536525,-0.045106713066221465,-0.042417530032321904,-0.0947186857949472,-0.003361083203007549,-0.0054887356653842475,-0.049563976041876234,-0.006136642125638997,-0.04768669482343441,-0.05418945454767909,-0.05096481692544497,-0.04804416110728834,-0.050964816925444925,-0.04695222874243001,-0.06441050552654601,-0.018404907425646228,-0.08358544326937378,-0.37163812946725916,0.0173459271074443,0.027668119065337168,0.001731756962180115,0.40448818989964896,-0.03143068377271845,-0.010629826437648981,-0.005488735665384225,-0.013860762648332829,-0.006436190306296351,-0.11701741693160883,-0.008233432863057711,-0.005821706602063946,-0.005134221548449092,-0.431176841039015,-0.07491411592804083,0.5622158023019954,-0.003361083203007531,0.008245433756895524,-0.027533467384406245,-0.10421332801821319,-0.006136642125638891,-0.117663535660584,-0.10050119227548142,-0.002744301966019918,-0.057933255053662085,-0.05799914672030097,-0.008678869711016089
service_http_2784,-0.00031214888795078614,-2.2298057907621205e-05,-1.3955261367953216e-05,-4.000416061706195e-05,-0.0002532028678737824,-2.1965757358086842e-05,-0.00026863302504829097,-7.602775497716725e-05,-0.002288260051921206,-3.277056749560157e-05,-0.00010376201746454579,-6.89256615056687e-05,-3.47975360257797e-05,-7.429107372459468e-05,-5.28414832477514e-05,-0.00011632360590364002,,-8.000064000511923e-06,-0.0002756436403527915,0.010491911657501882,-0.0010412244449145504,-0.0013589379533585683,-0.0017874397099526507,0.007061065423864148,0.0076791791235953115,-0.004251179174531193,0.01467732707514208,-0.001059288387485653,0.002076938654003318,-0.0029283116335211373,-0.003283019500126657,0.013721967212452103,-0.0013588992705416158,-0.000817995554928292,-0.0011730143335774174,-0.0017674892843988202,0.007024392345294906,0.007788020169262314,-0.003087754175975641,0.005803784151591364,0.0013472916088171653,-0.001039716880102579,-6.790208114075811e-05,-0.00023431315095049336,-1.131384426520627e-05,-0.0002472572382760494,-0.00021316897596139846,-0.0002154346165261577,-0.00018630680248641466,-0.000190080855204287,-0.00018227914346959252,-0.00018578632371547433,-0.00019075916611144706,-0.0007865675633904025,-0.00016598425800599817,-0.0005499801979242529,-0.0004477578281128387,-0.0001761594605663051,-0.0001739489990082289,-0.00033752087364012477,-0.00033576101816863637,-0.0006781992874684627,-0.00018156971534543496,-1.1313844265206318e-05,-0.00017114639160835057,-0.0019405067676604988,1.0,-0.00018404094723285517,-1.1313844265206353e-05,-0.00020354305671346163,-0.0002098027940639494,-0.0001655955669943061,-0.00013780100792129665,-0.00016125898988257557,-0.00017357789377688915,-0.0001654008836470393,-0.00016733766413900373,-0.00016906205869300512,-0.00016045809749406598,-0.00014879948451660825,-0.00015179710626891707,-0.00015137246809073318,-0.0002000184873090164,-0.00013756748744273522,-0.00010314171095600436,-0.0005360418853111241,-1.7888973157643772e-05,-7.022162749272932e-05,-0.00012987541775972934,-6.64716054124669e-05,-0.0012960009680016015,-2.2628231623178564e-05,-7.067642403400139e-05,-7.378174074342361e-05,-6.451509608634336e-05,-0.0007025031403505283,-0.00012534320421121376,-0.00014103008417775645,-0.00015618691813298319,-0.00018595997571169026,-0.00017487336847133578,-0.0003904936385857219,-1.3856628167044998e-05,-2.2628231623178422e-05,-0.0002043357884976089,-2.529933446845819e-05,-0.00019659638240803249,-0.00022340509796671407,-0.0002101109895481039,-0.00019807009700491897,-0.0002101109895481035,0.009039852782977436,-0.000317243102503898,-8.082934779722912e-05,-0.00039607352368950717,-0.0017492895307869773,-0.00015285359984909826,-8.948783198058109e-05,-5.4855770039832635e-05,-0.003427494614117767,-0.0001311067901084543,-4.3823238976925566e-05,-2.2628231623178612e-05,-5.714331438083755e-05,-2.6534271989126846e-05,-0.00048539267482096307,-3.3943705297041124e-05,-2.4000960050690853e-05,-2.116668782862381e-05,-0.0019722907112781837,-0.00030949983241458943,-0.0030306536431158916,-1.385662816704512e-05,-1.600032000755203e-05,-0.0001135113285365236,-0.0004366698211852568,-2.52993344684584e-05,0.016392189151591356,-0.0004143329895731045,-1.1313844265206407e-05,-0.00023883954228412786,-0.00023911119171045838,-3.5780093271173296e-05
service_http_443,-0.007180585783359409,-0.0005129653585907727,-0.0003210398717905086,-0.000920293089248821,-0.005824915356000364,-0.0005053208062598825,-0.006179885109013048,-0.001749013513028142,-0.05264127230028836,-0.0007538847542798217,-0.002387038401160916,-0.0015856303188752563,-0.0008005150322727436,-0.0017090612748029553,-0.0012156148537665512,-0.0026760169186992914,,-0.00018404094723285558,-0.006341163853938268,0.025328187950618617,-0.014083472514508595,0.0691378468133209,0.06935766488546032,0.024548547664418784,0.024077065494558136,-0.07977175322245747,0.004641883847316793,-0.024368859825764973,0.0477798374116565,-0.06095099692034424,-0.06881239401829715,-0.003462435099008525,-0.02933646522037376,-0.018817934050481978,0.06954565237895927,0.07041760518081396,0.02544868363799392,0.024217403509079232,-0.019560432285682047,0.04104889995168744,0.030994355028876177,-0.023918618583029534,-0.0015620829197650723,-0.0053903586580413545,-0.0002602742447160848,-0.005688136537356768,-0.004903938300254073,-0.004956059212736838,-0.004285975762610194,-0.004372797597668003,-0.00419331973129115,-0.004274002182647222,-0.004388402095564843,-0.018094935167986572,-0.0038184569607457933,-0.012652258354285057,-0.010300639446327049,-0.004052536827777542,-0.004001685304721788,-0.007764645544287522,-0.007724160184677376,-0.015601930093353894,-0.004176999383859387,-0.0002602742447160851,-0.003937211505441837,-0.04464123082129714,-0.00018404094723285517,1.0,-0.00026027424471608654,-0.0046824946597702555,-0.004826499506648642,-0.0038095151495342477,-0.0031701031424067458,-0.003709752477718184,-0.003993148053232955,-0.0038050364719087837,-0.0038495919800022858,-0.0038892615635332667,-0.0036913280008885937,-0.0034231223745766247,-0.0034920824662340996,-0.0034823136928168697,-0.004601412171962493,-0.003164731019124992,-0.0023727682906468745,-0.012331608387487081,-0.00041153465331592574,-0.0016154439313445133,-0.00298777546095058,-0.0015291749195276625,-0.029814417203469838,-0.0005205609832456012,-0.0016259064959250787,-0.001697344103002152,-0.0014841655508993359,-0.01616103863367805,-0.002883512185747169,-0.0032443878297402327,-0.0035930698000336382,-0.004277997035422196,-0.004022950363547809,-0.008983280524896236,-0.00031877082147758616,-0.0005205609832456037,-0.004700731402432034,-0.0005820095288785193,-0.004522686873331625,-0.0051394196151197166,-0.004833589523532749,-0.0045565895809028135,-0.004833589523532784,0.03336352443567037,-0.0072981567502673084,-0.0018594738406922766,-0.006414632664103836,0.06988114843449889,-0.0035163870317013075,-0.002058661701014739,-0.0012619533892069565,-0.07884928862786464,-0.00034672073655434346,-0.001008150736245255,-0.0005205609832456052,-0.0013145781966246149,-0.0006104191854840953,-0.011166426624615028,-0.0007808727124008831,-0.0005521405106189642,-0.0004869382641829818,0.09147117090858672,-0.005978163906316162,-0.06971998813735197,-0.00031877082147758703,-0.00036808631156329155,-0.0026113206624578476,-0.005951534635778859,-0.0005820095288785279,-0.01049048984654427,-0.009531703229621161,-0.00026027424471608736,-0.005494487993573578,-0.0055007372707959485,-0.0008231186972110874
service_http_8001,-0.00044144695662516874,-3.1534342046168366e-05,-1.9735798837005645e-05,-5.65746527968751e-05,-0.0003580843621306401,-3.106439622243063e-05,-0.0003799059869637515,-0.00010751991228943899,-0.003236101344198374,-4.634476637986214e-05,-0.00014674223933238263,-9.747599520473432e-05,-4.921134423216965e-05,-0.00010506386428424184,-7.472944118563513e-05,-0.00016450707912796843,,-1.131384426520639e-05,-0.00038982053386654074,0.014872786662727002,-0.0014725196216099515,-0.0013842780649047594,0.0019461128684162394,0.009361783081717272,0.004681023929701661,-0.006012099293337769,0.020756958037714324,-0.0014980659963704543,0.002937246561812249,-0.004141274592244552,-0.004642909274437299,0.01940586975854415,-0.0019217814655016056,-0.0011568250350869164,-0.0011193034128517082,0.0019880066439011863,0.009412015131160422,0.004754101236387518,-0.004366761300158778,0.008207823091887249,0.0019053656871996854,-0.0014703875944785119,-9.602842818017327e-05,-0.0003313701614104648,-1.6000256004095922e-05,-0.0003496759384826482,-0.00030146766276450607,-0.0003046717751952288,-0.00026347866076383724,-0.0002688159986521277,-0.00025778266797343386,-0.00026274258968273173,-0.00026977527897369905,-0.0011123789654298299,-0.00023473812777441972,-0.0007777925661424987,-0.0006332277261121357,-0.00024912809479554277,-0.00024600201757657376,-0.00047732850641900147,-0.0004748396849880214,-0.0009591224668579074,-0.0002567793810855333,-1.6000256004095943e-05,-0.00024203851632749465,-0.0027443019660199036,-1.1313844265206353e-05,-0.00026027424471608654,1.0,-0.0002878545027605805,-0.00029670714362945127,-0.0002341884334753129,-0.0001948808338421121,-0.00022805556277789905,-0.000245477193426028,-0.00023391310854392936,-0.00023665214073924373,-0.00023909081265917985,-0.00022692292536947216,-0.00021043509082629478,-0.00021467438512062133,-0.00021407385364778287,-0.00028286998896903437,-0.00019455058469322904,-0.00014586498994614236,-0.0007580807365603103,-2.529892965319888e-05,-9.930877521120315e-05,-0.0001836723119112764,-9.400542191247192e-05,-0.001832829477187759,-3.200128006041942e-05,-9.995195722074434e-05,-0.00010434355579324292,-9.123848882071552e-05,-0.0009934934427069237,-0.00017726276840496425,-0.00019944745554460378,-0.0002208825414279235,-0.0002629881716732516,-0.0002473092786370393,-0.0005522436087048743,-1.9596309868619516e-05,-3.200128006041927e-05,-0.00028897559928547695,-3.577880504095825e-05,-0.00027803038244757976,-0.0003159437832355897,-0.0002971429996064464,-0.0002801145379542692,-0.00029714299960644533,0.0057663908592573134,-0.0004486512927534508,-0.00011431041713885508,-0.0005601347894601678,0.0019969003777039573,-0.00021616849864678763,-0.00012655541188101295,-7.757808428019175e-05,-0.004847228757355036,-0.0001854137423529659,-6.197566681343206e-05,-3.2001280060419436e-05,-8.081317345225679e-05,-3.752527741733068e-05,-0.0006864516496424198,-4.800384040555301e-05,-3.3942618985495646e-05,-2.9934336736301842e-05,-0.0027892514299493933,-0.0004377006113728692,-0.004286008629155905,-1.9596309868619696e-05,-2.2627960069735424e-05,-0.00016052990242537186,-0.0006175468536113449,-3.5778805040958594e-05,0.023182148944688948,-0.0005859576770470246,-1.600025600409605e-05,-0.0003377714710285935,-0.0003381556428682233,-5.060089557267441e-05
service_imap4,-0.0062368465753055175,-0.0005671141598054618,-0.0003365538130969413,-0.001017812999087531,-0.0064421591742701055,-0.0005588677034840175,-0.006626679163088668,-0.0019343497304676843,-0.05707683697267948,-0.0007500033697330308,-0.0026399836556480257,-0.0017536534492678423,-0.0008031268624110175,-0.0016601453242644055,-0.0013444288721730807,-0.0029595841123325464,,-0.00020354305671346247,-0.007013112534780131,0.09112279898679364,-0.014897818198904915,0.07912683890208921,0.07909326540810586,0.021143728433805704,0.020443452641175797,-0.09427155163671164,0.0017320153558213597,-0.025841559948359426,0.04999584896015924,-0.06823123444973968,-0.07444381358669837,-0.0021008744220198045,-0.029138020285823133,-0.02081199795620078,0.07918823842083138,0.07998675819612319,0.021749110379313197,0.02082583295769492,-0.01009618698693016,0.04885008034284062,0.03427870731102945,-0.026453182359431546,-0.0017276108230772503,-0.0059615541787635395,-0.00028785450276057865,-0.006290886431660657,-0.005423589731392784,-0.005481233695982983,-0.004740144086618441,-0.0048361660967355035,-0.0046376696529602445,-0.004726901712559331,-0.004853424143100568,-0.02001238567015161,-0.00422308412016391,-0.01399296938252155,-0.011392158487186702,-0.004481968528047609,-0.00442572846518689,-0.008587435090633554,-0.008542659653584903,-0.017255206461271964,-0.004619619901245657,-0.00028785450276057957,-0.004354422626020826,-0.04937168990616868,-0.00020354305671346163,-0.0046824946597702555,-0.0002878545027605805,1.0,-0.005337945047448139,-0.004213194779699619,-0.003506026747873734,-0.004102860642255514,-0.0044162865540791464,-0.004208241513876837,-0.004257518397348386,-0.004301391613672419,-0.004082483794664579,-0.0037858574523853836,-0.003862124979032261,-0.0038513210463663526,-0.005089006075885781,-0.0035000853614038097,-0.002624201396551114,-0.013638341375230614,-0.00045514339357021405,-0.0017866262952833721,-0.0033043785051047117,-0.001691215688954329,-0.03297373602433362,-0.0005757228232558261,-0.0017981975374868064,-0.0018772051123085813,-0.0016414368510972944,-0.017873561577582964,-0.0031890668526873855,-0.0035881830970677835,-0.0039738135511677595,-0.004731319884477899,-0.004449246900294571,-0.009935204120843737,-0.00035254973618732797,-0.0005757228232558282,-0.00519884978221393,-0.000643682834311916,-0.005001938560939027,-0.005684024093132991,-0.005345786366080998,-0.005039433807696228,-0.005345786366081011,0.028849286818016292,-0.007062708155642784,-0.0020565151130979733,-0.006009008492925127,0.07813982778008054,-0.0018152317746673516,-0.002276810142871635,-0.00139567772352369,-0.0849284011424441,0.00874374795376576,-0.001114980582140014,-0.0005757228232558234,-0.0014538789788519026,0.13036196084290932,-0.01234968979411448,-0.0008636187825370648,-0.0006106487113681476,-0.0005385372343098854,0.09724708757781081,-0.006841079134141308,-0.07643588407668939,-0.0003525497361873316,-0.0004070909985873039,-0.0028880322432985237,-0.005181654610848219,-0.0006436828343119238,-0.01108329242773562,-0.010541741064764085,-0.0002878545027605813,-0.0060767176984390025,-0.006083629187470337,-0.0009103414114488878
service_iso_tsap,-0.006500772898797495,-0.0005847696536465005,-0.0003659786755083288,-0.0010491146909706616,-0.006640280520446399,-0.0005760550499548943,-0.007044938544163377,-0.0019938384767419198,-0.060009938971394707,-0.0008594127025981597,-0.0027211733781605392,-0.001807585085028061,-0.0009125702349733912,-0.0019482937687039662,-0.001385775267191856,-0.0030506027867545664,,-0.00020980279406395013,-0.007228792908190703,0.09519240527096338,-0.016127978604689615,0.08682462161095036,0.08703156087031089,0.016824215656580665,0.01644639173679318,-0.09948548763209329,0.0027884117518034066,-0.02777998568508446,0.05429204090506701,-0.06972315822691816,-0.07867223333757334,-0.0017581270383588252,-0.03290836199285293,-0.021452047501727353,0.08717383818942143,0.08796419791129792,0.01681466223144702,0.016880948105567693,-0.012594678576203123,0.047250091859412625,0.035332910328050485,-0.027266720174614983,-0.0017807415472146022,-0.006144895059863946,-0.0002967071436294494,-0.006484355555096811,-0.005590386122109792,-0.00564980286187586,-0.0048859218766585145,-0.00498489693549597,-0.004780295957264405,-0.004872272248307025,-0.005002685733630131,-0.020627844040849178,-0.004352960313575089,-0.01442330738816148,-0.011742511484416334,-0.004619806419704095,-0.004561836757083205,-0.00885153198025316,-0.008805379525092265,-0.017785870892277157,-0.0047616911057749,-0.0002967071436294504,-0.004488337987183201,-0.05089006059565471,-0.0002098027940639494,-0.004826499506648642,-0.00029670714362945127,-0.005337945047448139,1.0,-0.004342766837588411,-0.0036138506498030304,-0.0042290394980752126,-0.004552104470638756,-0.004337661239656757,-0.004388453578152727,-0.004433676065807146,-0.004208035983497901,-0.0039022872323098276,-0.003980900280798133,-0.0039697640853571855,-0.005245512723297023,-0.003607726542687186,-0.0027049057534691045,-0.014057773196112592,-0.00046914081576952734,-0.0018415719737678777,-0.003406000942551141,-0.001743227121752911,-0.033987806119915934,-0.0005934285299424155,-0.00185349907648649,-0.0019349364402436481,-0.0016919173918299695,-0.018423242823408133,-0.003287143010200617,-0.003698533624940165,-0.00409602370911534,-0.004876826296124437,-0.004586078475161223,-0.010240750128278662,-0.0003633920060596062,-0.0005934285299424084,-0.005358734549037887,-0.0006634785745590567,-0.005155767545038491,-0.005858829849179575,-0.005510190001968928,-0.005194415915858874,-0.005510190001968881,0.024357147255158612,-0.008319744604364769,-0.002119760918055129,-0.004859807964700869,0.08769490411048256,-0.004008606972271847,-0.002346830873234174,-0.0014386002192169802,-0.08988652423718425,-0.001093729767943808,-0.001149270553548413,-0.0005934285299424181,-0.0014985913885697864,-0.0006958649832570508,-0.012729490587712217,-0.0008901784050410838,-0.0006294285243880405,-0.0005550993401103275,0.10360152450373178,-0.007113761647633765,-0.07947931443112292,-0.0003633920060596011,-0.00041961062352587644,-0.002976850420615316,-0.00497919182552559,-0.0006634785745590557,-0.011504544402647131,-0.010865940432444435,-0.00029670714362945263,-0.0062636003038172225,-0.0062707243479055074,-0.0009383379357565683
service_klogin,-0.004864623675047491,-0.0004615537192474574,-0.0002888638664180755,-0.0008280573329275733,-0.005241117129495473,-0.0004546753680894188,-0.005560510277595302,-0.001573719809234278,-0.04736533616531825,-0.0006783271614842096,-0.002147799081784231,-0.0014267115859021118,-0.0007202839512065123,-0.0015377717572325033,-0.001093780672088556,-0.002407814921630953,,-0.00016559556699430675,-0.00570562496870942,0.015179420406930507,-0.012874116157500405,0.0717963071291099,0.07219086990179019,0.008759966433321885,0.00815042462608968,-0.06509035846907602,0.0029337291562316716,-0.021926507228560148,0.04299113532092522,-0.05501901341613572,-0.06207701129114974,-0.0019213806501849422,-0.025467299644464054,-0.016931919258208836,0.07207470159790154,0.07293768663901698,0.009177039744142553,0.008430211887122598,-0.005497941001953924,0.03739456377808086,0.027887966628076417,-0.021521391111761407,-0.001405524209040985,-0.004850113584514689,-0.00023418843347531166,-0.005118046876018518,-0.0044124443801530295,-0.004459341509213707,-0.003856416722498675,-0.003934536897492573,-0.003773047079642396,-0.0038456431865398085,-0.003948577445075833,-0.01628138245276862,-0.00343575467832173,-0.011384194264580622,-0.009268264781099345,-0.0036463740480102494,-0.003600619084674331,-0.006986439163395884,-0.006950011421741353,-0.014038237136138743,-0.003758362428062839,-0.00023418843347531245,-0.0035426071285930482,-0.04016709346656009,-0.0001655955669943061,-0.0038095151495342477,-0.0002341884334753129,-0.004213194779699619,-0.004342766837588411,1.0,-0.0028523816856532228,-0.0033379450290429704,-0.0035929374734779713,-0.003423679248958197,-0.0034637692111997268,-0.003499462937384054,-0.0033213671330200524,-0.003080042235338481,-0.003142090848159157,-0.0031333011434918744,-0.004140238729735285,-0.0028475479798166477,-0.0021349591835051994,-0.011095681225189212,-0.0003702888692885882,-0.0014535371490999713,-0.002688327673524655,-0.0013759143910092157,-0.02682628727815933,-0.0004683881085800022,-0.0014629511101775664,-0.0015272289311000446,-0.0013354160560998683,-0.014541309398797416,-0.0025945141150009116,-0.0029192212401270247,-0.0032329567943043497,-0.0038492376578804165,-0.0036197528672722366,-0.00808293727214359,-0.0002868222301476881,-0.0004683881085800039,-0.004229603757085512,-0.0005236780150277284,-0.0040694036212466506,-0.004624324738508233,-0.004349146262295739,-0.004099908452738345,-0.004349146262295668,0.014397544790981423,-0.0065667038952194005,-0.0016731093248010926,-0.005203415086293865,0.07259680683971037,-0.003163959504887971,-0.0018523337157011698,-0.001135474958959596,-0.07094667167143175,0.00025052216333064636,-0.0009071095063047734,-0.00046838810858000136,-0.001182825480424038,-0.0005492403328947653,-0.01004727902135765,-0.000702610269641759,-0.0004968025990476436,-0.0004381352039368821,0.08162312215381703,-0.005138393488892942,-0.06273234918658263,-0.0002868222301476898,-0.0003311951083855527,-0.0023496028041875175,-0.0044923517115087845,-0.0005236780150277334,-0.008465527680205894,-0.008576394679894078,-0.00023418843347531386,-0.004943806627380568,-0.004949429574993717,-0.0007406221790187833
service_kshell,-0.0034613634387057287,-0.0003840837468219792,-0.00024037921223955081,-0.0006890711941459226,-0.004361416408585927,-0.0003783599110588666,-0.004627200683673541,-0.0013095771815295697,-0.039415252368055764,-0.0005644726380636095,-0.0017872995253095884,-0.0011872437053648025,-0.0005993871470557065,-0.001279662867465722,-0.000910193924839914,-0.0020036727378099687,,-0.0001378010079212973,-0.004747958449492208,0.011689784930254634,-0.010415009737500949,0.05310007880903262,0.053526703846056706,0.01653482638584428,0.015824845815241236,-0.05849144041061125,0.003005087849965328,-0.01824622996334856,0.03577524378480513,-0.045555637068463446,-0.05143188630729009,-0.0009607876854850546,-0.020846267248166076,-0.014089963772420347,0.053313953738595335,0.054128151639321304,0.017160843386161608,0.01617598535847276,-0.007895827360098188,0.03146278350375292,0.0232070820492227,-0.017909110979831236,-0.0011696125456685097,-0.004036041257685774,-0.0001948808338421109,-0.004259003008987773,-0.0036718330932291533,-0.003710858725198038,-0.003209132472387568,-0.0032741404858781793,-0.0031397560933928413,-0.003200167231705399,-0.0032858243832424505,-0.013548616989371385,-0.002859076883738868,-0.009473402413513559,-0.00771262330084497,-0.0030343446276623553,-0.002996269453431928,-0.005813793062044134,-0.005783479572333213,-0.01168197471653688,-0.0031275362023332415,-0.00019488083384211147,-0.002947994574070192,-0.03342520615392492,-0.00013780100792129665,-0.0031701031424067458,-0.0001948808338421121,-0.003506026747873734,-0.0036138506498030304,-0.0028523816856532228,1.0,-0.002777684196122319,-0.002989877170205181,-0.0028490282672959215,-0.002882389288394968,-0.0029120919642210753,-0.0027638888341894505,-0.0025630693633507794,-0.002614703362629869,-0.00260738897502604,-0.003445316081510346,-0.002369598346412715,-0.0017766147530262999,-0.009233315143375954,-0.00030813735135651647,-0.0012095667041854264,-0.0022371025369728077,-0.0011449726181438347,-0.022323601366959975,-0.00038977102245069497,-0.0012174005692373278,-0.001270889612880712,-0.0011112717681094196,-0.012100608295381742,-0.002159035212128858,-0.0024292415342772092,-0.0026903178201410725,-0.0032031583852891775,-0.003012191706516362,-0.006726248312578753,-0.00023868025651885034,-0.0003897710224506984,-0.0035196815434928195,-0.00043578073741265365,-0.003386370365008824,-0.0038481501738735005,-0.0036191593133776245,-0.003411755081534272,-0.00361915931337759,0.021719537965973836,-0.005464508693720192,-0.0013922845611443098,-0.0032270228296055257,0.05375626044061433,-0.002632901452070374,-0.0015414268489385228,-0.0009448899910430782,-0.05903855424656911,0.0013001924576114753,-0.0007548547737880133,-0.0003897710224506933,-0.0009842929152990571,-0.00045705252162051854,-0.008360883090893069,-0.0005846799228376452,-0.0004134162534015106,-0.00036459594785155023,0.06741280342828794,-0.003808938804368338,-0.052202973208088685,-0.00023868025651885153,-0.00027560532315277245,-0.0019552312933767842,-0.003155494943703439,-0.00043578073741266146,-0.006441897713373419,-0.00713688085177372,-0.00019488083384211277,-0.0041140082949471,-0.004118687453107169,-0.000616311684002798
service_ldap,-0.006292051458674847,-0.00044946669105347387,-0.0002812991685565803,-0.0008063723654954706,-0.0051038640073486,-0.0004427684382705191,-0.005414892964058224,-0.0015325076111732418,-0.046124944067679294,-0.0006605632919788315,-0.002091553033005775,-0.0013893492040415068,-0.0007014213273244541,-0.001497500958161515,-0.0010651370053894786,-0.002344759640212773,,-0.00016125898988257614,-0.005556207426340932,0.03467963489916357,-0.012769710446551214,0.06363027031743973,0.06379502394545504,0.017283256009804456,0.01692157138468429,-0.07186619417416419,0.0032377546647028243,-0.021352301100260075,0.041304877006317665,-0.0538455990033366,-0.060701641527272365,-0.0016849200289480338,-0.02529707827985382,-0.016488510205384728,0.0639345147666795,0.06450239257849077,0.017695480592394088,0.017311588190948874,-0.008402691100976396,0.03629610665714152,0.027157643226507704,-0.02095779406745706,-0.0013687166771393817,-0.004723099969708005,-0.00022805556277789773,-0.00498401668824147,-0.004296892341816086,-0.004342561340074971,-0.0037554258035047486,-0.003831500186035783,-0.0036742394249205034,-0.003744934402329468,-0.0038451730431163177,-0.0158550095022509,-0.00334577995635324,-0.011086067707334214,-0.009025549679211545,-0.0035508836763511165,-0.0035063269330542226,-0.0068034799651613045,-0.006768006184494762,-0.013670607138798908,-0.003659939331485128,-0.0002280555627778982,-0.0034498341802070807,-0.03911520722749275,-0.00016125898988257557,-0.003709752477718184,-0.00022805556277789905,-0.004102860642255514,-0.0042290394980752126,-0.0033379450290429704,-0.002777684196122319,1.0,-0.003498846486055006,-0.0033340207554465036,-0.003373060851343059,-0.0034078198387610583,-0.0032343879647359275,-0.002999382825769896,-0.003059806524354943,-0.0030512470023717174,-0.00403181514788249,-0.0027729770742183947,-0.0020790493829125948,-0.010805110178430005,-0.00036059183292203175,-0.001415472265804783,-0.00261792639123527,-0.0013398822739420192,-0.026123766881540743,-0.0004561220727920757,-0.0014246396963207516,-0.0014872342250388795,-0.0013004444997434148,-0.014160505065336202,-0.002526569599749732,-0.002842773372326077,-0.0031482928948301,-0.0037484347425140794,-0.0035249596447286774,-0.007871263243628456,-0.0002793109981686611,-0.00045612207279206995,-0.004118839905265152,-0.0005099640603905021,-0.003962835052277123,-0.004503224028010956,-0.0042352518599335885,-0.003992541030535836,-0.004235251859933563,0.024148577880520505,-0.006394736623821909,-0.0016292943378721095,-0.004908717307857758,0.06417871954089079,-0.0030811024899305593,-0.001803825243278877,-0.0011057394122457231,-0.06908873719825721,0.00040077043136668,-0.0008833543394589641,-0.0004561220727920722,-0.001151849929576396,-0.0005348569583896256,-0.009784163280821588,-0.0006842104799064479,-0.0004837924513777365,-0.0004266614239817595,0.0796619683177658,-0.004936753641429463,-0.061089529426458004,-0.0002793109981686668,-0.00032252185008154203,-0.0022880719677814544,-0.004134209636250797,-0.0005099640603905151,-0.008997406405717022,-0.008351798106779206,-0.00022805556277789938,-0.004814339401571182,-0.004819815096776645,-0.0007212269424900242
service_link,-0.004720453981308097,-0.00048380234077959495,-0.0003027881870945398,-0.0008679727989398308,-0.005493758612554478,-0.00047659242440896866,-0.0058285477070950135,-0.0016495790004526808,-0.04964852283692515,-0.0007110250722239034,-0.0022513310448996683,-0.0014954844299454575,-0.0007550043364145148,-0.0016118981176542306,-0.0011465049986605813,-0.0025238806224543333,,-0.00017357789377689013,-0.005980657470036479,0.07221944096403471,-0.014219274203453692,0.06422429797669295,0.06483581151565723,0.024521505185649262,0.02350755677251925,-0.08073222216763419,0.003196576540182897,-0.022983447031212578,0.04308664378696272,-0.05816677454007427,-0.06552795571266766,0.0036030271065791387,-0.026648432168680968,-0.011939542717882794,0.0638711954573032,0.06558549881782727,0.02410560270404009,0.023996626747368844,-0.01067583450802903,0.04149870424613255,0.029232271110180848,-0.022558802799694383,-0.0014732757421347799,-0.005083907231693548,-0.0002454771934260264,-0.005364755911740209,-0.004625140731822734,-0.004674298478218423,-0.004042310457745082,-0.0041241963178743745,-0.00395492208573371,-0.004031017596986658,-0.004138913672458275,-0.017066206090074636,-0.0036013709269022416,-0.011932955082431484,-0.009715029869881993,-0.0038221429393584696,-0.0037741824153549883,-0.007323211707861209,-0.007285028012571843,-0.01471493276456669,-0.003939529578927534,-0.0002454771934260272,-0.0037133740656313872,-0.04210329786971097,-0.00017357789377688915,-0.003993148053232955,-0.000245477193426028,-0.0044162865540791464,-0.004552104470638756,-0.0035929374734779713,-0.002989877170205181,-0.003498846486055006,1.0,-0.0035887134165991925,-0.0036307358652298465,-0.0036681501627535465,-0.0034814694733297526,-0.0032285118113839014,-0.0032935513998262026,-0.003284337998460774,-0.0043398137491546356,-0.002984810461636389,-0.0022378722154150427,-0.011630534633540988,-0.00038813818018661596,-0.0015236030857994625,-0.0028179151400144504,-0.0014422386199317969,-0.028119414837698507,-0.0004909661703700897,-0.001533470835073219,-0.00160084708780035,-0.0013997881135406687,-0.01524225499519668,-0.0027195794164692837,-0.0030599386416391276,-0.003388797425032148,-0.004034785335313635,-0.0037942385179645854,-0.008472565133809624,-0.0003006481363063229,-0.0004909661703700864,-0.004433486505656093,-0.0005489212574688223,-0.004265564123031886,-0.004847234517323931,-0.00455879140751932,-0.004297539401696974,-0.004558791407519241,0.030845550967759656,-0.006883243627094496,-0.0017537594630624152,-0.0028771254806537238,0.06529775199204604,-0.0033164742077469215,-0.0019416231411217941,-0.0011902091063789345,-0.0743665670689789,-1.566118411755773e-05,-0.0009508355832664982,-0.0004909661703700915,-0.0012398421003909333,-0.000575715774833942,-0.005037048788326952,-0.0007364787171786021,-0.0005207503457416838,-0.00045925496237158854,0.08215150063785358,-0.005505112032912357,-0.06575628346293871,-0.0003006481363063234,-0.0003471599535315442,-0.0024628624628410213,7.087842224657196e-05,-0.0005489212574688287,-0.009027221416213068,-0.00898980903750012,-0.0002454771934260288,-0.005182116630274704,-0.005188010625030774,-0.0007763229430106432
service_login,-0.004810718719753452,-0.0004610025412744566,-0.00028709104032049397,-0.000827083822729015,-0.005234955381057939,0.028100991622588795,-0.005553973032830802,-0.0015718696568076276,-0.0464674534415102,-0.0006718127691509363,-0.002145274009875075,-0.0014250342645089743,-0.000713826150810784,-0.0015359638673326794,-0.0010924947627717618,-0.0010266875970468157,,-0.00016540088364704,-0.005698917119053014,0.017354616499928716,-0.013021928926907126,0.06926204229140427,0.06929130188806179,0.011301817555774878,0.009907757354548167,-0.0690408804912727,0.004924072551130637,-0.021900729208661304,0.0422405509726532,-0.055197909697232476,-0.061950495934440054,-0.0009119376750250551,-0.025870687782778137,-0.016912013153373838,0.06951230430969813,0.07002863443063219,0.011811682386602868,0.010210334427518116,-0.008766613623266296,0.03794740473267408,0.02785517998535263,-0.021496089368872907,-0.0014038717967050408,-0.004844411521564559,-0.00023391310854392803,-0.0051120298158074,-0.004407256865431844,-0.0044540988596225226,-0.003851882904778633,-0.0039299112373553545,-0.0037686112759057304,-0.0038411220347871404,-0.003943935278091033,-0.016262241155138656,-0.0034317154142683628,-0.011370810373419735,-0.009257368494177513,-0.0036420871681260877,-0.00359638599686676,-0.006978225517424069,-0.006941840602246252,-0.014021733004748306,-0.0037539438884182253,-0.00023391310854392884,-0.0035384422428635267,-0.040119870800228684,-0.0001654008836470393,-0.0038050364719087837,-0.00023391310854392936,-0.004208241513876837,-0.004337661239656757,-0.003423679248958197,-0.0028490282672959215,-0.0033340207554465036,-0.0035887134165991925,1.0,-0.0034596970117053436,-0.003495348774362427,-0.003317462349319061,-0.0030764211665926418,-0.0031383968316173213,-0.0031296174606151132,-0.004135371235097477,-0.0028442002442324948,-0.0021324492068936964,-0.011082636525984313,-0.00036985353712459427,-0.0014518282900845884,-0.0026851671261770606,-0.0013742967896201374,-0.026794748804655658,-0.00046783744550094557,-0.001461231183586607,-0.0015254334359322869,-0.001333846066802992,-0.014524213827709834,-0.002591463860084003,-0.002915789241476621,-0.003229155950708682,-0.0038447122802675532,-0.0036154972847269934,-0.008073434522085475,-0.00028648502600117133,-0.00046783744550094725,-0.004224631199957425,-0.0005230623500633506,-0.004064619404297183,-0.004618888125467902,-0.004344033164357977,-0.004095088372614438,-0.004344033164357973,-0.018296855891115838,0.08266836879853226,-0.0016711423245389164,-0.005190275360412531,0.07000488790767025,-0.003160239778338546,-0.001850156009289202,-0.0011341400315230783,-0.06946513672735805,-0.0027106256818292024,-0.0009060430579799147,0.03385122399089508,-0.0011814348850842143,-0.000548594615449541,-0.010035466882021128,-0.000701784241979304,-0.0004962185303151925,-0.0004376201078530473,0.08122909929510239,-0.0063988920297022986,-0.06265859755214435,-0.0002864850260011689,-0.0003308057370184987,-0.0023468404806122555,-0.005386753313152739,-0.0005230623500633504,-0.007632494183165033,-0.00856631179389632,-0.00023391310854393015,-0.004937994413684778,-0.004943610750648382,-0.0007397514624441521
service_mtp,-0.004363266171655059,-0.00046640935359978887,-0.0002919027697294874,-0.0008367686549848146,-0.005296254687535447,-0.0004594586402197742,-0.005619007912849013,-0.0015902756436445159,-0.04786362859179368,-0.0006854632934027244,-0.002170394340314827,-0.001441720865590085,-0.0007278614766049476,-0.0015539494112367777,-0.0011052874546695084,-0.0024331455966971143,,-0.00016733766413900439,-0.005765649238363018,0.06859168814532142,-0.014047962765630697,0.06550105025339192,0.06571587937274494,0.018662549944961065,0.018227758228899202,-0.0772063439068272,0.003310474236375772,-0.022157178292583055,0.04080808628662829,-0.056242864230159305,-0.0632939956554799,0.0047627165558534615,-0.025053366879840545,-0.011086475649804172,0.06555124066034582,0.06644843275621737,0.017162012130203443,0.018641221305732397,-0.010502229740559062,0.04068642196845137,0.028181353389063007,-0.02174780027648802,-0.0014203105934582662,-0.004901137710222846,-0.00023665214073924213,-0.005171889711373175,-0.004458864141836971,-0.004506254637695622,-0.003896986966515229,-0.003975928980742428,-0.0038127402590164452,-0.0038861000908905607,-0.003990117237580863,-0.016452665720778255,-0.0034718994769031117,-0.011503958173017264,-0.009365768705295605,-0.003684734602781447,-0.0036384982884502463,-0.007059937844182254,-0.007023126875694714,-0.01418592208492917,-0.003797901122084088,-0.00023665214073924278,-0.003579876035457616,-0.040589658998409585,-0.00016733766413900373,-0.0038495919800022858,-0.00023665214073924373,-0.004257518397348386,-0.004388453578152727,-0.0034637692111997268,-0.002882389288394968,-0.003373060851343059,-0.0036307358652298465,-0.0034596970117053436,1.0,-0.0035362779590773115,-0.00335630855267244,-0.0031124448707539796,-0.0031751462468893646,-0.003166264072842215,-0.0041837948357371525,-0.002877504731045331,-0.0021574193638417573,-0.011212409921081815,-0.0003741843792567105,-0.0014688286388609513,-0.0027166093965747193,-0.001390389274458267,-0.027108504968635566,-0.0004733156413719611,-0.0014783416366157558,-0.0015432956725501246,-0.0013494648892935503,-0.014694286764337063,-0.002621808901411363,-0.0029499320078092387,-0.0032669681202263886,-0.0038897323767594643,-0.0036578333621131117,-0.008167971323465974,-0.0002898396550537201,-0.0004733156413719575,-0.004274100000325453,-0.0005291872082463722,-0.004112214528312931,-0.004672973522224666,-0.004394900115632133,-0.004143040276486172,-0.004394900115632099,0.023389423568337914,-0.006635786880431951,0.0030614668950867245,-0.00038053733373392945,0.06593436964049532,-0.0031972449660839556,-0.0018718206218769652,-0.0011474203734400897,-0.0716930442729942,0.00019132349837494545,-0.0009166524723970731,-0.0004733156413719608,-0.0011952690314775256,-0.0005550184466031078,-0.004455043036181141,-0.0007100018645183444,-0.0005020290577324296,-0.00044274447036606854,0.07819231876784859,-0.005218900677029307,-0.06339230553917027,-0.0002898396550537231,-0.0003346793444863661,-0.0023743210766065566,0.0025645821974574646,-0.0005291872082463825,-0.008588724552059836,-0.008666619997846976,-0.00023665214073924422,-0.004995816421880707,-0.005001498523981857,-0.000748413666476993
service_name,-0.0044357411684848806,-0.0004712156466629936,-0.0002949107927529308,-0.0008453914555900267,-0.005350831956716212,-0.0004641933063874878,-0.005676911115296936,-0.001606663243372105,-0.048356857542390275,-0.0006925269104084506,-0.0021927599936166957,-0.0014565776261514667,-0.0007353620018022055,-0.001569962673497347,-0.0011166773092921606,-0.0024582188701745516,,-0.0001690620586930056,-0.005825063562078283,0.0645826363763928,-0.014409869895619893,0.06042399826577687,0.06062965817022191,0.026797856262364403,0.026375515846377536,-0.07813746264217145,0.005138135584003,-0.022385505356764434,0.041275688007739404,-0.05697210787706015,-0.06407405422258983,0.0036150069056281073,-0.025554198061345804,-0.012516313348928453,0.06055371338996366,0.061352138250998604,0.025214089652681126,0.0268973891855307,-0.01294562344376295,0.041013847147139286,0.02847175885491216,-0.02197190874932506,-0.0014349467237338468,-0.00495164334635329,-0.0002390908126591782,-0.005225185414394267,-0.0045048122019031725,-0.004552691051136551,-0.003937144949696432,-0.004016900451909771,-0.003852030089983659,-0.003926145886124582,-0.004031234917032886,-0.016622208467258696,-0.0035076769845002317,-0.011622505081898164,-0.009462281828223121,-0.003722705350817594,-0.0036759925768139893,-0.007132689656708908,-0.007095499355607167,-0.014332106310175648,-0.0038370380375253965,-0.00023909081265917882,-0.0036167662285370894,-0.04100793056497945,-0.00016906205869300512,-0.0038892615635332667,-0.00023909081265917985,-0.004301391613672419,-0.004433676065807146,-0.003499462937384054,-0.0029120919642210753,-0.0034078198387610583,-0.0036681501627535465,-0.003495348774362427,-0.0035362779590773115,1.0,-0.003390894909662428,-0.003144518241757249,-0.0032078657480516942,-0.003198892044266514,-0.004226908339603254,-0.0029071570720940105,-0.0021796513115676162,-0.011327952460202816,-0.0003780403043952715,-0.0014839647417738604,-0.002744603730503733,-0.001404717069131135,-0.027387854860218608,-0.00047819310227417266,-0.0014935757698292687,-0.0015591991493116078,-0.0013633709630868278,-0.014845709626617944,-0.0026488263276105424,-0.0029803307032560174,-0.0033006338347779246,-0.0039298156022634905,-0.0036955268960913628,-0.008252141288069675,-0.000292826417927933,-0.00047819310227416496,-0.004318144088078942,-0.0005346404189424853,-0.0041545904056982655,-0.004721127953769881,-0.004440189034081854,-0.004185733809508441,-0.0044401890340819185,0.03267200720640757,-0.006704167868161182,0.002995913069009173,-0.0005459652417006794,0.0609158711616939,-0.003230192191896408,-0.0018911095088292261,-0.001159244402736091,-0.07243183249344774,0.00013335059684871904,-0.0009260984661573204,-0.00047819310227417044,-0.0012075861354544069,-0.000560737845111605,-0.005423124838127535,-0.0007173183485556031,-0.0005072024069455799,-0.0004473068990185872,0.07913400245315626,-0.005298322767048694,-0.06404555564278454,-0.00029282641792793693,-0.0003381281749809155,-0.0023987881704614646,0.002351974491199901,-0.0005346404189424971,-0.007908700297152502,-0.008755928477218773,-0.00023909081265918025,-0.005047297710776458,-0.005053038366258039,-0.0007561259795253059
service_netbios_dgm,-0.0041058244622909105,-0.00044723438376360387,-0.0002799020969070914,-0.0008023675190661128,-0.0050785156789331385,-0.0004405694298782248,-0.0053879999110715265,-0.001524896415778713,-0.045895864643013894,-0.0006572826059652256,-0.002081165339857434,-0.0013824490045344332,-0.0006979377199757964,-0.0014900636232256465,-0.0010598470049934807,-0.0023331143970539343,,-0.00016045809749406657,-0.00552861253541427,0.059203573492148685,-0.01357508328699116,0.06398955172986584,0.06415253310555784,0.016018056300516163,0.015906181655227662,-0.07544572812930403,0.005042506235690707,-0.021246254947789273,0.04121679386363205,-0.0542513937402576,-0.061067455316128574,0.0016315201171831738,-0.023050296965270157,-0.016406620058789192,0.06420635071613456,0.06485845047245825,0.01614707557927186,0.016282075448802183,-0.006160878196052838,0.037352423322458105,0.02702276485621746,-0.020853707233223634,-0.0013619189490279445,-0.004699642704977148,-0.0002269229253694709,-0.004959263581250501,-0.004275551836252149,-0.004320994019540169,-0.003736774490211532,-0.0038124710495032427,-0.003655991323582824,-0.00372633519455511,-0.0038260760003717862,-0.01577626563538605,-0.00332916314818251,-0.011031008778515565,-0.008980724308263396,-0.0035332482210443834,-0.003488912768706791,-0.006769690498146455,-0.006734392897927077,-0.013602712101060177,-0.0036417622515274094,-0.00022692292536947154,-0.003432700586981958,-0.03892094164412069,-0.00016045809749406598,-0.0036913280008885937,-0.00022692292536947216,-0.004082483794664579,-0.004208035983497901,-0.0033213671330200524,-0.0027638888341894505,-0.0032343879647359275,-0.0034814694733297526,-0.003317462349319061,-0.00335630855267244,-0.003390894909662428,1.0,-0.0029844863981218443,-0.003044610002552025,-0.0030360929914143393,-0.004011791147569909,-0.002759205090195243,-0.002068723789112671,-0.010751446624508386,-0.0003588009544441394,-0.0014084423261737956,-0.002604924466059195,-0.001333227751825244,-0.0259940232556514,-0.00045385674360578696,-0.0014175642266679265,-0.0014798478798085197,-0.001293985845238118,-0.014090176950714456,-0.0025140213978606177,-0.0028286547451548696,-0.0031326569056792392,-0.003729818150308631,-0.0035074529410631357,-0.007832170633508717,-0.0002779238007626505,-0.00045385674360578837,-0.004098383696702623,-0.0005074313251012748,-0.003943153641444732,-0.004480858776619983,-0.004214217491675971,-0.003972712085033314,-0.004214217491675879,0.02097046849522211,-0.00636297717963659,-0.0016212024514303122,-0.0007334570349204185,0.06453072261044475,-0.0030658002017654113,-0.0017948665495118067,-0.0011002477600929527,-0.06874560814979824,0.00042898850704776537,-0.0008789671622396138,-0.00045385674360578983,-0.001146129269649323,-0.0005322005925818779,-0.00973557025723109,-0.0006808123501904324,-0.00048138969732222805,-0.0004245424110375019,0.07743628393997304,-0.004899313227768906,-0.06078612842431235,-0.00027792380076265336,-0.00032092004608259644,-0.002276708263812498,0.000623638262502051,-0.0005074313251012868,-0.008100071471176298,-0.008310318921408042,-0.00022692292536947287,-0.004790428996419552,-0.0047958774965978996,-0.0007176449706008856
service_netbios_ns,-0.0034817788185010795,-0.00041473908782136055,-0.00025956488569504974,-0.00074406885719385,-0.004709519350762014,-0.00040855840299415297,-0.004996516983959703,-0.0014141000308039232,-0.04256114902881202,-0.0006095255675892239,-0.0019299513991562671,-0.0012820026066483342,-0.0006472267500300811,-0.0013817981298271669,-0.0009828403207593343,-0.0021635942655541915,,-0.00014879948451660874,-0.005126912933715452,0.051620373557633485,-0.012391193646998422,0.0563051760649603,0.056465574736079265,0.019287424222848473,0.018929357411187404,-0.06746256922860769,0.0035065729816416875,-0.019702538129970897,0.038440048468298876,-0.050015121417184664,-0.05631502254229259,0.0010478120122419297,-0.021176538826560513,-0.015214542896458783,0.056215658450545755,0.057110949851794414,0.020186668916538898,0.019332617043029965,-0.0064949508250894674,0.0343783178856259,0.02505933663439668,-0.019338512265974286,-0.0012629642301240007,-0.00435817464393587,-0.0002104350908262933,-0.0045989319080599915,-0.003964897497815012,-0.00400703792920587,-0.003465266799133335,-0.0035354633749259835,-0.0033903532002579903,-0.003455586004977977,-0.003548079813159533,-0.014629988955398928,-0.003087271805273538,-0.010229514406414005,-0.008328200125299454,-0.0032765284031868397,-0.003235414289554223,-0.006277816278473713,-0.00624508334196684,-0.012614362131150603,-0.0033771579884234524,-0.00021043509082629405,-0.0031832863895301915,-0.03609301209470231,-0.00014879948451660825,-0.0034231223745766247,-0.00021043509082629478,-0.0037858574523853836,-0.0039022872323098276,-0.003080042235338481,-0.0025630693633507794,-0.002999382825769896,-0.0032285118113839014,-0.0030764211665926418,-0.0031124448707539796,-0.003144518241757249,-0.0029844863981218443,1.0,-0.0028233938081598225,-0.0028154956285932438,-0.0037203012130239037,-0.002558725932244329,-0.0019184138303683933,-0.009970264763944517,-0.0003327310861786292,-0.0013061072976624476,-0.0024156550763581516,-0.0012363576866051896,-0.02410534165218237,-0.00042088028306222464,-0.0013145664163516327,-0.001372324644984964,-0.0011999670303354034,-0.013066408612327189,-0.0023313568707818474,-0.0026231294931691705,-0.002905043372770376,-0.0034588158950789602,-0.003252607364460064,-0.007263098410819187,-0.0002577303291902021,-0.00042088028306222486,-0.003800602094532347,-0.0004705622264120469,-0.0036566507915778874,-0.0041552871844153134,-0.003908019602597108,-0.0036840615688324536,-0.003908019602597158,0.024205058017893532,-0.005900654059268608,-0.0015034086333898806,-0.000705084737034694,0.05677082385642595,-0.0028430443634698084,-0.0016644545929091334,-0.001020305625575781,-0.06375066896108994,0.000858216400242784,-0.0008151029003264706,-0.00042088028306222415,-0.0010628534625341918,-0.000493531800964714,-0.009028200249007289,-0.0006313456805420579,-0.00044641273910033007,-0.0003936958801356533,0.07219488445884269,-0.0043463970608267274,-0.05636951152080302,-0.00025773032919019937,-0.0002976025403136913,-0.0021112865062015967,-3.19555395837554e-05,-0.0004705622264120612,-0.008167408473444531,-0.007706505255802689,-0.00021043509082629503,-0.00444236455755684,-0.004447417178961369,-0.0006655021052789054
service_netbios_ssn,-0.00364627317035114,-0.00042309355514427466,-0.0002647939182419238,-0.0007590584050325641,-0.004804394394816292,-0.00041678896615693947,-0.005097173703608674,-0.001442587609413814,-0.0431128326676266,-0.0006218046901005097,-0.001968830998193868,-0.001307829032812986,-0.0006602653770849457,-0.001409634974455513,-0.0010026400098115166,-0.0022071806882805072,,-0.00015179710626891767,-0.005230196528965944,0.05757532618577847,-0.012570534392102964,0.05994643089372121,0.060053497425019635,0.016161047001861113,0.014540842463387896,-0.06992268450028633,0.00625790071254143,-0.02009945319366189,0.03923105900230795,-0.05099853867363574,-0.05745194218799085,0.0029078380045858237,-0.022032152483126746,-0.015521045603010807,0.060186106617131585,0.06071936619853007,0.016169752783313895,0.014889815977130865,-0.00584898115039908,0.03562941849277024,0.02556416642488813,-0.019728093891301254,-0.0012884071210110767,-0.004445971716321434,-0.00021467438512061995,-0.004691579126360336,-0.00404477185372243,-0.004087761220001725,-0.003535075906123042,-0.003606686618417826,-0.003458653144536137,-0.0035252000887173087,-0.0036195572195591896,-0.014924715602276685,-0.0031494660605080006,-0.010435591833360845,-0.008495974858755551,-0.0033425353039859772,-0.003300592931023328,-0.006404285255799193,-0.0063708929019371105,-0.012868483215230094,-0.0034451921101811933,-0.00021467438512062052,-0.003247414894787315,-0.03682011943995188,-0.00015179710626891707,-0.0034920824662340996,-0.00021467438512062133,-0.003862124979032261,-0.003980900280798133,-0.003142090848159157,-0.002614703362629869,-0.003059806524354943,-0.0032935513998262026,-0.0031383968316173213,-0.0031751462468893646,-0.0032078657480516942,-0.003044610002552025,-0.0028233938081598225,1.0,-0.00287221485021709,-0.0037952480844968715,-0.0026102724314650996,-0.001957061000730059,-0.010171119509038602,-0.00033943407943722633,-0.0013324193219214208,-0.002464319359211572,-0.0012612645786353556,-0.02459095285384862,-0.00042935907514758296,-0.001341048852747896,-0.0013999706426871693,-0.0012241408188661375,-0.013329636343310981,-0.0023783229344813243,-0.0026759734264219827,-0.0029635665674837565,-0.0035284950461728034,-0.0033181323669095727,-0.007409416268412335,-0.00026292240390417043,-0.00042935907514758074,-0.0038771666575579413,-0.0004800418799894156,-0.003730315401297753,-0.004238997012386525,-0.0039867481318474314,-0.0037582783790011797,-0.003986748131847442,0.01887837787356561,-0.004669921049525334,-0.001533695367491823,-0.0009843141134215534,0.060376722969467195,-0.0029003185647508774,-0.0016979856586224241,-0.0010408600673278206,-0.06412138743182089,0.0007443504707024004,-0.0008315234557627107,-0.00042935907514758323,-0.00108426504651352,-0.0005034741852870353,-0.009210076749040544,-0.0006440643774607207,-0.00045540589214505876,-0.0004016270321683506,0.07282268744136916,-0.004490059959210132,-0.057505096596590075,-0.0002629224039041689,-0.00030359785576309685,-0.002153819169381927,-0.0003544427738458266,-0.00048004187998941484,-0.005691599475789604,-0.007861755711569642,-0.00021467438512062185,-0.0045318576675140426,-0.004537012075882957,-0.0006789088962598817
service_netstat,-0.0034580283600424097,-0.00042191059812398904,-0.00026405318207244185,-0.0007569350102843358,-0.004790954551770363,-0.00041562303808607076,-0.005082914837885815,-0.0014385521057774522,-0.043297100082021124,-0.0006200652497562264,-0.0019633233779976097,-0.001304170503664941,-0.0006584183465733915,-0.0014056916527271108,-0.0009998352183526917,-0.002201006307164619,,-0.00015137246809073367,-0.005215565544356337,0.052777063193081536,-0.012623168770307617,0.06607658597897417,0.06627896914200339,0.007313229414158703,0.007051770618135942,-0.07034901392811747,0.005292470539573832,-0.020043226857096984,0.037988687622351955,-0.05103757613747002,-0.057451171669039104,-0.0009179816820207217,-0.023394522854530902,-0.01547762693258708,0.06632265190918722,0.06696252382467194,0.004299355231244851,0.007302311287815651,-0.005015002806264607,0.03619309169386981,0.02549265306521824,-0.019672906397580094,-0.0012848029228410749,-0.004433534527126638,-0.00021407385364778132,-0.004678454873454582,-0.004033456983542383,-0.004076326091098525,-0.00352518686258715,-0.003596597250625665,-0.0034489778865133755,-0.003515338671854977,-0.0036094318474666452,-0.014882965109141603,-0.003140655724375274,-0.010406399243243046,-0.008472208165340847,-0.003333184874739414,-0.003291359831634188,-0.006386369868013183,-0.006353070926131527,-0.01283248483948475,-0.003435554508140384,-0.00021407385364778173,-0.0032383305559706994,-0.03671711860664267,-0.00015137246809073318,-0.0034823136928168697,-0.00021407385364778287,-0.0038513210463663526,-0.0039697640853571855,-0.0031333011434918744,-0.00260738897502604,-0.0030512470023717174,-0.003284337998460774,-0.0031296174606151132,-0.003166264072842215,-0.003198892044266514,-0.0030360929914143393,-0.0028154956285932438,-0.00287221485021709,1.0,-0.00378463123367561,-0.002602970438975898,-0.0019515863059985739,-0.010142666755461185,-0.0003384845444121663,-0.0013286920037442807,-0.0024574256567631123,-0.0012577363091838194,-0.0245221619679326,-0.00042815798337489955,-0.0013372973942670275,-0.001396054356021158,-0.0012207163996532618,-0.013292347934909689,-0.002371669798971349,-0.0026684876415569193,-0.002955276267760125,-0.0035186244119758733,-0.003308850202592467,-0.007388689120820538,-0.00026218690312064443,-0.0004281579833748986,-0.0038663206472060547,-0.0004786990078202374,-0.00371988019357216,-0.004227138815528176,-0.003975595577591326,-0.0037477649474661956,-0.003975595577591375,0.010082378078182342,-0.006002685904475694,0.0037206533528833814,0.00014645743273612909,0.0664273475811418,-0.0028922051953872594,-0.001693235702879685,-0.0010379483588401261,-0.06485302106001901,0.000760324204191997,-0.000829197346826581,-0.0004281579833748949,-0.0010812319166644915,-0.0005020657634398914,-0.009184312422514355,-0.0006422626677272524,-0.0004541319368429637,-0.00040050351818682756,0.07163727682799156,-0.004469775779577936,-0.0573442314783055,-0.00026218690312064356,-0.00030274856921515416,-0.0021477940621140138,0.0036674886728077067,-0.0004786990078202491,-0.006550412251892521,-0.007839763186779427,-0.0002140738536477826,-0.0045191802204202665,-0.004524320209814795,-0.000677009712250734
service_nnsp,-0.007803290813984402,-0.0005574985165526005,-0.00034891099229223093,-0.0010001884600147988,-0.006330606181547817,-0.000549190301362624,-0.006716392682354269,-0.0019008543610476816,-0.05721133157505278,-0.0008193333626217115,-0.00259426946735209,-0.0017232870324856244,-0.0008700118545941634,-0.001857433663781341,-0.0013211486240239845,-0.0029083356945253445,,-0.00020001848730901705,-0.006891672863640554,0.022272921590270882,-0.01650779568033948,0.08099562223079736,0.08120142461803918,0.01856064369987699,0.018125843074174346,-0.08972042104034951,0.0024608675756085286,-0.026484445733850663,0.05100430166188198,-0.06662834731648426,-0.07511564227858278,-0.0033848069281710927,-0.031757870757857416,-0.02045161557604901,0.0813127391848534,0.08208515136392394,0.019670458049653828,0.018572143418831375,-0.0047652866351995254,0.04440594728580163,0.03368513421173937,-0.025995116735873503,-0.0016976953626920142,-0.005858323384254032,-0.00028286998896903274,-0.006181952891003972,-0.0053296743763903915,-0.005386320173039002,-0.004658063336284297,-0.004752422620860762,-0.0045573633588980155,-0.004645050268334576,-0.004769381825382809,-0.019665849446407153,-0.004149956825513529,-0.013750665898633432,-0.011194890872644407,-0.004404358368306793,-0.00434909216330244,-0.008438734312175108,-0.008394734210517382,-0.016956413794291414,-0.004539626158265594,-0.0002828699889690334,-0.004279021062295144,-0.04851676539781747,-0.0002000184873090164,-0.004601412171962493,-0.00028286998896903437,-0.005089006075885781,-0.005245512723297023,-0.004140238729735285,-0.003445316081510346,-0.00403181514788249,-0.0043398137491546356,-0.004135371235097477,-0.0041837948357371525,-0.004226908339603254,-0.004011791147569909,-0.0037203012130239037,-0.0037952480844968715,-0.00378463123367561,1.0,-0.0034394775766090993,-0.002578760495236513,-0.013402178660988896,-0.00044726209068760226,-0.0017556889178104492,-0.0032471595973814784,-0.0016619304499005136,-0.03240275992218561,-0.0005657535564036287,-0.0017670597913700915,-0.001844699264103552,-0.0016130135867614198,-0.017564061419228266,-0.0031338446916409487,-0.003526049804163232,-0.0039050026475311093,-0.004649391934801173,-0.004372203351127036,-0.009763165255767245,-0.0003464449540651803,-0.0005657535564036323,-0.005108826043863111,-0.0006325367659536247,-0.004915324554549174,-0.005585599033903564,-0.005253218260969422,-0.004952170530328222,-0.005253218260969277,0.02734246434265333,-0.007931747229520818,-0.0020209043172082003,-0.007419204214507463,0.08181204895303405,-0.0038216626541485678,-0.002237384698944139,-0.001371510045774205,-0.08569460043466903,-0.0008199192391482052,-0.0010956734806853172,-0.0005657535564036229,-0.00142870348306557,-0.0006634128107939723,-0.012135841483562834,-0.0008486642840285706,-0.0006000746647771973,-0.0005292118763740632,0.09971803243580409,-0.00668669931532246,-0.07577273846994353,-0.00034644495406518445,-0.00040004177518655233,-0.0028380228239248866,-0.007147796210285042,-0.0006325367659536556,-0.0115235375790218,-0.01035919935282165,-0.00028286998896903513,-0.0059714927223322575,-0.005978284531413941,-0.0008945778598043236
service_nntp,-0.0028271375404622973,-0.00038343175009637216,-0.00023997186058425738,-0.0006879034796462608,-0.004354025460854194,-0.00037771873441704425,-0.004619359332334086,-0.0013073579445678652,-0.037662572428973494,-0.0005635160708906866,-0.0017842707300433176,-0.0011852317772778533,-0.0005983714130234724,-0.0012774943239280978,-0.0009086514911224948,-0.0020002772719591422,,-0.0001375674874427359,-0.004739912459509748,0.043267179548060655,-0.011234356422500015,0.0606177085251501,0.06072874073064939,0.00408126581663871,0.0026697131344647525,-0.061979946228212686,0.008391961856273437,-0.018215309519316596,0.034285601505795606,-0.04624087522689914,-0.05184889584164792,0.002651460668850593,-0.01974637797568902,-0.014066086624258338,0.06087862079283061,0.061351467540295,0.002956173892433038,0.002848483539556916,-0.005644156554840646,0.033314681957178315,0.023167754841186484,-0.01787876182470028,-0.0011676304957146505,-0.004029201697509843,-0.00019455058469322768,-0.0042517856131512035,-0.0036656107278483976,-0.003704570226162674,-0.0032036942091845304,-0.00326859205873192,-0.0031344353968570516,-0.00319474416118729,-0.0032802561563186694,-0.013525657218823095,-0.0028542318320791617,-0.009457348587068272,-0.007699553327618095,-0.0030292025636074276,-0.0029911919123659625,-0.005803940886370201,-0.005773678766534743,-0.011662178197139217,-0.003122236213881007,-0.00019455058469322828,-0.0029429988406273412,-0.033368563098443854,-0.00013756748744273522,-0.003164731019124992,-0.00019455058469322904,-0.0035000853614038097,-0.003607726542687186,-0.0028475479798166477,-0.002369598346412715,-0.0027729770742183947,-0.002984810461636389,-0.0028442002442324948,-0.002877504731045331,-0.0029071570720940105,-0.002759205090195243,-0.002558725932244329,-0.0026102724314650996,-0.002602970438975898,-0.0034394775766090993,1.0,-0.0017736040643992481,-0.009217668173854584,-0.0003076151753373646,-0.0012075169470764503,-0.002233311496087796,-0.001143032323528014,-0.022285771323820855,-0.00038911050830014944,-0.001215337536696289,-0.001268735936684314,-0.001109388583660953,-0.01208010235073998,-0.0021553764657701604,-0.00242512489061708,-0.0026857587511305023,-0.003197730245899485,-0.0030070871832662527,-0.0067148498710974955,-0.00023827578394955548,-0.0003891105083001479,-0.0035137170173197866,-0.00043504225423401954,-0.0033806317507552395,-0.0038416290178694456,-0.0036130262100890144,-0.00340597344980764,-0.0036130262100890925,-0.013482310146453819,0.0436632422918343,-0.0013899251665222085,-0.0008084452211009528,0.06132005411070222,-0.0026284396820415445,-0.0015388147146670663,-0.0009432887606440968,-0.05725926962209883,-0.0022544859267060726,-0.0007535755810544157,-0.00038911050830014803,-0.000982624911878119,-0.00045627799083017425,-0.008346714563028162,-0.0005836891119760691,-0.00041271566954660785,-0.00036397809591049855,0.06447899376030725,-0.005322096711538532,-0.05211450895467152,-0.0002382757839495548,-0.00027513827659102067,-0.0019519179174137945,0.0023315203163949676,-0.00043504225423403504,-0.0024884813808507427,-0.007124786543777965,-0.00019455058469322926,-0.004107036610194337,-0.004111707838954828,-0.0006152672692952296
service_ntp_u,-0.00395995069176349,-0.00028708375107816607,-0.0001794861579431194,-0.000515758070327762,-0.003264446010656577,-0.0002831959589588842,-0.003463381020576095,-0.0009801962494283567,-0.0295016460933718,-0.00042249817004955,-0.0013377632995004982,-0.0008886317229479794,-0.00044863108626660503,-0.0009578058940807031,-0.0006812646737922834,-0.0014997149693684124,,-0.00010314171095600469,-0.0035537661546593768,-0.025932585997984915,-0.01340595751755489,-0.02323762858442098,-0.02304476437981244,-0.013654152181164118,-0.013656344189054915,0.014467164069871478,0.013331406176075805,-0.011120616847599017,-0.021553759645692807,-0.024949621527885324,-0.008950579646927501,-0.005940092525840042,0.03094620301797722,-0.006645483774881826,-0.023321853233795372,-0.022787551309293524,-0.01409027732232463,-0.013727183165255053,0.017284924222400386,-0.030211199193950024,-0.07655485292196883,0.09920172782597078,-0.0008754350997545641,-0.003020908243606558,-0.0001458649899461414,-0.003187791322721354,-0.0027483046263118926,-0.0027775146481623446,-0.002401981080396537,-0.002450638472954217,-0.0023500540405484226,-0.0023952707502106567,-0.002459383671432568,-0.010140909405898116,-0.002139970425412366,-0.007090680599829964,-0.005772767378179461,-0.0022711553510987516,-0.0022426567307017716,-0.004351525236345671,-0.004328836104814536,-0.008743759409195093,-0.0023409076599042364,-0.00014586498994614188,-0.002206523804472267,-0.025018198370087792,-0.00010314171095600436,-0.0023727682906468745,-0.00014586498994614236,-0.002624201396551114,-0.0027049057534691045,-0.0021349591835051994,-0.0017766147530262999,-0.0020790493829125948,-0.0022378722154150427,-0.0021324492068936964,-0.0021574193638417573,-0.0021796513115676162,-0.002068723789112671,-0.0019184138303683933,-0.001957061000730059,-0.0019515863059985739,-0.002578760495236513,-0.0017736040643992481,1.0,-0.006910979361106876,-0.00023063556724137757,-0.0009053401079356004,-0.0016744332042852054,-0.0008569925330341522,-0.016708835983283515,-0.00029173698177589665,-0.000911203622702595,-0.0009512392622236785,-0.0008317680199071741,-0.009057099523589096,-0.0016160011392689834,-0.0018182459762112104,-0.0020136571362617144,-0.0023975095777999857,-0.0022545742663582858,-0.005034482473963746,-0.0001786481129574381,-0.0002917369817758977,-0.002634421778855584,-0.00032617447097398045,-0.0025346406288784882,-0.002880274962688563,-0.00270887919787442,-0.0025536406574998916,-0.002708879197874364,-0.011409667107657595,-0.004090091826658946,-0.001042101316530804,-0.00510642176051282,-0.02255290897063455,-0.001970681961195746,-0.0011537317825994586,-0.0007072340892967083,0.03009245019121654,-0.0016903088086382665,-0.0005649959609603939,-0.00029173698177589546,-0.0007367265080078463,-0.00034209603970110586,-0.006257978806587171,-0.00043762297905355414,-0.00030943503502678637,-0.00027289386657107875,-0.025427976382545125,-0.003990260859637476,0.034032826941570976,-0.00017864811295743648,-0.00020628589737743322,-0.0014634573720156475,-0.005629814021114928,-0.00032617447097398825,-0.006292125475259552,-0.005341833946247383,-0.0001458649899461427,-0.003079265245072667,-0.0030827675153806927,-0.00046129881434924593
service_other,0.17232679946649893,-0.000976447502156946,0.013256186487105177,-0.002680466765776745,-0.01696578210531316,-0.0014718089737484703,-0.01771470097415135,-0.005094216885180372,-0.13034114344092793,-0.002195782031485458,-0.006952542812385294,-0.004618343245435398,-0.002328023651564651,-0.0038977023366471414,0.004314586232144251,-0.007794228272521928,,-0.0005360418853111268,-0.018469419324554304,0.08803085934324285,-0.00239316675333437,-0.1014979212976147,-0.10793084394785997,0.11600497678382139,0.12289179609997589,-0.040598334225562464,0.3197383946574226,-0.0709773002165545,0.10351060608273645,-0.16243807237549499,-0.1769140255046777,0.5077096557179407,0.30414638914278047,-0.05480954645010519,-0.10406286676227139,-0.10655788195656266,0.1292184624989198,0.12506022257551508,-0.03542523428124706,0.05969520947952564,-0.18826067152036594,0.2642696290841137,-0.004549758550545521,-0.015700082296923552,-0.0007580807365603048,-0.016567396980053377,-0.014283323203024115,-0.014435131768517158,-0.012483431338138742,-0.012736310606857327,-0.012213559255536828,-0.012448556814432042,-0.012781760625441485,-0.052703723317386,-0.011121725349673333,-0.03685125795996526,-0.0300018787761029,-0.011803511740819662,-0.01165540042809508,-0.022615484754413606,-0.022497566167168505,-0.04544253954068226,-0.012166024237174129,-0.0007580807365603077,-0.011467612561107565,-0.1300230730815595,-0.0005360418853111241,-0.012331608387487081,-0.0007580807365603103,-0.013638341375230614,-0.014057773196112592,-0.011095681225189212,-0.009233315143375954,-0.010805110178430005,-0.011630534633540988,-0.011082636525984313,-0.011212409921081815,-0.011327952460202816,-0.010751446624508386,-0.009970264763944517,-0.010171119509038602,-0.010142666755461185,-0.013402178660988896,-0.009217668173854584,-0.006910979361106876,1.0,-0.0011986452729740955,-0.004705179057118718,-0.008702263355273054,-0.004453909954054832,-0.08683815557077583,-0.0015161978628882604,-0.004735652562755795,-0.004943723376101849,-0.004322814634350324,-0.04707101190270259,-0.008398583747831896,-0.009449678427996782,-0.010465257534387502,-0.012460192314277087,-0.011717337526310097,-0.026164908957740467,-0.0009284592081066891,-0.0015161978628882569,-0.01369145813030802,-0.0016951743066956923,-0.013172881550023548,-0.014969191483284662,-0.014078423741953124,-0.013271627353916274,-0.014078423741953006,0.08662408970801498,-0.01849336994516502,-0.005415946169796004,0.1253361452045706,-0.10655596575726575,-0.004561250830265745,-0.00046209025629030274,-0.0014200528607210907,0.017615148109610353,-0.008784771089622336,-0.0029363629641123204,-0.0015161978628882569,-0.003828870615493895,-0.0017779209243200707,-0.03252359037510118,-0.002274387777486106,-0.0016081771188363094,-0.0014182675599496931,-0.12674700757950827,-0.02073794330400084,0.023985080618137353,-0.0009284592081066957,-0.0010720966359619962,-0.007605792472284641,0.10993740375965122,0.012972346805692092,0.27994398597016246,-0.027762257509833795,-0.0007580807365603131,-0.016003371788604927,-0.01341678391766706,-0.0023974344020822945
service_pm_dump,-0.000697997300694442,-4.979774376275318e-05,-3.05323460366444e-05,-8.945345380073219e-05,-0.0005661878838147536,-4.911771252592277e-05,-0.0006006913162242139,-0.00017000594844433689,-0.005116786896193273,-7.327838905439403e-05,-0.00023202263695483867,-0.00015412493055915957,-7.78109009974774e-05,-0.00016612254897295425,-0.00011815903914876576,-0.0002601116520414533,,-1.788897315764387e-05,-0.000616367779436592,0.0023450116840906974,-0.002328285891833679,-0.003803694037293881,-0.003996900648570327,0.007105271840433008,-0.002368566241195665,-0.00697424778489803,0.03282002619683707,-0.0023686787416603333,-0.0006973885652763354,-0.00654800864167125,-0.0072284688751489195,0.008866738315346973,-0.002874981495934899,-0.001829122932547497,-0.0037321241160009457,-0.0039522894270609,0.003120088993755901,-0.002380852604607799,-0.04275937741935257,0.012977863538833232,0.003012683826542711,-0.0023249148204956827,-0.00015183609866088299,-0.000523948516857873,-2.5298929653198722e-05,-0.0005528928391410807,-0.00047666794775290487,-0.00048173415512888694,-0.0004166013407583538,-0.000425040514215122,-0.0004075950773040231,-0.00041543749622386576,-0.0004265572877821705,-0.001758846682634435,-0.0003711580227196599,-0.0012298127861568075,-0.0010012329611016695,-0.0003939108313800902,-0.0003889680099881805,-0.0007547316931847213,-0.0007507964737553986,-0.0015165239738432089,-0.00040600872241117967,-2.5298929653198756e-05,-0.00038270108905546303,-0.004339174471189557,-1.7888973157643772e-05,-0.00041153465331592574,-2.529892965319888e-05,-0.00045514339357021405,-0.00046914081576952734,-0.0003702888692885882,-0.00030813735135651647,-0.00036059183292203175,-0.00038813818018661596,-0.00036985353712459427,-0.0003741843792567105,-0.0003780403043952715,-0.0003588009544441394,-0.0003327310861786292,-0.00033943407943722633,-0.0003384845444121663,-0.00044726209068760226,-0.0003076151753373646,-0.00023063556724137757,-0.0011986452729740955,1.0,-0.00015702284497012597,-0.0002904149094298292,-0.0001486374065123713,-0.0028979926319811153,-5.059907371817006e-05,-0.00015803981722416012,-0.00016498362758083867,-0.0001442624486601058,-0.001570869910551603,-0.0002802804096922234,-0.00031535790090113,-0.00034925015423342877,-0.0004158258001048015,-0.0003910349960163164,-0.0008731842918311333,-3.09848582861155e-05,-5.059907371816997e-05,-0.0004569160240900259,-5.6571936822446154e-05,-0.00043960990906599396,-0.0004995569786131304,-0.00046982997284914847,-0.00044290528781096473,-0.0004698299728491515,-0.0019789009386668053,-0.0007093884929891454,-0.00018074280818277687,-0.000885661493868262,-0.003911592889656066,-0.0003417965086997756,-0.0002001040771841195,-0.0001226631934096596,0.005219256387438028,-0.0002931683857635209,-9.799330926466005e-05,-5.059907371817099e-05,-0.00012777837990198332,-5.933338525051073e-05,-0.0010853883831721237,-7.59016468981841e-05,-5.366863691053081e-05,-4.733091014999964e-05,-0.004410246666885037,-0.0006920737376607847,-0.0067768559936953,-3.0984858286116156e-05,-3.577837566180642e-05,-0.0002538231080586903,-0.0009764390271672969,-5.657193682245069e-05,0.03665463572654832,-0.0009264915541082403,-2.5298929653198753e-05,-0.000534069997518933,-0.0005346774338213625,-8.000800094412361e-05
service_pop_2,0.0022539711669058242,-0.0001957232243962909,-0.00012247068367512835,-0.00035114184896906884,-0.0022225219031730198,-0.00019280736137817635,-0.0023579621633000344,-0.0006673437473466874,-0.019426114056359804,-0.0002876480217225981,-0.000910784930948431,-0.0006050041757954934,-0.0003054400080187792,-0.0006520997963003046,-0.00046382315848341306,-0.001021045946864113,,-7.022162749272967e-05,-0.0024194987730541493,0.03039638425364401,-0.006010359386200194,0.019659798082462883,0.019652144499118604,0.01770891237057266,0.01660198300939383,-0.03078106299582989,0.004263172318947842,-0.009298044934219287,0.018074626583632323,-0.02378996572678907,-0.02676310685875097,0.0065634739666879565,-0.007954469955619638,-0.007180064952631293,0.019751461792186575,0.019935322343753465,0.017328539959605576,0.016892630463207912,0.009453992482633634,0.018902362392409878,0.011826031575795752,-0.009126253420946806,-0.0005960195627862626,-0.0020567148964858303,-9.930877521120249e-05,-0.0021703333473320837,-0.001871119083798569,-0.001891006045672965,-0.0016353327776784101,-0.001668460028169842,-0.0015999794641138702,-0.0016307642059308978,-0.0016744139925185626,-0.006904201570228501,-0.001456948936234543,-0.004827524452872125,-0.0039302539843032265,-0.0015462631321968802,-0.0015268605114043292,-0.002962634431207172,-0.002947187065367046,-0.0059529845920478375,-0.0015937523642476263,-9.930877521120283e-05,-0.0015022602516026407,-0.01703305665767832,-7.022162749272932e-05,-0.0016154439313445133,-9.930877521120315e-05,-0.0017866262952833721,-0.0018415719737678777,-0.0014535371490999713,-0.0012095667041854264,-0.001415472265804783,-0.0015236030857994625,-0.0014518282900845884,-0.0014688286388609513,-0.0014839647417738604,-0.0014084423261737956,-0.0013061072976624476,-0.0013324193219214208,-0.0013286920037442807,-0.0017556889178104492,-0.0012075169470764503,-0.0009053401079356004,-0.004705179057118718,-0.00015702284497012597,1.0,-0.0011399987807350555,-0.0005834633715204346,-0.011375821143356083,-0.00019862231749150495,-0.0006203717271157082,-0.000647629058207314,-0.0005662898502740684,-0.006166314898357012,-0.0011002166725543395,-0.001237910351187806,-0.0013709514803468905,-0.0016322884594607463,-0.0015349742875065586,-0.003427609932282065,-0.00012162839964645716,-0.0001986223174915036,-0.0017935846041223858,-0.00022206827854681616,-0.001725650936166492,-0.001960968008304882,-0.0018442772006863142,-0.001738586662361428,-0.0018442772006863476,0.01712242797754648,-0.0027846435937563846,-0.0007094903679688112,0.00591411384365533,0.01996200942866792,-0.001341692835062218,-0.000785491366327837,-0.00048150382913404456,-0.028771705291298265,-0.001150807315563231,-0.00038466431803114753,-0.0001986223174915055,-0.0005015830543223619,-0.0002329081071466423,-0.004260598864808561,-0.0002979453950542433,-0.00021067162413196196,-0.000185793422135294,0.03010631502268333,-0.002716676009028005,-0.026601966080864407,-0.00012162839964645781,-0.00014044494034833637,-0.0009963608076368508,0.00685828372009967,-0.00022206827854681424,0.001488950735770989,-0.0036368630113321225,-9.930877521120338e-05,-0.0020964458993998863,-0.0020988303384272206,-0.00031406453513154863
service_pop_3,-0.0023427398632827326,-0.0003614827324653661,-0.0001955895912929669,-0.0006494394384764606,-0.004110570645555405,-0.0003565986363493783,-0.004279796795132163,-0.0012342571807377961,0.029264013458312844,-0.0005247359620902524,0.0030810888642485547,-0.0011189596835527386,-0.0005435041669296602,-0.0012060633808908317,-0.0008578443511709679,-0.0018884320064297103,,-0.00012987541775972964,-0.004474880818620937,-0.009434061290034724,-0.015370181417238326,-0.00809300393256442,-0.00792788713862663,-0.00321314302544289,-0.004789797861486322,0.0018647406331002967,0.019767142184576342,-0.017196802656069387,-0.009700725246091134,-0.04555808134309914,-0.045531276042697987,0.0066841753898906,-0.010805889988601363,0.07211312220188883,-0.008636958248983594,-0.007116433047179364,-0.0035845467285439948,-0.004716672274726579,0.010324487021480788,-0.015662807748009124,0.02187233258735301,-0.01687907298573125,-0.0011023425755526924,-0.0038039093642683905,-0.0001836723119112752,-0.0040140475267652275,-0.0034606485403902492,-0.003497429622994376,-0.0030245600288764892,-0.003085829122892433,-0.0029591738147950143,-0.003016110421747538,-0.0030968410238512954,-0.01276937170565673,-0.0026946377989836177,-0.008928542066715736,-0.007269033719932937,-0.00285982506288861,-0.002823939772686199,-0.00547941422266557,-0.005450844205657978,-0.01101008889162376,-0.002947656747682799,-0.00018367231191127557,-0.0027784414108164486,-0.03150276386530861,-0.00012987541775972934,-0.00298777546095058,-0.0001836723119112764,-0.0033043785051047117,-0.003406000942551141,-0.002688327673524655,-0.0022371025369728077,-0.00261792639123527,-0.0028179151400144504,-0.0026851671261770606,-0.0027166093965747193,-0.002744603730503733,-0.002604924466059195,-0.0024156550763581516,-0.002464319359211572,-0.0024574256567631123,-0.0032471595973814784,-0.002233311496087796,-0.0016744332042852054,-0.008702263355273054,-0.0002904149094298292,-0.0011399987807350555,1.0,-0.0010791198072354652,-0.02103966507336073,-0.0003673534405519945,-0.001147382083017353,-0.0011977947178271277,-0.0010473572530778222,-0.01140464486592959,-0.002034858847283296,-0.0022895243210684017,-0.002535584870299477,-0.003018929539888531,-0.002838946261406439,-0.006339389839955166,-0.0002249526218566558,-0.00036735344055199555,-0.003317247948602923,-0.00041071691838013744,-0.0031916041288745935,-0.0036268247886796488,-0.0034110042796812287,-0.0032155288498413857,-0.0034110042796812465,-0.013754350100683096,0.020068816821013725,-0.0013122076663061373,0.0011974920410983423,-0.007713744556007018,0.0007586563227099301,-0.0014527720730917056,-0.0008905448818907899,0.010507401270131691,-0.002128426614509912,-0.00071143949215261,-0.00036735344055199284,-0.0009276815569115297,-0.00043076526129261266,-0.007880009011909425,-0.000551052204767874,-0.0003896387220175423,-0.0003436263040091064,-0.007086400105563237,-0.0050245123075064015,0.015552606247746585,-0.0002249526218566529,-0.0002597539526105306,-0.0018427766594366413,0.002173679503878381,-0.00041071691838012926,-0.004797089798597202,-0.006726404952385428,-0.00018367231191127669,-0.0038773921470763276,-0.003881802184636857,-0.0005808646731799067
service_printer,0.0014487323580874476,-0.00018527051549701115,-0.00011594227307407077,-0.0003323899382835084,-0.002103833309525299,-0.0001825109343624334,-0.0022320406987524745,-0.0006317058124678067,-0.018316339088954893,-0.0002722868506515424,-0.0008621465879852386,-0.0005726953402003859,-0.0002891286974558723,-0.0006172759290392769,-0.000439053765523534,-0.0009665193717558984,,-6.647160541246703e-05,-0.0022902910895230143,0.006827055772211118,-0.005800759079533638,0.02491459457529918,0.025529023123733778,0.008832885038739765,0.005930666420041985,-0.027389810682623618,0.008154353750738223,-0.008801504551269584,0.017257042776904322,-0.02246025820363764,-0.025252600363778143,0.006886719047127868,-0.006884275947823168,-0.006796630346065363,0.024965594558456105,0.02581825649123851,0.008293259253565098,0.006077766772708268,0.009099580241390947,0.0178101091004106,0.01119448996796672,-0.008638887162707212,-0.000564190529473863,-0.001946880838945304,-9.400542191247141e-05,-0.0020544317616721483,-0.0017711963373516324,-0.0017900212824542797,-0.0015480016484546392,-0.001579359815470819,-0.0015145362960668756,-0.001543677050615742,-0.0015849958222533642,-0.00653549880358266,-0.0013791439796168637,-0.004569721779569709,-0.003720367945650746,-0.0014636885594523856,-0.0014453220903268918,-0.002804421855830314,-0.002789799420500321,-0.005635079347457057,-0.0015086417399314614,-9.400542191247153e-05,-0.0014220355499692842,-0.016123446031418104,-6.64716054124669e-05,-0.0015291749195276625,-9.400542191247192e-05,-0.001691215688954329,-0.001743227121752911,-0.0013759143910092157,-0.0011449726181438347,-0.0013398822739420192,-0.0014422386199317969,-0.0013742967896201374,-0.001390389274458267,-0.001404717069131135,-0.001333227751825244,-0.0012363576866051896,-0.0012612645786353556,-0.0012577363091838194,-0.0016619304499005136,-0.001143032323528014,-0.0008569925330341522,-0.004453909954054832,-0.0001486374065123713,-0.0005834633715204346,-0.0010791198072354652,1.0,-0.010768321972632252,-0.00018801535631984625,-0.0005872422233186697,-0.0006130439402769585,-0.0005360484628528523,-0.005837017246788359,-0.0010414621696687425,-0.0011718026388477273,-0.0012977390170954225,-0.0015451199049442647,-0.0014530025691583952,-0.003244566425779404,-0.00011513311891106743,-0.0001880153563198456,-0.0016978024055543718,-0.0002102092405607953,-0.0016334965765410034,-0.0018562470898016133,-0.0017457878823432717,-0.0016457415004776242,-0.001745787882343277,-0.007353173443005225,0.03118744705512081,-0.0006716016912090548,0.004148956121459378,0.025056080129066394,0.005050842537573996,-0.000743544033678926,-0.0004557902412345032,-0.027091053009083415,-0.00108935113749422,-0.0003641222181452567,-0.00018801535631984267,-0.0004747971822776017,-0.0002204701934203821,-0.004033071529019835,-0.00028203431680015725,-0.00019942119786889184,-0.00017587155817041768,0.028621119873521794,-0.0025715982689851796,-0.02518135018596815,-0.00011513311891106696,-0.00013294480618494174,-0.0009431524847603426,0.005406670577287344,-0.00021020924056079434,0.0020430037295027237,-0.0034426448326548512,-9.400542191247239e-05,-0.0019844901004027506,-0.00198674720403047,-0.00029729265183259224
service_private,0.09168211306152332,0.001974578478946971,0.0019294893992825388,-0.006480627015044778,0.17887422833176075,-0.0035584268822283303,-0.043518234413813146,-0.012316406973630697,-0.37043622392074843,-0.005308793428845614,-0.01680932490880682,-0.011165876176213162,-0.005637159949044761,-0.012035066651315901,-0.008560258197352599,-0.018844287476063735,,-0.0012960009680016058,-0.04465394585566374,0.19274774797542976,-0.10629076576746802,0.3245296804913834,0.32257815484021507,0.18237642614268554,0.1832054094543712,-0.41492723510039753,0.16386778940660468,-0.17160347410800947,0.24376682555006846,-0.39048174757415577,-0.4237633681377732,0.24720295070963114,-0.03213211510903746,-0.09031503468905694,0.3220768782337792,0.3276817791134393,0.1738212517513433,0.18708983914051294,-0.010923365125386391,0.3987099150491857,0.040605390559166024,0.04455633248473842,-0.011000057359805339,-0.03795845513584883,-0.0018328294771877479,-0.04005538207327535,-0.03453312363203697,-0.03490015474139784,-0.030181483092163536,-0.03079287519794476,-0.029529007063941466,-0.03009716614283392,-0.03090276076788772,-0.12742302105175354,-0.026889254765342308,-0.08909614583657437,-0.07253624203849035,-0.028537625624240445,-0.028179533449126486,-0.05467798494241586,-0.05439289042386606,-0.1098674876852081,-0.029414080541406398,-0.0018328294771877518,-0.027725514343411597,-0.3143598162640662,-0.0012960009680016015,-0.029814417203469838,-0.001832829477187759,-0.03297373602433362,-0.033987806119915934,-0.02682628727815933,-0.022323601366959975,-0.026123766881540743,-0.028119414837698507,-0.026794748804655658,-0.027108504968635566,-0.027387854860218608,-0.0259940232556514,-0.02410534165218237,-0.02459095285384862,-0.0245221619679326,-0.03240275992218561,-0.022285771323820855,-0.016708835983283515,-0.08683815557077583,-0.0028979926319811153,-0.011375821143356083,-0.02103966507336073,-0.010768321972632252,1.0,-0.0036657469347654626,-0.011449497648656,-0.011952555306832978,-0.010451369760700492,-0.11380468329505775,-0.020305451803855686,-0.02284670792633997,-0.02530209721779549,-0.03012529756217955,-0.028329280216014857,-0.06325951062056288,-0.002244757481512586,-0.003665746934765506,-0.0331021576419049,-0.00409846245715287,-0.031848382949203044,-0.03619136336944774,-0.034037733426219505,-0.032087122982281294,-0.034037733426219026,0.14862028428652901,-0.03785230077907633,0.04091324238901563,0.15025712549379933,0.31615376944649265,-0.024370057946206232,-0.014496923632583173,-0.008886570290881083,-0.414491665293003,0.07832642988331463,-0.007099313221922688,-0.0036657469347654366,-0.009257149786257532,-0.004298520884448675,-0.0373210988310658,-0.005498840374240943,-0.00388812732706543,-0.0034289785573626457,0.35439486048651647,0.040317012072162144,-0.44975480702735493,-0.0022447574815126184,-0.002592033040835184,-0.018388701847019,0.20048384667950786,-0.004098462457152917,0.19073945497038078,-0.0671214574692643,-0.0018328294771877615,0.18428963263230216,-0.038735732101260294,-0.005796333068293057
service_red_i,-0.0008829151038061748,-6.290531233853983e-05,-3.947254504161892e-05,-0.00011315202131830379,-0.0007161859132044963,-6.213028361342146e-05,-0.0007598302103631912,-0.0002150449858030502,-0.0064723580293390955,-9.269175742419445e-05,-0.0002934915226585447,-0.00019495666950054914,-9.842505073170063e-05,-0.0002101327718962205,-0.00014946246957098537,-0.00032902205500635624,,-2.26282316231787e-05,-0.0007796597800917539,-0.005501150959557047,-0.002463292433808158,-0.005098096949409293,-0.005055784524559741,-0.0029955806948491143,-0.002996061598857926,0.006171979453945467,-0.0027986117594521196,-0.002996203903648094,-0.004173857646632179,-0.007966554871315446,-0.008550959011300749,-0.0026673336053022467,-0.002776230805960722,-0.0023137056006630905,-0.00511657497209066,-0.004999354619700952,-0.00026216875432588584,-0.003011602942379818,0.00042423177975414164,-0.0066280266890889755,-0.016795348145190417,-0.002940845771231842,-0.00019206146596459608,-0.0006627562294158235,-3.2001280060419226e-05,-0.0006993686622831779,-0.0006029497967293306,-0.0006093581753961613,-0.0005269699691610749,-0.0005376449011431994,-0.0005155777101583997,-0.0005254977916656132,-0.0005395635078341874,-0.002224811327826631,-0.0004694875235649151,-0.0015556224682696407,-0.0012664858487357407,-0.0004982681483614919,-0.0004920158438640453,-0.0009546799257977926,-0.0009497021634661891,-0.0019182909739883162,-0.0005135710882223219,-3.2001280060419375e-05,-0.0004840886511079334,-0.005488735665384253,-2.2628231623178564e-05,-0.0005205609832456012,-3.200128006041942e-05,-0.0005757228232558261,-0.0005934285299424155,-0.0004683881085800022,-0.00038977102245069497,-0.0004561220727920757,-0.0004909661703700897,-0.00046783744550094557,-0.0004733156413719611,-0.00047819310227417266,-0.00045385674360578696,-0.00042088028306222464,-0.00042935907514758296,-0.00042815798337489955,-0.0005657535564036287,-0.00038911050830014944,-0.00029173698177589665,-0.0015161978628882604,-5.059907371817006e-05,-0.00019862231749150495,-0.0003673534405519945,-0.00018801535631984625,-0.0036657469347654626,1.0,-0.00019990871238493167,-0.00020869212033761646,-0.0001824813573166389,-0.001987034575579024,-0.00035453404586528877,-0.00039890448506492226,-0.00044177568576919305,-0.0005259889674351882,-0.0004946304287367691,-0.0011045137264814363,-3.919356040902832e-05,-6.40040962621599e-05,-0.0005779650701210397,-7.155932755386772e-05,-0.0005560741110475233,-0.0006319027325614162,-0.0005943002628185851,-0.0005602425221055618,-0.0005943002628185832,-0.002503163731359517,-0.0008973241218888531,-0.00022862632146306656,-0.0011202964667884209,-0.004947876501502623,-0.0004323473739211007,-0.0002531168987376932,-0.00015515989250207266,0.006601974378011549,-0.00037083638502837906,-0.0001239543086135711,-6.400409626216139e-05,-0.0001616302261385616,-7.50523561416466e-05,-0.0013729362506775204,-9.600998511526975e-05,-6.788686730142808e-05,-5.987011039548598e-05,-0.005578636750929721,-0.0008754222334676529,0.007466452550451683,-3.919356040902824e-05,-4.525700633803646e-05,-0.0003210675106867616,-0.0012351233510131403,-7.15593275538685e-05,-0.001380427678933968,-0.0011719434815251682,-3.20012800604194e-05,-0.0006755591559309159,-0.0006763275180513785,-0.00010120422011463958
service_remote_job,0.002315834380504788,-0.00019699172597421804,-0.00012328750993537732,-0.00035341605001095854,-0.0022369162615859116,-0.00019405609519733524,-0.0023732337124596236,-0.0006716658577700616,-0.02021559299016828,-0.000289510999412731,-0.0009166837095901403,-0.000608922538505575,-0.00030741821707164294,-0.0006563231779351619,-0.00046682714992839154,-0.0010276588406647053,,-7.067642403400168e-05,-0.00243516886947439,0.022732740231631618,-0.006834944717632068,0.019558912644421382,0.019803527910092444,0.019064639415438275,0.018681395119536946,-0.027151906486784182,0.007158030160799771,-0.009358264539313573,0.014687354245936946,-0.024275504429793208,-0.027212697081561484,0.014244883848844191,-0.005332060114700037,-0.0015382114948108737,0.01851211236344407,0.020088613482882173,0.014929475091185392,0.01899972564049111,0.00708769345948075,0.023590646632071294,0.011902623908524207,-0.009185360403208708,-0.0005998797358606334,-0.0020700353912494252,-9.995195722074353e-05,-0.0021843897019768912,-0.0018832375509717687,-0.001903253312502379,-0.001645924154120028,-0.001679265956160367,-0.001610341871713446,-0.0016413259936161446,-0.0016852584818824014,-0.006948917238413819,-0.0014663849940513645,-0.004858790339216169,-0.003955708619608778,-0.0015562776412523986,-0.0015367493576812833,-0.002981822193446196,-0.0029662747813837564,-0.0059915396198845445,-0.0016040744414876939,-9.995195722074384e-05,-0.0015119897721351861,-0.01714337274592357,-7.067642403400139e-05,-0.0016259064959250787,-9.995195722074434e-05,-0.0017981975374868064,-0.00185349907648649,-0.0014629511101775664,-0.0012174005692373278,-0.0014246396963207516,-0.001533470835073219,-0.001461231183586607,-0.0014783416366157558,-0.0014935757698292687,-0.0014175642266679265,-0.0013145664163516327,-0.001341048852747896,-0.0013372973942670275,-0.0017670597913700915,-0.001215337536696289,-0.000911203622702595,-0.004735652562755795,-0.00015803981722416012,-0.0006203717271157082,-0.001147382083017353,-0.0005872422233186697,-0.011449497648656,-0.00019990871238493167,1.0,-0.0006518234847140318,-0.0005699574762528262,-0.006206251578669294,-0.0011073423225170613,-0.0012459277863602397,-0.0013798305680835,-0.001642860119107911,-0.0015449156833674653,-0.0034498091492141418,-0.00012241613666501885,-0.0001999087123849303,-0.001805200912424544,-0.00022350652326735962,-0.0017368272660983368,-0.001973668389933242,-0.0018562218240447924,-0.0017498467716607685,-0.001856221824044769,0.016912148031766005,-0.0028026785826953966,0.010505205729969077,0.010496417923226531,0.019635585360216003,-0.0013503824266114888,-0.0007905786701879183,-0.00048462233099620146,-0.03028014059714368,-0.0011582606202711703,-0.0003871556302897538,-0.00019990871238493102,-0.0005048316010509285,-0.0002344165569696814,0.0033987244185308923,-0.00029987506458765154,-0.0002120360574186913,-0.00018699672956058963,0.02354418358237051,-0.0027342707999319016,-0.026774256051869675,-0.00012241613666502,-0.00014135454434628574,-0.0010028138259640007,0.019511746596657192,-0.00022350652326736086,0.0014241044971575478,-0.003660417474218984,-9.995195722074447e-05,-0.0021100237154952385,-0.002112423597551467,-0.00031609860169215417
service_rje,0.0019633979871235357,-0.00020564697625752534,-0.0001287044048886551,-0.0003689441243366921,-0.0023351998623710114,-0.0002025823561566016,-0.002477506705942112,-0.0007011769039186178,-0.021103807406237993,-0.00030223127150240164,-0.0009569601282057071,-0.0006356768255172416,-0.0003209252802727219,-0.0006851601113125855,-0.0004873381784488318,-0.001072811184082176,,-7.378174074342401e-05,-0.002542163113792763,0.020049156974405388,-0.006603388141144293,0.01973239723106057,0.019899564952301725,0.02086817144888734,0.02057128213148678,-0.02664977327935739,0.006547629715077686,-0.00976943949110701,0.014555625830967159,-0.025199179506214746,-0.02828889212347469,0.015998574040461216,-0.006874586209829542,0.0033544189954821404,0.019437381585307327,0.020194809558523413,0.01718396947031167,0.02091758728496196,0.005113725169030058,0.02391317375640335,0.01242559061792238,-0.009588938449664953,-0.0006262367083995374,-0.0021609867314933626,-0.00010434355579324231,-0.002280365438357879,-0.0019659815368875473,-0.001986876732820467,-0.0017182412789334086,-0.0017530480228750327,-0.0016810956144283744,-0.0017134410886177297,-0.001759303842764938,-0.007254232470583033,-0.0015308136898535315,-0.005072271468661645,-0.004129510962355535,-0.0016246559587739058,-0.00160426965916547,-0.003112834796423607,-0.0030966042762509134,-0.006254790461322651,-0.0016745528115296121,-0.00010434355579324267,-0.0015784222093737778,-0.017896602731331143,-7.378174074342361e-05,-0.001697344103002152,-0.00010434355579324292,-0.0018772051123085813,-0.0019349364402436481,-0.0015272289311000446,-0.001270889612880712,-0.0014872342250388795,-0.00160084708780035,-0.0015254334359322869,-0.0015432956725501246,-0.0015591991493116078,-0.0014798478798085197,-0.001372324644984964,-0.0013999706426871693,-0.001396054356021158,-0.001844699264103552,-0.001268735936684314,-0.0009512392622236785,-0.004943723376101849,-0.00016498362758083867,-0.000647629058207314,-0.0011977947178271277,-0.0006130439402769585,-0.011952555306832978,-0.00020869212033761646,-0.0006518234847140318,1.0,-0.0005949997516488663,-0.00647893623969337,-0.0011559957265929281,-0.0013006702330331835,-0.0014404563139075745,-0.0017150426191259326,-0.0016127947894736398,-0.0036013837392105583,-0.00012779474600872206,-0.00020869212033761765,-0.0018845161951915248,-0.00023332675046268446,-0.0018131384095172723,-0.0020603856441504245,-0.0019377788174182553,-0.001826729954323629,-0.0019377788174182642,0.019836552191139282,-0.0029258201359494067,-0.0007454602842244161,0.009754386905048588,0.020225669324673467,-0.0014097143066659809,-0.0008253143997922751,-0.0005059152280657744,-0.0316105619907715,-0.0012091512263983893,-0.00040416612373672293,-0.00020869212033762136,-0.0005270124347251677,-0.0002447161393448839,0.006569102302773924,-0.0003130507035865214,-0.00022135230567405783,-0.00019521282250598699,0.02563527719456843,-0.0028544067139819134,-0.027950639065534452,-0.00012779474600872303,-0.00014756525229466755,-0.0010468745516270164,0.014289533693122927,-0.00023332675046268956,0.0009935703229021196,-0.0038212455820571508,-0.00010434355579324324,-0.002202732026513475,-0.002205237352414071,-0.0003299870557710888
service_shell,0.0016556047864755407,-0.0001512954308510499,-0.00011251756172265833,-0.0003226064523856513,-0.0020419095833695408,-0.00017713895119784122,-0.002166343346984035,-0.0006131123347596925,-0.017017967939019742,-0.0002642724246515351,-0.0008367703716382501,-0.0005558387626109605,-0.00022324396121331131,-0.0005991071770667294,-0.00042613076206084226,-0.0009380710718692958,,-6.451509608634358e-05,-0.002222879209692791,0.005062432637447586,-0.00566264503773697,0.023435607753164434,0.02326453131504328,0.006811790486503449,0.0028414833392815314,-0.02359565322643761,0.01054455960022078,-0.007191882418189181,0.014061242900036268,-0.02187763957403959,-0.022801597362860318,0.009772641151477872,-0.0037624587533959535,-0.006596579954988277,0.02344008757678243,0.02354062508459551,0.0055050276135893235,0.0034952833848560386,0.0021850671797681385,0.01597480682218597,0.010864994029248166,-0.008384612225367141,-0.0005475842804480493,-0.0018895768142477302,-9.123848882071512e-05,-0.0019939621088534377,-0.0017190633682302046,-0.0017373342244037492,-0.0015024381383925746,-0.001532873316625278,-0.0014699577971782364,-0.0014982408297315197,-0.0015383434345329198,-0.0063431344958347355,-0.0013385505857693148,-0.004435217682308333,-0.0036108635258748864,-0.0014206067006746845,-0.0014027808258060281,-0.002721877174063392,-0.0027076851319954793,-0.005469217770497541,-0.0014642367399974993,-9.123848882071529e-05,-0.0013801796959045899,-0.015648872379496494,-6.451509608634336e-05,-0.0014841655508993359,-9.123848882071552e-05,-0.0016414368510972944,-0.0016919173918299695,-0.0013354160560998683,-0.0011112717681094196,-0.0013004444997434148,-0.0013997881135406687,-0.001333846066802992,-0.0013494648892935503,-0.0013633709630868278,-0.001293985845238118,-0.0011999670303354034,-0.0012241408188661375,-0.0012207163996532618,-0.0016130135867614198,-0.001109388583660953,-0.0008317680199071741,-0.004322814634350324,-0.0001442624486601058,-0.0005662898502740684,-0.0010473572530778222,-0.0005360484628528523,-0.010451369760700492,-0.0001824813573166389,-0.0005699574762528262,-0.0005949997516488663,1.0,-0.005665211878026617,-0.0010108080214032299,-0.0011373120804047,-0.0012595416774334063,-0.0014996412154310022,-0.0014102352392616829,-0.00314906663407335,-0.00011174431824200997,-0.00018248135731663715,-0.0016478296958572372,-0.00020402199208014723,-0.0015854166292257707,-0.0018016107571863908,-0.0016944027796059271,-0.0015973011390016429,-0.0016944027796059174,-0.0071367418956013295,0.022785655336212178,-0.0006518339277537066,0.004471199900925234,0.022761105406100626,0.005279705737575769,-0.0007216587365321423,-0.0004423746203509994,-0.02335150776878202,-0.0010572874368102248,-0.0003534047319159245,-0.00018248135731664114,-0.0004608221156400728,-0.00021398092650885955,-0.0039143630668052945,-0.0002737329862142356,-0.0001935514820551102,-0.00017069499681576585,0.02373549475881554,-0.0024959064609554227,-0.021626156840322847,-0.00011174431824201101,-0.0001290317405752542,-0.0009153919602335329,0.005787161356582001,-0.00020402199208015086,0.004441362607921283,-0.0033413148485237445,-9.123848882071593e-05,-0.0019260790937038477,-0.0019282697622835159,-0.0002885422110648559
service_smtp,-0.026126700268897046,-0.00012868648954635076,-0.0012034659838510168,-0.00351285295452317,-0.022234298352577158,-0.0019288612595156846,-0.022872925476669245,-0.006676163668420973,0.2811271191646652,-0.002864837659461399,-0.009111569996600757,-0.005292170985065844,-0.0030290897190988265,-0.0006107145426420613,-0.004640126368982814,0.02034419638879422,,-0.0007025031403505313,-0.024204871730162784,-0.16957120713999568,-0.08830221243292229,-0.13434532361963825,-0.13504881507238192,-0.08245378502703575,-0.08384883475595546,0.1659746357400001,-0.03293258718394433,0.2871545546519557,-0.11801781006284341,0.02677610098209995,0.042647226938166395,-0.005013334559984279,-0.09705104744524164,-0.0489624474045505,-0.12197316350028747,-0.13924407499347183,-0.07036828111402478,-0.08803675711847836,0.0909635168665638,-0.18976351064883357,0.11830862679366241,-0.09129981626406554,-0.005962630453289533,-0.02057555094029459,-0.0009934934427069185,-0.021712199596429498,-0.018718834627898848,-0.018917785487734966,-0.016360008345807794,-0.01669141618029345,-0.016006330786803646,-0.016314303965061658,-0.01675098014657901,-0.06907022035626839,-0.014575441207783216,-0.0482949656587321,-0.03931859549444507,-0.01546894802871137,-0.015274842558296163,-0.029638447098782068,-0.029483910335675365,-0.05955416471663117,-0.01594403434954466,-0.0009934934427069215,-0.015028739464688513,-0.17040014905702275,-0.0007025031403505283,-0.01616103863367805,-0.0009934934427069237,-0.017873561577582964,-0.018423242823408133,-0.014541309398797416,-0.012100608295381742,-0.014160505065336202,-0.01524225499519668,-0.014524213827709834,-0.014694286764337063,-0.014845709626617944,-0.014090176950714456,-0.013066408612327189,-0.013329636343310981,-0.013292347934909689,-0.017564061419228266,-0.01208010235073998,-0.009057099523589096,-0.04707101190270259,-0.001570869910551603,-0.006166314898357012,-0.01140464486592959,-0.005837017246788359,-0.11380468329505775,-0.001987034575579024,-0.006206251578669294,-0.00647893623969337,-0.005665211878026617,1.0,-0.011006661268502232,-0.012384160553269751,-0.013715115336961434,-0.01632955272715414,-0.015356013465258202,-0.034290101601164434,-0.0012167808659275536,-0.0019870345755790366,-0.017943173091663694,-0.002221589966246845,-0.017263558893324163,-0.01961769091870885,-0.018450306143832258,-0.017392968999571108,-0.018450306143832484,-0.07735180600099219,-0.0034686651591760843,-0.004702569549143381,-0.0332861152522795,-0.13319877982588701,0.0075204996063993855,0.013780656255958723,0.012821965256799517,0.1754951541662092,-0.010773442940226191,-0.0038482145892397607,-0.001987034575578993,-0.005017879581964231,-0.0023300325345002437,-0.03995660982514631,-0.002980671100228472,-0.00210757686512996,-0.001858693214138765,-0.15577119705488976,-0.02686160046455075,0.21246621798174892,-0.0012167808659275686,-0.0014050231412148023,-0.009967678353218889,-0.034943200301484185,-0.002221589966246906,-0.0399987386140751,-0.03638348722051527,-0.000993493442706927,-0.02097302327628193,-0.020996877407330885,-0.0031419283500012953
service_sql_net,-0.0021540981470123733,-0.0003493609173523815,-0.00021864789773585384,-0.0006267761949406547,-0.003967125609587341,-0.00034415454801517333,-0.004208881843238861,-0.0011911857726654563,-0.035851944054193514,-0.0005134418841468897,-0.0016257199621895094,-0.0010799117688239871,-0.0005451999713811215,-0.0011639758412352876,-0.0008279084798724605,-0.0018225321057970649,,-0.0001253432042112142,-0.004318722587725583,0.033742283342519934,-0.00997926727449265,0.044291555325690894,0.04442140126276143,0.01962677490000427,0.01972757003140375,-0.054766240250480165,0.00819253510863444,-0.01659669230929718,0.03238423237890809,-0.04164800618779797,-0.04699766467299361,0.004096381970574937,-0.01606052981687327,-0.012816170455471194,0.04448043519556757,0.04495543110832082,0.020734472090569115,0.020116748013886545,0.0018667962830411279,0.030235117155250308,0.02110906203315623,-0.016290050331622626,-0.0010638745417846298,-0.0036711657715590208,-0.00017726276840496306,-0.0038739708217274045,-0.003339883591395673,-0.003375381138410145,-0.0029190130964575245,-0.002978144105970688,-0.0028559086404673795,-0.002910858352086759,-0.0029887717287683364,-0.0123237637495961,-0.0026006040383877945,-0.008616966096287489,-0.007015368987388683,-0.002760026824546199,-0.002725393809803199,-0.00528820116782998,-0.005260628147947779,-0.010625873965460433,-0.0028447934801094357,-0.0001772627684049634,-0.002681483187135122,-0.030403423777177137,-0.00012534320421121376,-0.002883512185747169,-0.00017726276840496425,-0.0031890668526873855,-0.003287143010200617,-0.0025945141150009116,-0.002159035212128858,-0.002526569599749732,-0.0027195794164692837,-0.002591463860084003,-0.002621808901411363,-0.0026488263276105424,-0.0025140213978606177,-0.0023313568707818474,-0.0023783229344813243,-0.002371669798971349,-0.0031338446916409487,-0.0021553764657701604,-0.0016160011392689834,-0.008398583747831896,-0.0002802804096922234,-0.0011002166725543395,-0.002034858847283296,-0.0010414621696687425,-0.020305451803855686,-0.00035453404586528877,-0.0011073423225170613,-0.0011559957265929281,-0.0010108080214032299,-0.011006661268502232,1.0,-0.0022096276529644985,-0.0024471015198640833,-0.002913579092523546,-0.0027398766227373092,-0.006118166539829774,-0.00021710253491842268,-0.00035453404586528644,-0.0032014871960618497,-0.00039638428473631954,-0.003080227921399044,-0.003500260849722666,-0.0032919717477588478,-0.003103317750387156,-0.0032919717477588395,0.02358131562344817,-0.00497049360845109,-0.001266416049491465,0.0016965334150109322,0.04456355797852473,-0.002394875838378085,-0.0014020752331034517,-0.0008594678724852665,-0.05370121505561703,0.0018564325710387825,-0.0006866126560900056,-0.00035453404586528845,-0.0008953086029417355,-0.0004157330081754598,-0.0076050233046658445,-0.0005318223434787443,-0.0003760416462551337,-0.00033163490627179456,0.05892579982561779,-0.003176375779990218,-0.047483599938478414,-0.00021710253491842533,-0.00025068941673754113,-0.0017784699762563225,0.003954133743359016,-0.00039638428473633375,-0.005487535188434244,-0.006491676131613587,-0.00017726276840496487,-0.003742084253365495,-0.00374634039550587,-0.0005605944574065693
service_ssh,-0.002881178305390716,-0.00039296493015112104,-0.00024408918171902428,-0.0007052181256204566,-0.0044636170120644116,-0.000387225978322283,-0.004660757676121997,-0.0013402643633337508,-0.03540479074522776,-0.0005776998649212957,-0.0018291811236188073,-0.0012150642599271628,-0.0006134325218623429,-0.0013096490703530589,-0.0009315224015746612,-0.002050624586428336,,-0.00014103008417775713,-0.004859216851206323,0.042180469418533456,-0.011086346586788205,0.05410457639712062,0.05430206716217658,0.01368366542064286,0.013378649674696467,-0.05771885795379088,0.0051156384394591805,-0.018673791915422087,0.030495736080012097,-0.046716671159376305,-0.05157311645132889,0.0076369257290928765,-0.01948656521505466,-0.004424163346014539,0.05426796829247206,0.05491614426809107,0.011714699367382803,0.013701158880425517,-0.00792966814653989,0.03513477748455992,0.023750891116785466,-0.018328773258878394,-0.0011970199511545066,-0.0041306173801096205,-0.0001994474555446025,-0.004358803770244749,-0.0037578747647517,-0.003797814880173732,-0.003284331729829404,-0.0033508630691360362,-0.003213329661577856,-0.003275156407622759,-0.003362820754015733,-0.013866100279865193,-0.002926073326072194,-0.00969539163741583,-0.00789335237642628,-0.003105448100263244,-0.003066480714553928,-0.005950027052054992,-0.005919003229586883,-0.011955717178618857,-0.0032008234231200696,-0.00019944745554460324,-0.0030170746151155954,-0.03420845542900082,-0.00014103008417775645,-0.0032443878297402327,-0.00019944745554460378,-0.0035881830970677835,-0.003698533624940165,-0.0029192212401270247,-0.0024292415342772092,-0.002842773372326077,-0.0030599386416391276,-0.002915789241476621,-0.0029499320078092387,-0.0029803307032560174,-0.0028286547451548696,-0.0026231294931691705,-0.0026759734264219827,-0.0026684876415569193,-0.003526049804163232,-0.00242512489061708,-0.0018182459762112104,-0.009449678427996782,-0.00031535790090113,-0.001237910351187806,-0.0022895243210684017,-0.0011718026388477273,-0.02284670792633997,-0.00039890448506492226,-0.0012459277863602397,-0.0013006702330331835,-0.0011373120804047,-0.012384160553269751,-0.0022096276529644985,1.0,-0.002753359749415704,-0.003278217652588087,-0.0030827760720891755,-0.0068838637687271935,-0.00024427322540084153,-0.0003989044850649222,-0.0036021578640497653,-0.00044599234074871254,-0.0034657228190015524,-0.0039383234646584615,-0.0037039666858595405,-0.0034917023728699794,-0.0037039666858595314,0.010361035474053516,0.011832274144738784,0.004208035377254993,4.459692466126184e-05,0.05437457482299419,-0.0026945979497429557,-0.001577546939161797,-0.0009670314969803008,-0.05812851168212445,0.0011661872113667442,-0.0007725432048371512,-0.00039890448506491727,-0.0010073577457392477,-0.0004677625843971462,0.0010917534311208872,-0.0005983806648346993,-0.00042310379217957127,-0.0003731394856396135,0.06122110036567769,-0.003968548295682446,-0.051813969185086,-0.00024427322540084186,-0.0002820635531655399,-0.002001048018817145,0.004035395573437199,-0.00044599234074872246,-0.0057237333778080105,-0.007304118616223225,-0.0001994474555446044,-0.004210411410602717,-0.004215200214974685,-0.0006307536496706315
service_sunrpc,-0.0038450483643914413,-0.0004353290101288748,-0.00027245147847084915,-0.0007810095717829346,-0.0049433324024794195,-0.00042884206251311586,-0.0051092907561576546,-0.0014843057182659144,-0.044674178278263824,-0.0006397866244919458,-0.0020257675096113435,-0.0013456500660693118,-0.0006793595538910882,-0.0014504001279355121,-0.0010316352991068573,-0.0022710100208001007,,-0.0001561869181329838,-0.00538144828427673,0.058162969272129994,-0.012052423333293422,0.06185341149646563,0.061973087269010074,0.015968029734699286,0.01433856738295918,-0.07134252884600006,0.003582791214222019,-0.020680708134942067,0.04013696615168188,-0.05201614962553408,-0.05865393029598705,0.0018322147075562811,-0.023127072145738753,-0.01596989783613653,0.06209049206423623,0.06265877151622512,0.016559619689653134,0.01468948422466798,-0.008256534843508724,0.03629134749188524,0.026303455096624805,-0.020298609514082584,-0.0013256664931070416,-0.0045745445189744926,-0.00022088254142792215,-0.00482725463570514,-0.004161742380416576,-0.004205974953728873,-0.0036373065647602163,-0.003710988183162124,-0.003558673737686893,-0.0036271451491538707,-0.0037242309884842565,-0.015356322602100935,-0.003240545289998712,-0.010737378118782457,-0.00874166947144259,-0.0034391978919243683,-0.003396042589868618,-0.006589490416080511,-0.0065551323906404705,-0.01324062614785394,-0.0035448234244465932,-0.00022088254142792289,-0.0033413267010336703,-0.03788491837536525,-0.00015618691813298319,-0.0035930698000336382,-0.0002208825414279235,-0.0039738135511677595,-0.00409602370911534,-0.0032329567943043497,-0.0026903178201410725,-0.0031482928948301,-0.003388797425032148,-0.003229155950708682,-0.0032669681202263886,-0.0033006338347779246,-0.0031326569056792392,-0.002905043372770376,-0.0029635665674837565,-0.002955276267760125,-0.0039050026475311093,-0.0026857587511305023,-0.0020136571362617144,-0.010465257534387502,-0.00034925015423342877,-0.0013709514803468905,-0.002535584870299477,-0.0012977390170954225,-0.02530209721779549,-0.00044177568576919305,-0.0013798305680835,-0.0014404563139075745,-0.0012595416774334063,-0.013715115336961434,-0.0024471015198640833,-0.002753359749415704,1.0,-0.003630535393296102,-0.003414089247701537,-0.007623688755157107,-0.0002705258419166334,-0.0004417756857691997,-0.003989290219137316,-0.0004939241837554294,-0.003838192179767584,-0.004361584325373617,-0.0041020406738359215,-0.003866963817229418,-0.004102040673835908,-0.017277595319593317,0.08957456997533711,-0.0015780482164068172,-0.0024422204857083817,0.06232453229859558,-0.002984192712012741,-0.001747089609102479,-0.0010709606402879994,-0.06602765655811645,0.000582098584564891,-0.0008555702351847752,-0.00044177568576919457,-0.001115620845592764,-0.0005180341265543558,-0.009476422433590665,-0.0006626900384821717,-0.0004685757491828027,-0.00041324166141973036,0.07547389922132283,-0.004698520807150821,-0.059168083207395306,-0.0002705258419166356,-0.0003123775848494691,-0.002216105343178002,-0.0008156680563782614,-0.0004939241837554394,-0.006926370608716098,-0.008089109376888544,-0.00022088254142792408,-0.004662914201094297,-0.004668217669505123,-0.0006985422239344193
service_supdup,-0.005348591154648351,-0.000518314114141015,-0.0003243874130092829,-0.0009298891529166986,-0.0058856528093931115,-0.0005105898783481335,-0.0062443238966762215,-0.0017672507955015142,-0.053190172434877565,-0.0007617456479285875,-0.002411928485355576,-0.001602163975023915,-0.00080886214832362,-0.0017268819680113289,-0.0012282902912642553,-0.0027039202345321123,,-0.00018595997571169097,-0.006407284324450932,0.06573652252531983,-0.014656284380418714,0.07838560907419201,0.07900656681784057,0.012902786576403353,0.01200073351914892,-0.0866184349806261,0.005972075073864849,-0.02462295836582009,0.04801447642092546,-0.0619663569351456,-0.06989181387994375,-0.0007588404877512316,-0.028634649711358137,-0.019014152076408396,0.07810726869880565,0.07983891959612063,0.012136026696696903,0.012352191990384112,-0.008144464851109172,0.0430352198923421,0.03131753881421112,-0.024168022375637477,-0.0015783710428941855,-0.00544656490959248,-0.00026298817167325035,-0.0057474477730940585,-0.004955072558135729,-0.005007736944866538,-0.004330666412553517,-0.0044183935546996,-0.0042370442399190635,-0.004318567981891319,-0.004434160763538343,-0.018283614352874955,-0.003858272706986149,-0.012784185756683481,-0.010408046090037744,-0.004094793367427748,-0.004043411606278697,-0.00784560891766481,-0.007804701409835683,-0.015764614260241956,-0.0042205537172520955,-0.00026298817167325083,-0.003978265526950186,-0.045106713066221465,-0.00018595997571169026,-0.004277997035422196,-0.0002629881716732516,-0.004731319884477899,-0.004876826296124437,-0.0038492376578804165,-0.0032031583852891775,-0.0037484347425140794,-0.004034785335313635,-0.0038447122802675532,-0.0038897323767594643,-0.0039298156022634905,-0.003729818150308631,-0.0034588158950789602,-0.0035284950461728034,-0.0035186244119758733,-0.004649391934801173,-0.003197730245899485,-0.0023975095777999857,-0.012460192314277087,-0.0004158258001048015,-0.0016322884594607463,-0.003018929539888531,-0.0015451199049442647,-0.03012529756217955,-0.0005259889674351882,-0.001642860119107911,-0.0017150426191259326,-0.0014996412154310022,-0.01632955272715414,-0.002913579092523546,-0.003278217652588087,-0.003630535393296102,1.0,-0.004064898399746497,-0.009076950827183574,-0.00032209470289546545,-0.0005259889674351854,-0.0047497467849771215,-0.0005880782482459333,-0.004569845753141994,-0.0051930092795631,-0.0048839902419060745,-0.004604101970420325,-0.004883990241906016,0.01802194155850639,-0.007374255960020881,-0.0018788629131220003,-0.002978015419352458,0.07953489604638536,-0.003553053039771028,-0.002080127741544961,-0.001275112007053966,-0.07967146452234597,-0.0004054836060960531,-0.0010186629076011273,-0.0005259889674351917,-0.0013282855429238888,-0.0006167841375155957,-0.01128286098893231,-0.000789015014404688,-0.0005578977802925135,-0.0004920156581567015,0.09011880194102335,-0.006064089317319451,-0.07044697115276802,-0.0003220947028954654,-0.00037192441457883295,-0.0026385493786427942,-0.0004251824649830272,-0.0005880782482459296,-0.00915644583252876,-0.009631092035343037,-0.0002629881716732526,-0.005551780020672847,-0.005558094460247164,-0.0008317015057933861
service_systat,-0.004697551974282629,-0.000487413133330238,-0.0003050480050104221,-0.0008744507943344363,-0.005534760523023,-0.00048014940630310165,-0.005872048269842941,-0.0016618904060416806,-0.050019067746489114,-0.0007163317098846251,-0.0022681335439623277,-0.001506645771938828,-0.000760639207254002,-0.0016239282971661905,-0.0011550617807513357,-0.002542717257736867,,-0.0001748733684713364,-0.006025293283042339,0.06915738480783305,-0.014109715421933141,0.07045455844962363,0.07061256082146954,0.01668068394499404,0.01637297455992647,-0.0828494250457934,0.00494142963464819,-0.023154980821445053,0.04454366441169461,-0.05864171752945306,-0.06606391030148372,-0.000664218918344633,-0.0265238222655782,-0.01788056171497296,0.07069609136591878,0.07138402671025318,0.014854800287598809,0.016770048452988216,-0.008248063318985666,0.041001526777230596,0.02945044213795658,-0.022727167316212545,-0.0014842713326466185,-0.005121850272850788,-0.0002473092786370378,-0.00540479502832548,-0.004659659832417484,-0.004709184460880422,-0.00407247968489228,-0.00415497668885633,-0.003984439101806919,-0.004061102541423526,-0.0041698038843885265,-0.01719357736782665,-0.003628249262614235,-0.01202201504855331,-0.009787536656768256,-0.0038506689765671694,-0.0038023505058008738,-0.0073778674894424915,-0.007339398815404144,-0.014824755637814794,-0.003968931715146968,-0.0002473092786370384,-0.0037410883213373704,-0.042417530032321904,-0.00017487336847133578,-0.004022950363547809,-0.0002473092786370393,-0.004449246900294571,-0.004586078475161223,-0.0036197528672722366,-0.003012191706516362,-0.0035249596447286774,-0.0037942385179645854,-0.0036154972847269934,-0.0036578333621131117,-0.0036955268960913628,-0.0035074529410631357,-0.003252607364460064,-0.0033181323669095727,-0.003308850202592467,-0.004372203351127036,-0.0030070871832662527,-0.0022545742663582858,-0.011717337526310097,-0.0003910349960163164,-0.0015349742875065586,-0.002838946261406439,-0.0014530025691583952,-0.028329280216014857,-0.0004946304287367691,-0.0015449156833674653,-0.0016127947894736398,-0.0014102352392616829,-0.015356013465258202,-0.0027398766227373092,-0.0030827760720891755,-0.003414089247701537,-0.004064898399746497,1.0,-0.00853579895632634,-0.0003028919822480029,-0.0004946304287367617,-0.00446657522134033,-0.0005530180556429547,-0.004297399573149907,-0.004883411184286531,-0.00459281531907386,-0.00432961349490166,-0.0045928153190737155,0.02167464284659333,-0.006934615767524218,0.0027820074740320957,-0.0010917997233596466,0.0709333636165327,-0.003341226256048841,-0.001956114177916515,-0.0011990920680560375,-0.07492159169598886,-5.769108032025252e-05,-0.0009579320136350058,-0.0004946304287367671,-0.001249095491080341,-0.0005800125501966351,-0.01061019662740489,-0.0007419753246114002,-0.0005246368941975569,-0.00046268254850657063,0.08395877195299709,-0.005564127457159281,-0.06624704642458866,-0.0003028919822480036,-0.0003497509340126378,-0.002481243697496417,0.001652742010395206,-0.0005530180556429453,-0.008342556148406035,-0.009056903238625427,-0.00024730927863704017,-0.005220792643746891,-0.005226730627520794,-0.0007821169223331534
service_telnet,0.047658929705852754,0.004025665415751583,0.00027696173322402343,0.0022232546460999817,-0.012359164772937576,0.04396766256191515,-0.0015125561130724635,0.15162120491499026,-0.011459695196799239,0.08147146028320439,0.16095216180985264,0.17519610629239013,0.08417325410988863,0.16496631961707808,0.03719928545700643,0.1134956650780238,,0.020487053334560294,-0.012842845016425386,-0.030029709740142484,-0.040474019151930524,0.08516076804250274,0.08586061110061376,-0.010280135948942339,-0.011567046368370014,-0.02746544368746828,0.008132563893430962,-0.0514779918600812,0.005752020964212251,-0.11119183688777745,-0.09420109523231214,-0.0029948342549239383,-0.04217014527090612,0.03987008903575549,0.09563338526505756,0.09414490232234903,-0.018805338475036973,-0.014555575381751179,-0.12517267903623558,0.02781563102014765,0.06576307421157794,-0.050749947448454104,-0.003314389826193829,-0.011437132862598355,-0.0005522436087048704,-0.012068950777755418,-0.010405057890965835,-0.010515646784730224,-0.009093879897902859,-0.009278096371411276,-0.008897284567620477,-0.009068474645012361,-0.009311205618313488,-0.038393396578097094,-0.008101909791292335,-0.026845256315923202,-0.021855648091544572,-0.00859857480183048,-0.008490679267905895,-0.016474837456041478,-0.01638893659744843,-0.033103798598718245,-0.00886265644845779,-0.0005522436087048718,-0.008353880317167878,-0.0947186857949472,-0.0003904936385857219,-0.008983280524896236,-0.0005522436087048743,-0.009935204120843737,-0.010240750128278662,-0.00808293727214359,-0.006726248312578753,-0.007871263243628456,-0.008472565133809624,-0.008073434522085475,-0.008167971323465974,-0.008252141288069675,-0.007832170633508717,-0.007263098410819187,-0.007409416268412335,-0.007388689120820538,-0.009763165255767245,-0.0067148498710974955,-0.005034482473963746,-0.026164908957740467,-0.0008731842918311333,-0.003427609932282065,-0.006339389839955166,-0.003244566425779404,-0.06325951062056288,-0.0011045137264814363,-0.0034498091492141418,-0.0036013837392105583,-0.00314906663407335,-0.034290101601164434,-0.006118166539829774,-0.0068838637687271935,-0.007623688755157107,-0.009076950827183574,-0.00853579895632634,1.0,-0.0006763602330097075,-0.0011045137264814205,-0.009973898401138647,-0.0012348937670690172,-0.009596127817776266,-0.01090469645968317,-0.010255793554931015,-0.00966806176419687,-0.010255793554930906,-0.043196902423128306,0.0852703967380998,0.0001906549772651575,-0.006434089972760791,0.07737033597086544,0.07144188338252547,-0.004368018695476413,0.009505872592639153,-0.07059001969350237,-0.005122831369832659,0.07791594105956234,-0.0011045137264814292,0.14633609548109236,-0.0012951726905677603,-0.019087702841155456,0.003264382801313215,0.033625506748193465,0.014749147009218434,0.06785095931715872,-0.014560985964926774,-0.04008377088216102,0.03548490115544758,-0.0007809966492624342,-0.005540637137164083,-0.016615189873932013,0.031776594873569555,-0.021355028538334236,-0.020224137791166115,0.028973184572693857,-0.011658071972762803,-0.011671331538298583,-0.001746473379400813
service_tftp_u,-0.000540662058805257,-3.8620568630453846e-05,-2.4171415095839364e-05,-6.928979302789346e-05,-0.0004385637403315666,-3.804611214348565e-05,-0.0004652897703373951,-0.00013168498789839565,-0.003963414378553268,-5.67607419866316e-05,-0.0001797225239418905,-0.00011938370275419607,-6.0271582553305894e-05,-0.00012867694366774763,-9.152486594011841e-05,-0.0002014800074041235,,-1.3856628167045048e-05,-0.00047743260938098764,-0.0016738211977723855,-0.0017360290169023465,-0.0031218716055191878,-0.003095961161090727,-0.0018343743569596276,-0.001834668843428825,-0.006880462921427783,0.0012711837589902382,-0.0018347559852168807,-0.005783761792547382,-0.005027768176288996,-0.0053226564505009346,-0.0005966055018246189,-0.0018255008504124914,-0.0014168211962068873,-0.003133186810959053,-0.0030614057339521028,-0.0018987429758421327,-0.0018441857434670533,-0.018166412877109094,-0.004058739668277043,-0.010284802544869902,0.013327309032126387,-0.00011761079537310919,-0.0004058455291310051,-1.959630986861945e-05,-0.00042826552539859783,-0.00036922245077763115,-0.0003731466867417386,-0.00032269542929658056,-0.0003292323326502417,-0.00031571926343389254,-0.00032179392640894653,-0.00033040721100390186,-0.0013623858825956702,-0.00028749546811435676,-0.0009526012668631795,-0.0007755455122166826,-0.0003051195769206733,-0.0003012909145642456,-0.000584607978679689,-0.0005815597952033294,-0.0011746850211453268,-0.0003144904880482107,-1.9596309868619492e-05,-0.00029643661731914,-0.003361083203007549,-1.3856628167044998e-05,-0.00031877082147758616,-1.9596309868619516e-05,-0.00035254973618732797,-0.0003633920060596062,-0.0002868222301476881,-0.00023868025651885034,-0.0002793109981686611,-0.0003006481363063229,-0.00028648502600117133,-0.0002898396550537201,-0.000292826417927933,-0.0002779238007626505,-0.0002577303291902021,-0.00026292240390417043,-0.00026218690312064443,-0.0003464449540651803,-0.00023827578394955548,-0.0001786481129574381,-0.0009284592081066891,-3.09848582861155e-05,-0.00012162839964645716,-0.0002249526218566558,-0.00011513311891106743,-0.002244757481512586,-3.919356040902832e-05,-0.00012241613666501885,-0.00012779474600872206,-0.00011174431824200997,-0.0012167808659275536,-0.00021710253491842268,-0.00024427322540084153,-0.0002705258419166334,-0.00032209470289546545,-0.0003028919822480029,-0.0006763602330097075,1.0,-3.919356040902798e-05,-0.0003539227988988772,-4.382008326192064e-05,-0.00034051764708882266,-0.00038695207600200984,-0.00036392582056739026,-0.0003430702160672797,-0.000363925820567392,-0.0015328378127061574,-0.0005494855678248293,-0.00014000165715415388,-0.0006860249548285624,-0.0030298825838229394,-0.00026475231910240963,-0.0001549987116541275,-9.501374091635474e-05,0.004042786270172309,-0.00022708543839042026,-7.590468370502372e-05,-3.919356040902799e-05,-9.897591563731928e-05,-4.595907490403118e-05,-0.0008407315003443859,-5.8792692518804646e-05,-4.1571214811937104e-05,-3.666207204722209e-05,-0.0034161350486382933,-0.0005360737233173714,0.004572158286223224,-2.4000576013824526e-05,-2.7713588901813108e-05,-0.00019660896115046732,-0.0007563403672204344,-4.382008326192095e-05,-0.0008453189527586416,-0.0007176515304736655,-1.959630986861965e-05,-0.0004136855316165733,-0.00041415604598897955,-6.197343523865731e-05
service_tim_i,-0.0008829151038061845,-6.21554004877721e-05,-3.947254504161863e-05,-0.00011315202131830325,-0.0007161859132044952,-6.213028361342101e-05,-0.0007598302103631803,-0.00021504498580304888,-0.006472358029338984,-9.269175742419373e-05,-0.00029349152265854595,-0.0001949566695005498,-9.842505073170003e-05,-0.0002101327718962209,-0.0001494624695709836,-0.00032902205500635515,,-2.2628231623178544e-05,-0.0007796597800917425,-0.005701966188431345,-0.002903811285491919,-0.005098096949409198,-0.0050557845245597375,-0.0029955806948491056,-0.002996061598857913,0.004124876957351012,-0.0016907736539351753,-0.0029962039036481127,-0.011904241983723106,-0.008237577532479364,-6.409847324093282e-05,-0.0019266192365062103,0.009741745959505306,-0.0023137056006630975,-0.005116574972090684,-0.004999354619700893,-0.0027744287763750482,-0.0030116029423798104,-0.020508257352848745,-0.0023072641511777043,-0.016795348145190427,-0.0029408457712318094,-0.00019206146596459567,-0.0006627562294158291,-3.200128006041901e-05,-0.0006993686622831742,-0.0006029497967293298,-0.0006093581753961674,-0.0005269699691610703,-0.0005376449011431935,-0.0005155777101584061,-0.0005254977916656098,-0.000539563507834184,-0.0022248113278266353,-0.0004694875235649144,-0.001555622468269639,-0.0012664858487357311,-0.0004982681483614931,-0.0004920158438640501,-0.0009546799257977962,-0.0009497021634661927,-0.0019182909739883158,-0.0005135710882223223,-3.200128006041914e-05,-0.0004840886511079288,-0.0054887356653842475,-2.2628231623178422e-05,-0.0005205609832456037,-3.200128006041927e-05,-0.0005757228232558282,-0.0005934285299424084,-0.0004683881085800039,-0.0003897710224506984,-0.00045612207279206995,-0.0004909661703700864,-0.00046783744550094725,-0.0004733156413719575,-0.00047819310227416496,-0.00045385674360578837,-0.00042088028306222486,-0.00042935907514758074,-0.0004281579833748986,-0.0005657535564036323,-0.0003891105083001479,-0.0002917369817758977,-0.0015161978628882569,-5.059907371816997e-05,-0.0001986223174915036,-0.00036735344055199555,-0.0001880153563198456,-0.003665746934765506,-6.40040962621599e-05,-0.0001999087123849303,-0.00020869212033761765,-0.00018248135731663715,-0.0019870345755790366,-0.00035453404586528644,-0.0003989044850649222,-0.0004417756857691997,-0.0005259889674351854,-0.0004946304287367617,-0.0011045137264814205,-3.919356040902798e-05,1.0,-0.0005779650701210378,-7.155932755386712e-05,-0.0005560741110475247,-0.0006319027325614167,-0.0005943002628185793,-0.0005602425221055543,-0.0005943002628185807,-0.0025031637313595433,-0.0008973241218888524,-0.00022862632146306225,-0.0011202964667884159,-0.004947876501502617,-0.0004323473739211046,-0.0002531168987376913,-0.00015515989250207188,0.006601974378011424,-0.000370836385028383,-0.00012395430861357113,-6.400409626216106e-05,-0.00016163022613856128,-7.505235614164649e-05,-0.0013729362506775134,-9.600998511526879e-05,-6.788686730142751e-05,-5.9870110395487105e-05,-0.005578636750929715,-0.0008754222334676477,0.0014519492199981296,-3.919356040902792e-05,-4.525700633803651e-05,0.07455475121290632,-0.0012351233510131281,-7.15593275538683e-05,-0.0013804276789339523,-0.0011719434815251678,-3.2001280060419294e-05,-0.0006755591559309147,-0.000676327518051377,-0.00010120422011464057
service_time,-0.00475805605581485,-0.0005695313450535659,-0.00035643365512682125,-0.0010217770385773598,-0.006467249218697918,-0.0005610443053236257,-0.006602280637411926,-0.0019418833724290058,-0.057763265674279404,-0.0008370182723912359,-0.0026502655045464387,-0.0017604833399556263,-0.0008887906348182338,-0.001897525460656007,-0.0013496649706953884,-0.0029711106975748762,,-0.00020433578849760975,-0.007040426250619159,0.06466204241248287,-0.01780524271759601,0.065259184936343,0.06552688757014763,0.01740484667342087,0.016105319173976427,-0.0758130372554459,0.001117562369508926,-0.02705609953737734,0.029064102012151677,-0.06813822117534735,-0.05917086933025689,0.00021867938760101598,-0.028551844033730896,-0.012986876942425746,0.06390752367605135,0.06483783569875119,0.019637659766348514,0.017069724663585136,-0.024693697400822247,0.03649830620446872,0.03441221135309084,-0.026556208612385678,-0.0017343392864903712,-0.005984772428291155,-0.0002889755992854751,-0.006315387319606879,-0.005444712790236784,-0.005502581258691743,-0.0047586053544187564,-0.004855001337987113,-0.0046557318172884814,-0.004745311405764187,-0.004872326598641486,-0.020090327185098764,-0.004239531613206516,-0.014047467294477797,-0.011436527114977873,-0.004499424288833961,-0.0044429651898337036,-0.008620880263613353,-0.00857593044128868,-0.017322409690037274,-0.00463761176785854,-0.000288975599285476,-0.0043713816383936606,-0.049563976041876234,-0.0002043357884976089,-0.004700731402432034,-0.00028897559928547695,-0.00519884978221393,-0.005358734549037887,-0.004229603757085512,-0.0035196815434928195,-0.004118839905265152,-0.004433486505656093,-0.004224631199957425,-0.004274100000325453,-0.004318144088078942,-0.004098383696702623,-0.003800602094532347,-0.0038771666575579413,-0.0038663206472060547,-0.005108826043863111,-0.0035137170173197866,-0.002634421778855584,-0.01369145813030802,-0.0004569160240900259,-0.0017935846041223858,-0.003317247948602923,-0.0016978024055543718,-0.0331021576419049,-0.0005779650701210397,-0.001805200912424544,-0.0018845161951915248,-0.0016478296958572372,-0.017943173091663694,-0.0032014871960618497,-0.0036021578640497653,-0.003989290219137316,-0.0047497467849771215,-0.00446657522134033,-0.009973898401138647,-0.0003539227988988772,-0.0005779650701210378,1.0,-0.0006461897625751838,-0.005021419430213717,-0.005706161456269965,-0.005366606406971023,-0.005059060708352748,-0.0053666064069707925,-0.022603884532542664,0.11047912143236026,0.005732253859641997,-0.005253366778556664,0.06555174753888761,-0.0039041513727721454,0.008279858131201606,0.00434058993424189,-0.07099150524154436,0.00387114669139531,-0.0011193230567025567,-0.0005779650701210375,-0.0014595413487477039,-0.0006777322517371627,-0.005052569750603518,-0.0008669822873863867,-0.0006130269828270951,-0.0005406346558062206,0.07940317969553423,-0.006875715522286495,-0.06067120682404727,-0.0003539227988988789,-0.00040867648118165037,-0.0028992801580633764,-0.002294870004295994,-0.000646189762575187,-0.010472442628137627,-0.010582797602566096,-0.0002889755992854768,-0.006100384471163163,-0.006107322878120804,-0.0009138868852318196
service_urh_i,-0.0009871369928689201,-7.04327383815754e-05,-4.413200005900061e-05,-0.00012650881786898342,-0.0008007265994749209,-6.946432456286176e-05,-0.0008495227975095399,-0.00024042952680506418,-0.00723637415908932,-0.00010363336440050305,-0.0003281361230097052,-0.00021796992671309674,-0.0001100434324698005,-0.00023493746075770624,-0.00016710545795743005,-0.00036786078363184867,,-2.5299334468458273e-05,-0.0008716931078229363,-0.006468755720710445,-0.003292759343792991,-0.005699891269612804,-0.0056525841620019114,-0.003349187828208934,-0.0033497254995378577,0.00452023959531963,0.006779916422639401,-0.0033498846024029734,-0.003303069529803205,-0.006585855700525347,-0.0067162274285262995,0.0008036372121323483,0.001026032982943159,-0.0021897624226853117,-0.005720550492300518,-0.005589493105625158,-0.0034667116008576244,-0.0033671013888427323,0.004667422373014729,-0.007410418404121552,-0.018777920312788434,-0.003287991833632062,-0.00021473296485808932,-0.0007409899190650862,-3.5778805040958025e-05,-0.000781924190918067,-0.0006741237596100516,-0.0006812886020949919,-0.0005891750502934726,-0.0006011100825638507,-0.000576438015616653,-0.0005875290926475345,-0.0006032551672172553,-0.0024874345838958797,-0.0005249072081828221,-0.0017392527081563104,-0.0014159855538120978,-0.0005570851823641549,-0.0005500948375014391,-0.0010673731449849816,-0.0010618077929844833,-0.002144731668251206,-0.0005741945261404145,-3.577880504095809e-05,-0.000541231895656367,-0.006136642125638997,-2.529933446845819e-05,-0.0005820095288785193,-3.577880504095825e-05,-0.000643682834311916,-0.0006634785745590567,-0.0005236780150277284,-0.00043578073741265365,-0.0005099640603905021,-0.0005489212574688223,-0.0005230623500633506,-0.0005291872082463722,-0.0005346404189424853,-0.0005074313251012748,-0.0004705622264120469,-0.0004800418799894156,-0.0004786990078202374,-0.0006325367659536247,-0.00043504225423401954,-0.00032617447097398045,-0.0016951743066956923,-5.6571936822446154e-05,-0.00022206827854681616,-0.00041071691838013744,-0.0002102092405607953,-0.00409846245715287,-7.155932755386772e-05,-0.00022350652326735962,-0.00023332675046268446,-0.00020402199208014723,-0.002221589966246845,-0.00039638428473631954,-0.00044599234074871254,-0.0004939241837554294,-0.0005880782482459333,-0.0005530180556429547,-0.0012348937670690172,-4.382008326192064e-05,-7.155932755386712e-05,-0.0006461897625751838,1.0,-0.0006217147304710887,-0.0007064943849270395,-0.0006644532093413226,-0.0006263751929992893,-0.0006644532093413312,-0.0027986445217446513,-0.0010032468937178427,-0.0002556140431699756,-0.001252539548343666,-0.005531938359333178,-0.0004833829263169298,-0.0002829955600341493,-0.00017347542140584712,0.007381290801815053,-0.00041461099984044117,-0.00013858623884727259,-7.155932755386708e-05,-0.00018070953220681132,-8.391175644182257e-05,-0.001535001673492774,-0.00010734328542292394,-7.590043227750035e-05,-6.693735386760944e-05,-0.006237155399065182,-0.000978759642133789,0.008347814513850669,-4.382008326192101e-05,-5.059927613673028e-05,-0.00035896726156450624,-0.0013809209348500876,-8.000640051203899e-05,-0.0015433774119182496,-0.001310283128216915,-3.5778805040958276e-05,-0.000755304140585989,-0.0007561632024252924,-0.00011315066315995768
service_urp_i,-0.007670856400634774,-0.0005458498798007416,-0.0003429414940083833,-0.0009830762926497994,-0.0062222962011479815,-0.0005397942357931308,-0.006601482302696858,-0.001868332752107828,-0.056232506163418766,-0.0008053154348116959,-0.0025498842588739024,-0.0016938034128512114,-0.0008551268713529901,-0.0018256549370766842,-0.001298545167503406,-0.0028585771448641087,,-0.0001965963824080331,-0.006773763625350038,-0.04434970856054623,-0.0238361672949699,-0.04429278584866017,-0.04392517118946568,-0.02602591035949262,-0.026030088502530753,-0.037171382984514056,0.15425894576845647,-0.020489707499656683,0.04249563869556793,-0.05757891963230056,-0.06497932826024456,-0.02379817933461764,-0.006490289575025574,-0.017360204671350507,-0.04445332479282968,-0.043434902425223715,-0.02687124725401262,-0.02616511327888321,-0.017275700355299427,-0.05658559097062697,-0.14591969631624885,-0.02555036776501463,-0.0016686495894776988,-0.005758093663319102,-0.0002780303824475781,-0.006076186211280591,-0.005238489281205077,-0.005294165928146977,-0.004578368796111374,-0.004671113693065185,-0.004479391688899546,-0.004565578367999654,-0.00468778274352353,-0.01932938754891966,-0.0040789554506780665,-0.013515406539378175,-0.011003358122663752,-0.004329004451973143,-0.004274683793320765,-0.008294356487723389,-0.008251109181297643,-0.016666307476974555,-0.004461957953021924,-0.00027803038244757867,-0.0042058115347873674,-0.04768669482343441,-0.00019659638240803249,-0.004522686873331625,-0.00027803038244757976,-0.005001938560939027,-0.005155767545038491,-0.0040694036212466506,-0.003386370365008824,-0.003962835052277123,-0.004265564123031886,-0.004064619404297183,-0.004112214528312931,-0.0041545904056982655,-0.003943153641444732,-0.0036566507915778874,-0.003730315401297753,-0.00371988019357216,-0.004915324554549174,-0.0033806317507552395,-0.0025346406288784882,-0.013172881550023548,-0.00043960990906599396,-0.001725650936166492,-0.0031916041288745935,-0.0016334965765410034,-0.031848382949203044,-0.0005560741110475233,-0.0017368272660983368,-0.0018131384095172723,-0.0015854166292257707,-0.017263558893324163,-0.003080227921399044,-0.0034657228190015524,-0.003838192179767584,-0.004569845753141994,-0.004297399573149907,-0.009596127817776266,-0.00034051764708882266,-0.0005560741110475247,-0.005021419430213717,-0.0006217147304710887,1.0,-0.005490035338337143,-0.005163341249105859,-0.00486744412693242,-0.005163341249105804,-0.021747741597987015,-0.007796043418174728,-0.0019863287804096487,-0.009733249873998453,-0.04298765528812887,-0.0037562780455825603,-0.0021991054116309804,-0.0013480449585588665,0.05735862621001785,-0.003221864305435811,-0.0010769276655430682,-0.0005560741110475193,-0.0014042598765908775,-0.0006520625188197854,-0.011928210063201494,-0.0008341445351556713,-0.000589808021533775,-0.0005201576205391909,-0.04846776461656423,-0.007605757579527891,0.06417373171522583,-0.0003405176470888234,-0.0003931974832519272,-0.0027894672531598437,-0.010730877546266095,-0.000621714730471112,-0.009922643894891054,-0.010181964401430656,-0.00027803038244758046,-0.005869326793641351,-0.005876002402048491,-0.0008792725781799563
service_uucp,-0.007527315846406035,-0.0006226820563487074,-0.00038970586828848523,-0.0011171327405829741,-0.007070794871038062,-0.000613402864549889,-0.0075016883957638196,-0.002123106521119828,-0.06327532531010079,-0.0009151316591106174,-0.002897597278647648,-0.0019247776217926778,-0.0009717355941580258,-0.00207460897843235,-0.001475620287652087,-0.0032483848343064217,,-0.0002234050979667152,-0.007697462729420143,0.023848734752282177,-0.018501111548389734,0.08691665601709817,0.08710256859497428,0.025069650986000967,0.024263034799282726,-0.09951994350349597,0.004620588865484791,-0.029581066597229245,0.05775798973961669,-0.07492987840048777,-0.08440160604594768,-0.005186580813722586,-0.03600288571711405,-0.022842864391260008,0.08725912381217063,0.08807863639245425,0.02596718421433369,0.024814088473014702,-0.013205784206229766,0.04993237733068928,0.037623675740378434,-0.029034524154069045,-0.001896193716503249,-0.006543291708620789,-0.00031594378323558816,-0.006904760703977585,-0.005952831871729248,-0.006016100822114404,-0.0052026945607784765,-0.005308086544781844,-0.005090220515924352,-0.005188159975704488,-0.005327028657576847,-0.021965224721380266,-0.0046351790958659815,-0.015358424631247466,-0.012503822650482787,-0.0049193258382758485,-0.004857597784487589,-0.009425410076289172,-0.009376265383947813,-0.018938995769052756,-0.005070409441967022,-0.00031594378323558924,-0.004779333813012839,-0.05418945454767909,-0.00022340509796671407,-0.0051394196151197166,-0.0003159437832355897,-0.005684024093132991,-0.005858829849179575,-0.004624324738508233,-0.0038481501738735005,-0.004503224028010956,-0.004847234517323931,-0.004618888125467902,-0.004672973522224666,-0.004721127953769881,-0.004480858776619983,-0.0041552871844153134,-0.004238997012386525,-0.004227138815528176,-0.005585599033903564,-0.0038416290178694456,-0.002880274962688563,-0.014969191483284662,-0.0004995569786131304,-0.001960968008304882,-0.0036268247886796488,-0.0018562470898016133,-0.03619136336944774,-0.0006319027325614162,-0.001973668389933242,-0.0020603856441504245,-0.0018016107571863908,-0.01961769091870885,-0.003500260849722666,-0.0039383234646584615,-0.004361584325373617,-0.0051930092795631,-0.004883411184286531,-0.01090469645968317,-0.00038695207600200984,-0.0006319027325614167,-0.005706161456269965,-0.0007064943849270395,-0.005490035338337143,1.0,-0.005867436335618571,-0.005531189428338222,-0.005867436335618609,-0.023998117100576744,0.14387521496478556,-0.0022571929877149015,-0.00883428449228003,0.08784317019029929,-0.004268500032833221,-0.0024989847417684935,-0.0015318700799148818,-0.09509138812837806,-0.0014577861357283582,-0.0012237820842723778,-0.0006319027325614169,-0.001595750702316491,-0.0007409805262591729,-0.013554791319639919,-0.000947892017708029,-0.0006702367419906455,-0.0005910885172520862,0.11088242213179798,-0.007700370073721323,-0.08463225719196141,-0.00038695207600201027,-0.00044681555779519023,-0.003169850824994834,-0.008814796966986125,-0.0007064943849270411,-0.010587543900329692,-0.011570420201700621,-0.000315943783235591,-0.006669693059817529,-0.006677278982467281,-0.000999173911857838
service_uucp_path,-0.006528286305317315,-0.0005856286669040499,-0.0003665162897741148,-0.0010506558163477671,-0.006650034939967269,-0.0005769012615881382,-0.007055287397023905,-0.0019967673796548176,-0.060098092192986174,-0.000860675160112854,-0.0027251707193327785,-0.001810240385987762,-0.0009139107796818206,-0.0019511557674872237,-0.0013878109392205062,-0.003055084052159196,,-0.0002101109895481045,-0.00723941183888782,0.08463154945242905,-0.016758211867929567,0.08365498532150481,0.08386162651868079,0.021148770559751666,0.020690605040519065,-0.09944993064914269,0.003182451487812676,-0.027820793845797033,0.05440177527300558,-0.07005948673023799,-0.07900968133143271,-0.0014210173336236455,-0.03247431123709402,-0.02148356006663627,0.08399461423441244,0.08478555030852487,0.02210468184375713,0.02118101597973771,-0.01064062905131286,0.04746998539271794,0.0353848135615316,-0.027306774360085016,-0.0017833574156340434,-0.0061539217695248845,-0.0002971429996064444,-0.006493880924426035,-0.0055985982708811775,-0.0056581022924729885,-0.004893099183638933,-0.004992219634563854,-0.004787318102195993,-0.004879429504297019,-0.005010034564033684,-0.020658145869810237,-0.004359354712264382,-0.014444494895332146,-0.011759760963997124,-0.0046265928091922546,-0.004568537990468844,-0.008864534677363747,-0.008818314425306742,-0.017811997927978922,-0.004768685920607111,-0.0002971429996064451,-0.004494931252564571,-0.05096481692544497,-0.0002101109895481039,-0.004833589523532749,-0.0002971429996064464,-0.005345786366080998,-0.005510190001968928,-0.004349146262295739,-0.0036191593133776245,-0.0042352518599335885,-0.00455879140751932,-0.004344033164357977,-0.004394900115632133,-0.004440189034081854,-0.004214217491675971,-0.003908019602597108,-0.0039867481318474314,-0.003975595577591326,-0.005253218260969422,-0.0036130262100890144,-0.00270887919787442,-0.014078423741953124,-0.00046982997284914847,-0.0018442772006863142,-0.0034110042796812287,-0.0017457878823432717,-0.034037733426219505,-0.0005943002628185851,-0.0018562218240447924,-0.0019377788174182553,-0.0016944027796059271,-0.018450306143832258,-0.0032919717477588478,-0.0037039666858595405,-0.0041020406738359215,-0.0048839902419060745,-0.00459281531907386,-0.010255793554931015,-0.00036392582056739026,-0.0005943002628185793,-0.005366606406971023,-0.0006644532093413226,-0.005163341249105859,-0.005867436335618571,1.0,-0.005202046393495057,-0.00551828434448255,0.029573688588618315,-0.008331966118038346,-0.002122874798141212,-0.005671550330080166,0.0845289850808536,-0.004014495523814355,-0.002350278313867322,-0.0014407134898864675,-0.09001856547610007,-0.001102181936791277,-0.0011509588055865258,-0.0005943002628185846,-0.0015007927848887162,-0.0006968871929296057,-0.012748189916919265,-0.0008914860566658123,-0.0006303531404289294,-0.0005559147682872732,0.10353100787207989,-0.007127139844592259,-0.0795960677179454,-0.00036392582056739737,-0.00042022702189108,-0.0029812233454886007,-0.004287277000931617,-0.0006644532093413271,-0.011525223632174512,-0.010881902249289432,-0.0002971429996064469,-0.006272801388754307,-0.006279935897899658,-0.0009397163326254004
service_vmnet,-0.006016519963275848,-0.0005520678690191127,-0.00034551223248995797,-0.000990445573124762,-0.006268939423293893,-0.0005438406105781481,-0.006650967958085572,-0.0018823380415994033,-0.05665403307117331,-0.0008113521944755177,-0.00256899855592571,-0.0017065004054570407,-0.0008615370246684525,-0.001839340307563542,-0.001308279247778031,-0.002880005447934032,,-0.00019807009700491992,-0.006824540726170548,0.08091545114497496,-0.016208849713730683,0.07931964810934795,0.07952442703256796,0.01960830992902516,0.0191729579286535,-0.09418197629646678,0.002095586338610406,-0.026226459394829513,0.05020948043073382,-0.06648675672368631,-0.07481334345567622,-0.0008509090053758562,-0.030495577216845964,-0.02025239534382094,0.07957358010774648,0.08039683629219921,0.02036974288457674,0.019630921762066322,-0.015172486810293618,0.044657059284001814,0.03335700559836173,-0.02574189697562329,-0.0016811580254263814,-0.0058012571568580315,-0.0002801145379542678,-0.0061217341720479854,-0.0052777577459895055,-0.005333851753038813,-0.0046126889033385274,-0.004706129029303026,-0.004512969849576899,-0.004599802596348664,-0.004722923033347414,-0.01947428340219349,-0.00410953188404912,-0.013616719959573788,-0.01108584086869142,-0.0043614552884162555,-0.004306727434338382,-0.00835653217009331,-0.008312960675674034,-0.01679124050119393,-0.004495405427922132,-0.0002801145379542685,-0.004237338899506042,-0.04804416110728834,-0.00019807009700491897,-0.0045565895809028135,-0.0002801145379542692,-0.005039433807696228,-0.005194415915858874,-0.004099908452738345,-0.003411755081534272,-0.003992541030535836,-0.004297539401696974,-0.004095088372614438,-0.004143040276486172,-0.004185733809508441,-0.003972712085033314,-0.0036840615688324536,-0.0037582783790011797,-0.0037477649474661956,-0.004952170530328222,-0.00340597344980764,-0.0025536406574998916,-0.013271627353916274,-0.00044290528781096473,-0.001738586662361428,-0.0032155288498413857,-0.0016457415004776242,-0.032087122982281294,-0.0005602425221055618,-0.0017498467716607685,-0.001826729954323629,-0.0015973011390016429,-0.017392968999571108,-0.003103317750387156,-0.0034917023728699794,-0.003866963817229418,-0.004604101970420325,-0.00432961349490166,-0.00966806176419687,-0.0003430702160672797,-0.0005602425221055543,-0.005059060708352748,-0.0006263751929992893,-0.00486744412693242,-0.005531189428338222,-0.005202046393495057,1.0,-0.005202046393494984,0.02723414221271912,-0.0078544836745139,-0.002001218585003437,-0.004790896535375074,0.0801247791891194,-0.0037844356429803548,-0.002215590220280611,-0.0013581500963459516,-0.08485984495357758,-0.0007640487541705316,-0.0010850004693304738,-0.0005602425221055643,-0.001414786409442544,-0.0006569504727093397,-0.012017625631633966,-0.0008403974018783961,-0.000594229306808956,-0.0005240567964481199,0.0977348920373349,-0.006601081063389933,-0.07503463235317406,-0.0003430702160672806,-0.00039614494781575657,-0.0028103774985984613,-0.0047207776347485296,-0.0006263751929993095,-0.010712936656202005,-0.010258289862660044,-0.00028011453795427063,-0.005913324106631998,-0.005920049756354485,-0.0008858637311667335
service_whois,-0.0064567571009697365,-0.0005856286669040459,-0.0003665162897741086,-0.001050655816347763,-0.00665003493996724,-0.0005769012615881363,-0.007055287397023851,-0.001996767379654832,-0.0600980921929871,-0.0008606751601128605,-0.0027251707193327117,-0.0018102403859877486,-0.0009139107796818122,-0.0019511557674871866,-0.001387810939220506,-0.0030550840521591884,,-0.00021011098954810405,-0.007239411838887658,0.08048675137437901,-0.017439443403465614,0.08472217421727869,0.08495167936647305,0.01994579575922977,0.019519672134455643,-0.0987529069606886,0.004873902544615388,-0.02782079384579692,0.052710160595542316,-0.07062784804058583,-0.07949691521563722,0.00028052675650494703,-0.03302421520372907,-0.018599377827683766,0.08495872540536947,0.08587893609402425,0.018529333192007173,0.01999476230132955,-0.01224617440450972,0.049029549271918924,0.03538481356153179,-0.02730677436008524,-0.0017833574156340304,-0.006153921769524898,-0.00029714299960644343,-0.006493880924426026,-0.005598598270881221,-0.00565810229247303,-0.004893099183638899,-0.004992219634563842,-0.004787318102196021,-0.0048794295042970115,-0.005010034564033729,-0.020658145869810317,-0.004359354712264333,-0.014444494895332128,-0.011759760963997229,-0.004626592809192262,-0.004568537990468859,-0.008864534677363723,-0.008818314425306738,-0.017811997927978905,-0.0047686859206071165,-0.00029714299960644435,-0.004494931252564526,-0.050964816925444925,-0.0002101109895481035,-0.004833589523532784,-0.00029714299960644533,-0.005345786366081011,-0.005510190001968881,-0.004349146262295668,-0.00361915931337759,-0.004235251859933563,-0.004558791407519241,-0.004344033164357973,-0.004394900115632099,-0.0044401890340819185,-0.004214217491675879,-0.003908019602597158,-0.003986748131847442,-0.003975595577591375,-0.005253218260969277,-0.0036130262100890925,-0.002708879197874364,-0.014078423741953006,-0.0004698299728491515,-0.0018442772006863476,-0.0034110042796812465,-0.001745787882343277,-0.034037733426219026,-0.0005943002628185832,-0.001856221824044769,-0.0019377788174182642,-0.0016944027796059174,-0.018450306143832484,-0.0032919717477588395,-0.0037039666858595314,-0.004102040673835908,-0.004883990241906016,-0.0045928153190737155,-0.010255793554930906,-0.000363925820567392,-0.0005943002628185807,-0.0053666064069707925,-0.0006644532093413312,-0.005163341249105804,-0.005867436335618609,-0.00551828434448255,-0.005202046393494984,1.0,0.027293842551261348,-0.008331966118038374,0.0016694900016022863,-0.0040946198467314765,0.08549723544690643,-0.004014495523814446,-0.0023502783138673222,-0.001440713489886443,-0.0900185654761016,-0.0011021819367912956,-0.0011509588055865088,-0.000594300262818587,-0.0015007927848887136,-0.0006968871929296132,-0.009500258005245942,-0.0008914860566658026,-0.0006303531404289373,-0.0005559147682872801,0.10122297536687844,-0.007127139844592146,-0.07959606771794629,-0.0003639258205673928,-0.00042022702189107534,-0.002981223345488489,-0.0014147680892040333,-0.0006644532093413363,-0.010878960233211603,-0.010881902249289385,-0.00029714299960644603,-0.006272801388754164,-0.006279935897899744,-0.0009397163326254085
flag_REJ,-0.034527905286789645,-0.0024666394954583363,-0.0015437487427042886,-0.004425311072807748,-0.028009622938836177,-0.0024298799864804614,-0.029716526529517954,-0.008410286848955135,-0.25313023418148023,-0.0036251218114204593,-0.011478286201732886,-0.007624644245917296,-0.003849347645495359,-0.008218172962339348,-0.005845392012052962,-0.01286786507438259,,-0.0008849772438303835,-0.030492049701499567,0.1991506417269364,-0.09264440179063776,-0.18907093188727123,-0.19650560960137864,0.8349278368078918,0.8409093600370846,-0.23571060800610275,0.31039527712117165,-0.050282287520433185,0.02827154979905108,-0.18143447691487316,-0.1829954851491448,0.2723886667870534,-0.06932784085490937,0.06285234066893977,-0.18914167163033332,-0.19518304142791854,0.8128964831432006,0.8290348251713917,0.013711667277727194,0.19871943999619734,0.14903910950344265,-0.11501480223886283,0.01003835693262452,0.03446927553120569,0.012784333545388412,0.022478104712684445,0.03447945577500824,0.024728623764769038,0.026472759678783514,0.03142255519928537,-0.01841436141947077,-0.01926429142471042,0.02029163553467747,-0.08701110319755971,-0.01644139839792491,-0.060839508245077806,-0.049531539822860224,0.024854940640966907,-0.01878428505907667,-0.03733698786286644,-0.03714231041471137,-0.061033450306952675,0.02865375504857538,0.005766390859257316,0.0294921484314813,-0.04695222874243001,0.009039852782977436,0.03336352443567037,0.0057663908592573134,0.028849286818016292,0.024357147255158612,0.014397544790981423,0.021719537965973836,0.024148577880520505,0.030845550967759656,-0.018296855891115838,0.023389423568337914,0.03267200720640757,0.02097046849522211,0.024205058017893532,0.01887837787356561,0.010082378078182342,0.02734246434265333,-0.013482310146453819,-0.011409667107657595,0.08662408970801498,-0.0019789009386668053,0.01712242797754648,-0.013754350100683096,-0.007353173443005225,0.14862028428652901,-0.002503163731359517,0.016912148031766005,0.019836552191139282,-0.0071367418956013295,-0.07735180600099219,0.02358131562344817,0.010361035474053516,-0.017277595319593317,0.01802194155850639,0.02167464284659333,-0.043196902423128306,-0.0015328378127061574,-0.0025031637313595433,-0.022603884532542664,-0.0027986445217446513,-0.021747741597987015,-0.023998117100576744,0.029573688588618315,0.02723414221271912,0.027293842551261348,1.0,-0.03509383505683585,-0.008941445147141819,-0.043814156402562525,-0.19350863037073485,-0.01690885941604416,-0.009899257668121516,-0.006068214976147639,-0.37915380885095123,-0.01450319969317811,-0.004847782373120859,-0.002503163731359543,-0.0063212660374782565,-0.00293525487927114,0.012147104205771577,-0.003754895805489055,-0.00265501669406452,-0.002341485899912226,0.11825556286080656,-0.034237264681720746,-0.1849388849325849,-0.0015328378127061654,-0.0017699757276669053,-0.012556767379029908,0.04589273472601306,-0.0027986445217447324,0.27353747064303086,-0.04583404171728527,-0.0012515518268738659,-0.026420733613480577,-0.0264507838181522,-0.0039580393763214315
flag_RSTO,-0.005319909322988821,0.010465306099920064,-0.0005395201173154054,-0.001586367812358597,-0.010040777594032109,-0.0008710536581558969,-0.007357972284479857,0.07680955156219552,-0.07050599697397385,0.00020740651299482263,-0.002143327993254611,0.0020842168749750883,0.0002585216204664587,0.0034466434226778607,-0.0020954327472069885,-0.0024373340913641166,,-0.00031724310250389945,-0.007190010523582459,0.0648764376123828,-0.029909198761746244,-0.07107469955811559,-0.07066455879552835,0.2998579347318427,0.2957604955919489,-0.10735260455371913,0.01042535241727388,-0.03687496024269603,0.051180519660396225,-0.09147691598002473,-0.09558949085790466,0.0099588228808275,-0.03839218592417167,-0.014714739815831318,-0.06956881443860309,-0.0686670872435589,0.27298243757045637,0.26725022640264584,-0.04399140282845621,0.06362019936095854,0.05342694382585989,-0.04123004625316851,-0.0026926618194787586,-0.009291704536394,-0.0004486512927534482,-0.006475051392991402,-0.008453230785059393,-0.008543074921540727,-0.007388009400248216,-0.007537669727110079,0.08054822050103816,0.11851983518071486,-0.0032616185888821813,-0.03119139223422836,0.1020928617272147,-0.02180950356072516,-0.01775586827203345,-0.006985615840309552,0.1098027521822233,0.034495724961848086,0.0656582044844142,-0.026894040605007264,-0.003811058289605985,-0.00044865129275344957,-0.00678682223701037,-0.06441050552654601,-0.000317243102503898,-0.0072981567502673084,-0.0004486512927534508,-0.007062708155642784,-0.008319744604364769,-0.0065667038952194005,-0.005464508693720192,-0.006394736623821909,-0.006883243627094496,0.08266836879853226,-0.006635786880431951,-0.006704167868161182,-0.00636297717963659,-0.005900654059268608,-0.004669921049525334,-0.006002685904475694,-0.007931747229520818,0.0436632422918343,-0.004090091826658946,-0.01849336994516502,-0.0007093884929891454,-0.0027846435937563846,0.020068816821013725,0.03118744705512081,-0.03785230077907633,-0.0008973241218888531,-0.0028026785826953966,-0.0029258201359494067,0.022785655336212178,-0.0034686651591760843,-0.00497049360845109,0.011832274144738784,0.08957456997533711,-0.007374255960020881,-0.006934615767524218,0.0852703967380998,-0.0005494855678248293,-0.0008973241218888524,0.11047912143236026,-0.0010032468937178427,-0.007796043418174728,0.14387521496478556,-0.008331966118038346,-0.0078544836745139,-0.008331966118038374,-0.03509383505683585,1.0,-0.003205293491016881,-0.01570632353277049,-0.06936819979051999,-0.006061420288876963,-0.0035486462923358963,-0.0021753094320949556,-0.1359175408007408,-0.005199049013941781,0.0029247041652725133,-0.0008973241218888511,0.15151437925331177,-0.0010522184282493545,-0.006250947744930124,-0.0013460400289575123,-0.0009517597645551355,-0.0008393664995747881,0.10789635556446359,-0.012273237695768019,-0.0884717703641013,-0.0005494855678248315,-0.0006344938190402237,-0.004501299743597196,0.0037579814650342586,-0.0010032468937178401,-0.016767140103226795,-0.01643040394095287,-0.00044865129275345234,-0.009471198904156033,-0.008621545095680175,-0.0014188621236654252
flag_RSTOS0,0.030685605102411452,0.15130770141202898,-0.00014099820634426736,-0.00040418554297138454,-0.0025582573676056013,-0.00022193295466295154,-0.002714157312999009,-0.000768153085887638,-0.023119635989838093,-0.00033110030087822156,-0.0010483686377068253,-0.0006963964620332232,-0.0003515799550771525,-0.0007506063746403133,-0.0005338885573016263,-0.0011752857474654585,,-8.082934779722949e-05,-0.0027849896791755655,0.010612309671220363,-0.010057291045687438,0.018606351475356636,0.013132712619002267,0.027182186300588253,0.034507243148533186,-0.03491014955547016,0.04886552357294322,-0.010702613064615991,0.01643559875591299,-0.028361447889131967,-0.031528982278211985,0.01992508568274906,0.03275003128404742,-0.007617965687782595,0.0015149655572851196,0.0130147513322495,0.007498151089109513,0.031974082526768866,-0.011526967956186207,0.05863904185004213,0.01361247885346987,-0.010504870624420338,-0.0006860546281043152,-0.0023674034570761206,-0.00011431041713885445,-0.002498185177858295,-0.002153771431886111,-0.0021766625299048476,-0.0018823671078381907,0.006455131959536764,0.006889284438573263,0.006690407227268768,0.002245706215590556,-0.007947154315669534,0.007904277195589502,-0.005556773132910353,-0.004523960460209902,-0.001779842549381493,-0.001757508957292878,0.001352371884462736,-0.0009989874445987053,-0.0056166131839841035,0.002547889291849585,-0.00011431041713885481,-0.0017291925677928237,-0.018404907425646228,-8.082934779722912e-05,-0.0018594738406922766,-0.00011431041713885508,-0.0020565151130979733,-0.002119760918055129,-0.0016731093248010926,-0.0013922845611443098,-0.0016292943378721095,-0.0017537594630624152,-0.0016711423245389164,0.0030614668950867245,0.002995913069009173,-0.0016212024514303122,-0.0015034086333898806,-0.001533695367491823,0.0037206533528833814,-0.0020209043172082003,-0.0013899251665222085,-0.001042101316530804,-0.005415946169796004,-0.00018074280818277687,-0.0007094903679688112,-0.0013122076663061373,-0.0006716016912090548,0.04091324238901563,-0.00022862632146306656,0.010505205729969077,-0.0007454602842244161,-0.0006518339277537066,-0.004702569549143381,-0.001266416049491465,0.004208035377254993,-0.0015780482164068172,-0.0018788629131220003,0.0027820074740320957,0.0001906549772651575,-0.00014000165715415388,-0.00022862632146306225,0.005732253859641997,-0.0002556140431699756,-0.0019863287804096487,-0.0022571929877149015,-0.002122874798141212,-0.002001218585003437,0.0016694900016022863,-0.008941445147141819,-0.003205293491016881,1.0,-0.004001763560582146,-0.017674100091322732,-0.0015443697429758864,-0.0009041481536041933,-0.0005542400804481851,-0.03462999223755262,-0.0013246489447554983,-0.0004427719359045566,-0.00022862632146306667,-0.0005773524851900803,-0.0002680913426465286,-0.004904207432443141,-0.0003429532014750851,-0.00024249580344364044,-0.00021385948563732313,-0.01992721206342194,-0.0031270586830083207,-0.03062047470578677,-0.00014000165715415464,-0.0001616606355492443,-0.0011468716566038933,0.18510403942694068,-0.00025561404316997544,-0.004930967246030104,-0.004186249674493495,-0.00011431041713885542,-0.002413136248632397,-0.0024158808824200984,-0.00036150730832251694
flag_RSTR,0.5410633187966576,-0.000566625357250811,0.029789568709330166,-0.00198055776264126,-0.012535768723930448,-0.0010874981646108596,-0.009042648137207482,0.005249271882427009,-0.0932758649793773,-0.0012949334085028477,0.002812682757586334,-0.0008221371019904364,-0.0015323068740016419,-0.0024790210056195266,-0.002616118129252184,-0.005174176267453987,,-0.0003960735236895083,-0.01364678431449383,-0.08302573886540159,-0.050377456567634094,-0.08920198401779406,-0.08849398508039436,0.3697995254584241,0.37075689471259243,0.08492401758663563,-0.009496823423844523,-0.04869795158827495,0.056980447879538494,-0.13328252666821697,-0.14125826316142476,0.320088797561605,0.24580904634607098,-0.03880171544792414,-0.08694008097543156,-0.08608424095428474,0.27061125775623013,0.3600329329413089,-0.23532444435180516,0.25571112203025553,0.06670278324115811,-0.05147512923838352,-0.0009339748703116999,-0.007352740488341157,-0.0005601347894601649,-0.00821284785119632,-0.005890062166927319,-0.008358314253930894,-0.0038948450184888486,-0.0033158944208977912,-0.0008558353835075311,-0.0020730163098700957,-0.004238568338013586,-0.03894201176790151,-0.0002495305828435205,-0.027228856536318506,-0.022167950247506493,-0.005904759360116165,-0.0048090700850795896,-0.01324464338559989,-0.013637468328293335,-0.03126474102839152,-0.0035224723690571013,-0.000560134789460167,-0.002676134650951352,-0.08358544326937378,-0.00039607352368950717,-0.006414632664103836,-0.0005601347894601678,-0.006009008492925127,-0.004859807964700869,-0.005203415086293865,-0.0032270228296055257,-0.004908717307857758,-0.0028771254806537238,-0.005190275360412531,-0.00038053733373392945,-0.0005459652417006794,-0.0007334570349204185,-0.000705084737034694,-0.0009843141134215534,0.00014645743273612909,-0.007419204214507463,-0.0008084452211009528,-0.00510642176051282,0.1253361452045706,-0.000885661493868262,0.00591411384365533,0.0011974920410983423,0.004148956121459378,0.15025712549379933,-0.0011202964667884209,0.010496417923226531,0.009754386905048588,0.004471199900925234,-0.0332861152522795,0.0016965334150109322,4.459692466126184e-05,-0.0024422204857083817,-0.002978015419352458,-0.0010917997233596466,-0.006434089972760791,-0.0006860249548285624,-0.0011202964667884159,-0.005253366778556664,-0.001252539548343666,-0.009733249873998453,-0.00883428449228003,-0.005671550330080166,-0.004790896535375074,-0.0040946198467314765,-0.043814156402562525,-0.01570632353277049,-0.004001763560582146,1.0,-0.0866052157042293,-0.007567597446343558,-0.004430434673724485,-0.0027158430398791502,-0.16969112611518852,-0.00649093911430628,-0.002169635727910128,-0.0011202964667884185,0.008708441334096947,-0.001313679816136091,-0.024031206134990372,-0.0016805119263066882,-0.0011882585962562186,-0.001047937195575213,-0.09764573529737458,-0.015322963566030847,-0.13299449065587116,-0.0006860249548285661,-0.0007921565533907449,-0.005619809025185495,0.8135488760303548,-0.001252539548343698,-0.023814695228575013,-0.02051312678880144,-0.0005601347894601698,-0.011824657790589041,-0.011144147231748133,-0.0017714292809339976
flag_S0,-0.06825430167860816,-0.004875677320696209,-0.003051449664502005,0.022868804684988146,-0.05536519781698245,-0.004803020248319253,-0.05868087641617663,-0.01662418648429396,-0.5003130940550187,-0.007165594004540086,-0.0226885448456979,-0.01507124668836665,-0.007608809812419618,-0.016244444730572773,-0.011554289244515408,-0.025435254765162466,,-0.0017492895307869845,-0.06027208460660989,0.4614110230797067,-0.14288863109840766,0.9791590250162006,0.9826276301552752,-0.22477881375970638,-0.23051681570860316,-0.76507455646534,0.04540977449011494,-0.2217971180014382,0.39861046770014197,-0.5526663068485562,-0.6170427554627287,-0.04850353187304905,-0.28580244553505646,-0.16943797684419257,0.9758330283552182,0.9812218578522999,-0.2325120526908903,-0.23123598747652127,0.025340231822893317,0.37323470742605336,0.2945980314745346,-0.22734391290239994,-0.013356753971365709,0.09395516794901342,-0.002473878874570666,0.061780596986452566,0.0832024984270233,0.09127558917288763,0.07460183327908834,0.07257573703853783,0.07800929275441708,0.07093456057388588,0.06776342439082585,-0.17199042455252955,0.06308528914534028,-0.12025836322153048,-0.0979064768726353,0.07130243699876725,0.06850053909462528,0.09430327578289951,-0.014143184428488338,-0.059724658094447165,0.06659302672799584,0.001996900377704028,0.06491242146692167,-0.37163812946725916,-0.0017492895307869773,0.06988114843449889,0.0019969003777039573,0.07813982778008054,0.08769490411048256,0.07259680683971037,0.05375626044061433,0.06417871954089079,0.06529775199204604,0.07000488790767025,0.06593436964049532,0.0609158711616939,0.06453072261044475,0.05677082385642595,0.060376722969467195,0.0664273475811418,0.08181204895303405,0.06132005411070222,-0.02255290897063455,-0.10655596575726575,-0.003911592889656066,0.01996200942866792,-0.007713744556007018,0.025056080129066394,0.31615376944649265,-0.004947876501502623,0.019635585360216003,0.020225669324673467,0.022761105406100626,-0.13319877982588701,0.04456355797852473,0.05437457482299419,0.06232453229859558,0.07953489604638536,0.0709333636165327,0.07737033597086544,-0.0030298825838229394,-0.004947876501502617,0.06555174753888761,-0.005531938359333178,-0.04298765528812887,0.08784317019029929,0.0845289850808536,0.0801247791891194,0.08549723544690643,-0.19350863037073485,-0.06936819979051999,-0.017674100091322732,-0.0866052157042293,1.0,-0.033422882859690695,-0.019567359411929768,-0.011994732070618533,-0.7494540599827089,-0.028667737575241225,-0.00958236498390615,-0.004947876501502598,-0.012494925239907216,-0.005801969108580317,-0.106135691455804,0.019404280823523384,-0.0052480365335607045,-0.0046282961508406825,0.867036517167935,-0.06767506067308184,-0.6500972442359222,-0.0030298825838229863,-0.0034986210456143707,-0.024820323765154757,-0.08907789612099608,-0.005531938359333309,-0.09614891900988998,-0.09059782032663043,-0.0024738788745706946,-0.05222452105743739,-0.052283919769434264,-0.00782365523148812
flag_S1,-0.005964087438440086,0.0001431843604090784,0.00014590561386071472,-0.0007643413801274885,-0.004837832527858163,-0.0004196897781543381,-0.000778709034540394,0.0018292273333080941,0.052832263125227805,0.016760800549989834,0.04664712361773987,0.0713060201843397,0.017194921994537007,0.028530280735211144,-0.0010096182899621603,0.008212321096458471,,-0.0001528535998490989,0.008574610073412049,-0.03848564565498454,-0.01804052093063977,0.05834316003701998,0.05275860968807859,-0.019350243220949512,-0.01977969821780953,0.037062042288602784,-0.005508427241936196,-0.00018319494081047713,-0.036279659267366815,0.011940976532456779,0.013522605047882818,-0.002528115567409705,-0.005578693934090997,-0.0009980690367210718,-0.01988541538822476,-0.013126703313831528,-0.011543344888181786,-0.013363787048784218,-0.07757758207328604,-0.04327553416520801,0.025742090618401374,-0.019865399568976195,0.01107837272354008,-0.00447691526123747,-0.00021616849864678652,-0.004724232075746028,-0.004072923085335379,-0.004116211653560037,-0.0035596797018873903,-0.0036317888180032775,-0.0034827250450689537,-0.0035497351497216253,-0.0036447489973180725,-0.015028590218910898,-0.003171386048021035,-0.010508222570851773,-0.008555106044561762,-0.003365799035271646,-0.003323564747338694,-0.0026632507495996656,0.006267745884041755,0.01126877946930979,-0.00346917032318114,-0.00021616849864678704,-0.0032700165969729933,0.0173459271074443,-0.00015285359984909826,-0.0035163870317013075,-0.00021616849864678763,-0.0018152317746673516,-0.004008606972271847,-0.003163959504887971,-0.002632901452070374,-0.0030811024899305593,-0.0033164742077469215,-0.003160239778338546,-0.0031972449660839556,-0.003230192191896408,-0.0030658002017654113,-0.0028430443634698084,-0.0029003185647508774,-0.0028922051953872594,-0.0038216626541485678,-0.0026284396820415445,-0.001970681961195746,-0.004561250830265745,-0.0003417965086997756,-0.001341692835062218,0.0007586563227099301,0.005050842537573996,-0.024370057946206232,-0.0004323473739211007,-0.0013503824266114888,-0.0014097143066659809,0.005279705737575769,0.0075204996063993855,-0.002394875838378085,-0.0026945979497429557,-0.002984192712012741,-0.003553053039771028,-0.003341226256048841,0.07144188338252547,-0.00026475231910240963,-0.0004323473739211046,-0.0039041513727721454,-0.0004833829263169298,-0.0037562780455825603,-0.004268500032833221,-0.004014495523814355,-0.0037844356429803548,-0.004014495523814446,-0.01690885941604416,-0.006061420288876963,-0.0015443697429758864,-0.007567597446343558,-0.033422882859690695,1.0,-0.0017098034790781168,-0.0010481043554834042,-0.06548758737402258,-0.0025049980639473084,-0.0008373107807939696,-0.00043234737392110206,-0.0010918114292411663,0.015320266882018367,-0.009274178016828475,-0.0006485470049411427,-0.0004585754743146723,-0.0004044223185314809,-0.037683665424240786,-0.0059134731339944265,0.04924529000234158,-0.00026475231910241223,-0.000305710868279983,-0.0021688095481924826,-0.00834325251764959,-0.00048338292631693004,-0.008438730609883422,-0.007916472791772025,-0.00021616849864678818,-0.004563398970571209,-0.00456858925313748,-0.0006836340383133617
flag_S2,-0.0033993293039078563,-0.00022578838260119306,0.00021759901634390923,-0.00044748212059237427,-0.0028322993035856067,-0.00024570653480533006,0.00901281287924453,-0.0008504380668482229,0.03341345350859996,-0.00035602681282280777,-0.001160670462666196,-0.0007709948339881925,-0.00029612886791158027,-0.0008310117422432928,-0.0005910789931401725,-0.001301183003012684,,-8.94878319805814e-05,-0.00046144914769440814,-0.021554020756769345,-0.010493738679082973,0.037096978256661924,0.024100994077837952,-0.010093186664403246,-0.011230759242917653,0.022681240519943174,-0.006034582464664937,0.017823134812839737,-0.02397005962428062,0.023961709666870803,0.024842100514740954,-0.008312187208503827,-0.0015366542667491238,-0.0015321921746466703,-0.011766835978573262,-0.01648833905747118,-0.009297749189034876,-0.009089723369823667,-0.0337666480153601,-0.021837494635354265,0.015070655073629742,-0.011630158142239723,-0.0007595451771219502,-0.0026210010172114146,-0.00012655541188101224,-0.002765792147839462,-0.0023844846120087823,-0.0024098278170348905,-0.002084007307526094,-0.0021262234442321714,-0.0020389543587810617,-0.0020781852895021768,-0.002133810955092832,-0.008798457856030844,-0.0018566815704113625,-0.0061520177265258534,-0.005008569592391634,-0.001970500261990176,-0.0019457742832360643,-0.0037754711997695467,-0.001593560175430303,-0.0008885616225698628,-0.0020310187741691063,-0.00012655541188101265,-0.001914424626521789,0.027668119065337168,-8.948783198058109e-05,-0.002058661701014739,-0.00012655541188101295,-0.002276810142871635,-0.002346830873234174,-0.0018523337157011698,-0.0015414268489385228,-0.001803825243278877,-0.0019416231411217941,-0.001850156009289202,-0.0018718206218769652,-0.0018911095088292261,-0.0017948665495118067,-0.0016644545929091334,-0.0016979856586224241,-0.001693235702879685,-0.002237384698944139,-0.0015388147146670663,-0.0011537317825994586,-0.00046209025629030274,-0.0002001040771841195,-0.000785491366327837,-0.0014527720730917056,-0.000743544033678926,-0.014496923632583173,-0.0002531168987376932,-0.0007905786701879183,-0.0008253143997922751,-0.0007216587365321423,0.013780656255958723,-0.0014020752331034517,-0.001577546939161797,-0.001747089609102479,-0.002080127741544961,-0.001956114177916515,-0.004368018695476413,-0.0001549987116541275,-0.0002531168987376913,0.008279858131201606,-0.0002829955600341493,-0.0021991054116309804,-0.0024989847417684935,-0.002350278313867322,-0.002215590220280611,-0.0023502783138673222,-0.009899257668121516,-0.0035486462923358963,-0.0009041481536041933,-0.004430434673724485,-0.019567359411929768,-0.0017098034790781168,1.0,-0.0006136105826373074,-0.03833957604875235,-0.0014665460681299147,-0.0004902019091548499,-0.00025311689873769246,-0.0006391988008844233,-0.00029680943469177805,-0.005429548829384804,-0.00037969053700389477,-0.00026847208725472825,-0.0002367682313381512,-0.02206182597744548,-0.003462030928672865,0.02546816815185169,-0.00015499871165412782,-0.0001789778117249711,-0.0012697251791134309,-0.00488454037201647,-0.0002829955600341448,-0.0024380488994559905,-0.004634683041605275,-0.00012655541188101338,-0.002671632730547257,0.0003407416740978075,-0.00040023216997955575
flag_S3,0.0012626710316576536,0.0009776929784913895,-7.499046072324205e-05,-0.000274305184971736,-0.0017361908970505054,-0.00015061736184971217,-0.00011323452660582719,0.01772182373418001,0.018909323875813722,-0.00012159307186364505,-0.0007114874791676589,-0.0004726174987045485,-0.00012053527520967613,0.009683502644489004,-0.00036232963304004545,0.011632064819192241,,-5.48557700398329e-05,-0.0018900653978727023,-0.013230159641128425,-0.005929665357452158,0.015128230441351401,0.01366349341714122,-0.005446319064303702,-0.006625675063287134,0.013563773927868507,-0.002213141188791111,0.0005184664690663926,-0.012474829785807166,0.0022575619980842302,0.006147675588546302,-0.0029513028923843364,0.000652427099638773,-0.002458280477653116,-0.008015428670970085,-0.007943749651110818,-0.004474155412624809,-0.003981513493803854,-0.04114653661887669,-0.009530524164079452,0.009238265927015316,-0.007129251725710002,-0.000465598893714476,-0.0016066656873028173,-7.757808428019126e-05,-0.001695422211958202,-0.001461681847072341,-0.0014772171550155142,-0.0012774901692533015,-0.001303368533225966,-0.001249872848090465,-0.001273921289833382,-0.001308019654409017,-0.005393428024497497,-0.0011381401807318905,-0.0037711682383870146,-0.0030702379944612113,-0.0012079106940329058,-0.0011927537439255377,0.0011928798310187683,-0.0023022852316957197,0.01536842634366885,-0.001245008358751838,-7.757808428019157e-05,-0.0011735364992847498,0.001731756962180115,-5.4855770039832635e-05,-0.0012619533892069565,-7.757808428019175e-05,-0.00139567772352369,-0.0014386002192169802,-0.001135474958959596,-0.0009448899910430782,-0.0011057394122457231,-0.0011902091063789345,-0.0011341400315230783,-0.0011474203734400897,-0.001159244402736091,-0.0011002477600929527,-0.001020305625575781,-0.0010408600673278206,-0.0010379483588401261,-0.001371510045774205,-0.0009432887606440968,-0.0007072340892967083,-0.0014200528607210907,-0.0001226631934096596,-0.00048150382913404456,-0.0008905448818907899,-0.0004557902412345032,-0.008886570290881083,-0.00015515989250207266,-0.00048462233099620146,-0.0005059152280657744,-0.0004423746203509994,0.012821965256799517,-0.0008594678724852665,-0.0009670314969803008,-0.0010709606402879994,-0.001275112007053966,-0.0011990920680560375,0.009505872592639153,-9.501374091635474e-05,-0.00015515989250207188,0.00434058993424189,-0.00017347542140584712,-0.0013480449585588665,-0.0015318700799148818,-0.0014407134898864675,-0.0013581500963459516,-0.001440713489886443,-0.006068214976147639,-0.0021753094320949556,-0.0005542400804481851,-0.0027158430398791502,-0.011994732070618533,-0.0010481043554834042,-0.0006136105826373074,1.0,-0.023502044027745316,-0.000898988299142315,-0.0003004922860073476,-0.00015515989250207494,0.040474561210183294,-0.0001819432847433206,-0.003328296992035872,-0.00023274914950119984,-0.00016457257656834562,-0.00014513820888902834,-0.013523832522171023,-0.002122214476436081,0.01479126743864051,-9.501374091635505e-05,-0.00010971285665238059,-0.0007783376901381129,-0.002994208457924936,-0.0001734754214058532,-0.0008837700088682829,-0.0028410466709371716,-7.757808428019184e-05,-0.001637702774267652,0.0032764958944662198,-0.0002453411083163357
flag_SF,-0.0683235734275027,-0.0051281583177069205,-0.004529383002928317,-0.017139118518115483,0.07387403814752766,0.006408692012996871,0.07484094946218973,0.0005680871847804334,0.6415571621480454,0.007216246273260738,0.022266800089637134,0.010326629339758133,0.007758485875362816,0.016207249386183894,0.015416941292948683,0.031647646712827965,,0.0023340850683061273,0.07755161190132633,-0.5183386555564569,0.21005851861376537,-0.7584053674683082,-0.7558039878187215,-0.4476520501713614,-0.4455047599440644,0.8268047337753501,-0.2222921745944162,0.25448330222857335,-0.4001281068807973,0.670648704264336,0.7334820107300062,-0.2261615094091367,0.227877308925279,0.13423857843802053,-0.7418111221261335,-0.7456661279571214,-0.39490286852313405,-0.4293075538075073,0.0625980834145296,-0.5482323125540073,-0.3930835086560624,0.30334602885150974,0.006226963733068657,-0.1003875797554106,-0.0048472287573550045,-0.06442055137703712,-0.09132870899007213,-0.09229938507875467,-0.07982005669640067,-0.08143698693134292,-0.07809447305272355,-0.07934790090363739,-0.0710476343975921,0.22948761469982426,-0.07083455073427132,0.16046128727930994,0.1306370624970588,-0.07547259650400999,-0.07425958084900257,-0.06745683324834624,0.023203893823194658,0.10422270657614546,-0.07498660243758314,-0.004847228757355021,-0.07332483032957972,0.40448818989964896,-0.003427494614117767,-0.07884928862786464,-0.004847228757355036,-0.0849284011424441,-0.08988652423718425,-0.07094667167143175,-0.05903855424656911,-0.06908873719825721,-0.0743665670689789,-0.06946513672735805,-0.0716930442729942,-0.07243183249344774,-0.06874560814979824,-0.06375066896108994,-0.06412138743182089,-0.06485302106001901,-0.08569460043466903,-0.05725926962209883,0.03009245019121654,0.017615148109610353,0.005219256387438028,-0.028771705291298265,0.010507401270131691,-0.027091053009083415,-0.414491665293003,0.006601974378011549,-0.03028014059714368,-0.0316105619907715,-0.02335150776878202,0.1754951541662092,-0.05370121505561703,-0.05812851168212445,-0.06602765655811645,-0.07967146452234597,-0.07492159169598886,-0.07059001969350237,0.004042786270172309,0.006601974378011424,-0.07099150524154436,0.007381290801815053,0.05735862621001785,-0.09509138812837806,-0.09001856547610007,-0.08485984495357758,-0.0900185654761016,-0.37915380885095123,-0.1359175408007408,-0.03462999223755262,-0.16969112611518852,-0.7494540599827089,-0.06548758737402258,-0.03833957604875235,-0.023502044027745316,1.0,-0.0561705277535572,0.011733755916360398,0.006601974378011515,-0.02286821655693441,-0.0009446615718762992,0.10046202781395891,-0.014542617044233909,0.007002479289633692,0.006175556845935607,-0.8449604802594086,0.050813280664595666,0.7561518612931477,0.004042786270172355,0.004668226156110358,0.03311787218248917,-0.18632744036380855,0.007381290801814873,-0.058443592951962955,0.12088508844520783,0.0033009079630949892,0.06968341869899537,0.06898609791902768,0.01043913916707425
flag_SH,-0.005115563917055102,-0.0003654254263132814,-0.000228701860755082,-0.0006555968913686606,-0.004149543710033101,-0.0003599796125800522,-0.004241393437116257,-0.0012459593965211215,-0.03750050378616909,-0.0005370511928536731,-0.0017004745267142243,-0.0011295687428915264,-0.0005702695943096631,-0.0012174982861535549,-0.0008659777287705469,-0.0019063365721687811,,-0.00013110679010845482,-0.0045173079738050174,-0.03284209406834055,-0.015725737397771555,0.07302480152288397,0.07388602768067638,-0.017356237816224817,-0.01728421447864029,0.032573641175285946,-0.0050348783541624845,-0.016494482558144445,-0.019144529346645636,-0.04786324764024789,-0.05013903298791215,0.19526704436392806,0.11204023972877869,-0.013297999899660696,0.06360829271070732,0.07342629802667905,-0.017937057618085818,-0.01742200255932152,-0.028880683594863114,0.09511367790917254,0.022079708132431604,-0.017039106532535476,-0.0011127940850821547,-0.001737823418502273,-0.00018541374235296504,-0.0020584613965780696,-0.0011855104035673938,-0.0012466363708030378,-0.00041604354893067804,-0.0005297979890989379,-0.00029226373193052635,-0.0004001895004001881,-0.0005500243827584948,-0.012890440430594412,0.00023725799925314572,-0.009013195190494195,-0.00733795274463448,-9.911281714621953e-05,-2.7732966234903562e-05,-0.004061321120678809,-0.004024990940151036,-0.010351677156759687,-0.00027019464463307925,-0.00018541374235296566,6.407892946971459e-05,-0.03143068377271845,-0.0001311067901084543,-0.00034672073655434346,-0.0001854137423529659,0.00874374795376576,-0.001093729767943808,0.00025052216333064636,0.0013001924576114753,0.00040077043136668,-1.566118411755773e-05,-0.0027106256818292024,0.00019132349837494545,0.00013335059684871904,0.00042898850704776537,0.000858216400242784,0.0007443504707024004,0.000760324204191997,-0.0008199192391482052,-0.0022544859267060726,-0.0016903088086382665,-0.008784771089622336,-0.0002931683857635209,-0.001150807315563231,-0.002128426614509912,-0.00108935113749422,0.07832642988331463,-0.00037083638502837906,-0.0011582606202711703,-0.0012091512263983893,-0.0010572874368102248,-0.010773442940226191,0.0018564325710387825,0.0011661872113667442,0.000582098584564891,-0.0004054836060960531,-5.769108032025252e-05,-0.005122831369832659,-0.00022708543839042026,-0.000370836385028383,0.00387114669139531,-0.00041461099984044117,-0.003221864305435811,-0.0014577861357283582,-0.001102181936791277,-0.0007640487541705316,-0.0011021819367912956,-0.01450319969317811,-0.005199049013941781,-0.0013246489447554983,-0.00649093911430628,-0.028667737575241225,-0.0025049980639473084,-0.0014665460681299147,-0.000898988299142315,-0.0561705277535572,1.0,-0.0007181847787783554,-0.00037083638502837744,-0.0009364770737022099,0.07331844513458301,-0.007954720803966132,-0.0005562768304850501,-0.00039333295728208176,-0.0003468842872083154,-0.03232232945884571,0.4140112678641372,-0.04897352462792606,-0.00022708543839042132,-0.0002622167268616862,-0.0018602483585653101,-0.007156240073725379,-0.0004146109998404327,-0.007998125747330274,-0.006790179215502884,-0.00018541374235296672,-0.003914154403994807,-0.003918606253919793,-0.0005863719563073945
attack_buffer_overflow,-0.001164904594018319,-0.00011723141204480655,-5.2112272211989235e-05,-0.00021913723323721676,-0.0013870101273896884,-0.00012032536664094048,0.013433828798863194,-0.0004164694776229659,0.019151336815993444,0.0007883843037116892,0.2531788890423879,-0.0003775651964299666,-8.506446135271223e-05,0.019792018224487604,-0.0002894583028477334,-0.00063720454984443,,-4.382323897692572e-05,-0.001509937560859138,-0.010149976965653248,-0.005632588148917146,-0.007582885736951374,-0.00979134636436519,-0.004979496816240809,-0.004206764494054419,0.009039831770893592,-0.0021587930776892205,-0.005802634597335192,-0.027962895143998762,-0.014235299372219493,0.01652774213535753,-0.006805167901028029,0.026667692535118862,0.005835875003819431,-0.009909076921221198,-0.009682060705315163,-0.004926609660017945,-0.004797915472769217,-0.10069521637918648,0.07642089448456317,0.007380276225418217,-0.005695424599373486,-0.0003719581654186197,-0.0012835348828312933,-6.19756668134316e-05,-0.0013544407946051943,-0.00116771003024789,-0.0011801208944483214,-0.0010205627764810882,-0.0010412365128607535,-0.0009984998200347095,-0.0010177116660950033,-0.0010449522057580766,-0.004308707817806197,-0.0009092387016577658,-0.0030127151038627357,-0.0024527551659490033,-0.0009649770474273044,-0.0009528684461582821,-0.0018488924468961247,0.0025726941678780656,0.01450682093434372,-0.0009946136713464124,-6.197566681343181e-05,-0.0009375161522471817,-0.010629826437648981,-4.3823238976925566e-05,-0.001008150736245255,-6.197566681343206e-05,-0.001114980582140014,-0.001149270553548413,-0.0009071095063047734,-0.0007548547737880133,-0.0008833543394589641,-0.0009508355832664982,-0.0009060430579799147,-0.0009166524723970731,-0.0009260984661573204,-0.0008789671622396138,-0.0008151029003264706,-0.0008315234557627107,-0.000829197346826581,-0.0010956734806853172,-0.0007535755810544157,-0.0005649959609603939,-0.0029363629641123204,-9.799330926466005e-05,-0.00038466431803114753,-0.00071143949215261,-0.0003641222181452567,-0.007099313221922688,-0.0001239543086135711,-0.0003871556302897538,-0.00040416612373672293,-0.0003534047319159245,-0.0038482145892397607,-0.0006866126560900056,-0.0007725432048371512,-0.0008555702351847752,-0.0010186629076011273,-0.0009579320136350058,0.07791594105956234,-7.590468370502372e-05,-0.00012395430861357113,-0.0011193230567025567,-0.00013858623884727259,-0.0010769276655430682,-0.0012237820842723778,-0.0011509588055865258,-0.0010850004693304738,-0.0011509588055865088,-0.004847782373120859,0.0029247041652725133,-0.0004427719359045566,-0.002169635727910128,-0.00958236498390615,-0.0008373107807939696,-0.0004902019091548499,-0.0003004922860073476,0.011733755916360398,-0.0007181847787783554,1.0,-0.00012395430861357153,-0.0003130231360505105,-0.00014535105498954305,-0.0026589136268118947,-0.0001859389011012084,-0.00013147392419732618,-0.000115948174790151,-0.010803934464372136,-0.0016953970766177848,-0.016601499544261062,-7.590468370502425e-05,-8.764752973893307e-05,-0.0006217992851964861,-0.0023920166046907253,-0.0001385862388472753,-0.0026734219921242556,-0.0022696585448471656,-6.197566681343222e-05,-0.001308329825609764,-0.0013098178834211886,-0.00019599837925533408
attack_ftp_write,-0.0007835609595050342,-6.267021463358777e-05,-2.880602739161587e-05,-0.00011315202131830171,-0.0007161859132044923,0.20796337288632122,0.001102206652391634,-0.00021504498580305088,0.005798538556042567,-5.1043771521878e-05,-0.0002934915226585434,-0.0001949566695005511,-1.66723240654151e-05,0.003906888621054822,-0.00014946246957098293,0.029793846750507506,,-2.262823162317862e-05,0.019938340328638688,-0.005806739351322402,-0.002931343713722223,-0.0050980969494093375,-0.005055784524559785,-0.002995580694849104,-0.0029960615988579046,0.006171979453945448,-0.002798611759452108,0.0008526086664480956,-0.014565026162330491,-0.00671081654125599,0.006306615736431388,0.007067769527445845,0.018798680053382116,0.0060320425156035655,-0.005116574972090729,-0.004999354619700984,-0.0031006963117061097,-0.003011602942379839,-0.039696372391068005,0.02793807361420063,0.003810822836708517,-0.0029408457712318233,-0.00019206146596459505,-0.0006627562294158302,-3.200128006041923e-05,-0.0006993686622831848,-0.0006029497967293298,-0.0006093581753961683,-0.000526969969161079,-0.0005376449011432012,-0.000515577710158393,-0.0005254977916656127,-0.0005395635078341848,-0.002224811327826602,-0.0004694875235649058,-0.0015556224682696429,-0.0012664858487357524,-0.0004982681483614947,-0.0004920158438640484,-0.0009546799257978065,0.016136188802750067,0.015723437377140492,-0.000513571088222316,-3.200128006041923e-05,-0.00048408865110793057,-0.005488735665384225,-2.2628231623178612e-05,-0.0005205609832456052,-3.2001280060419436e-05,-0.0005757228232558234,-0.0005934285299424181,-0.00046838810858000136,-0.0003897710224506933,-0.0004561220727920722,-0.0004909661703700915,0.03385122399089508,-0.0004733156413719608,-0.00047819310227417044,-0.00045385674360578983,-0.00042088028306222415,-0.00042935907514758323,-0.0004281579833748949,-0.0005657535564036229,-0.00038911050830014803,-0.00029173698177589546,-0.0015161978628882569,-5.059907371817099e-05,-0.0001986223174915055,-0.00036735344055199284,-0.00018801535631984267,-0.0036657469347654366,-6.400409626216139e-05,-0.00019990871238493102,-0.00020869212033762136,-0.00018248135731664114,-0.001987034575578993,-0.00035453404586528845,-0.00039890448506491727,-0.00044177568576919457,-0.0005259889674351917,-0.0004946304287367671,-0.0011045137264814292,-3.919356040902799e-05,-6.400409626216106e-05,-0.0005779650701210375,-7.155932755386708e-05,-0.0005560741110475193,-0.0006319027325614169,-0.0005943002628185846,-0.0005602425221055643,-0.000594300262818587,-0.002503163731359543,-0.0008973241218888511,-0.00022862632146306667,-0.0011202964667884185,-0.004947876501502598,-0.00043234737392110206,-0.00025311689873769246,-0.00015515989250207494,0.006601974378011515,-0.00037083638502837744,-0.00012395430861357153,1.0,-0.0001616302261385596,-7.505235614164623e-05,-0.0013729362506774896,-9.60099851152699e-05,-6.788686730142799e-05,-5.9870110395486075e-05,-0.005578636750929692,-0.0008754222334676514,-0.008572222997424326,-3.919356040902793e-05,-4.525700633803654e-05,-0.0003210675106867624,-0.0012351233510131375,-7.155932755386905e-05,-0.001380427678933963,-0.001171943481525161,-3.2001280060419545e-05,-0.0006755591559309184,-0.0006763275180513789,-0.00010120422011464112
attack_guess_passwd,-0.00220775310275126,-0.00015869844669477937,-9.859119142445817e-05,-0.0002857440048649671,-0.001808591916279113,-0.00015689826709461478,0.00803883825993284,0.4723186456580603,-0.015534575444278288,-0.00023407548248611116,-0.0007411572687902208,-0.0004923261543999648,-0.00024855382915341557,-0.0005306505274536381,-0.00037743916665951933,-0.0008308829006416591,,-5.714331438083781e-05,0.002134598136753465,-0.014570437879097124,-0.007290081849965395,-0.011099724556969528,-0.010995133065344833,0.05053507503614733,0.04995580771340295,0.015586165466310703,-0.007067364090284167,-0.007566345637008592,-0.0318445415483692,-0.01639667938650026,0.021551350080340387,-0.008873598982210764,-0.002633533836952205,-0.0023258280505351007,-0.008236171316123893,-0.007949539851349602,0.049967441625988714,0.04784226073934781,-0.08251735835137075,0.07055231492751556,0.009623511506955363,-0.007426549155477222,-0.00048501486606746295,-0.001673665366611086,-8.081317345225644e-05,-0.0017661231333701575,-0.0015226355450186425,-0.001538818691935665,-0.0013307628770330394,-0.0013577203964895814,-0.0013019938840097064,-0.0013270451715203815,-0.0013625654744055938,-0.00561833974749588,-0.0011856018447977223,-0.003928429991461258,-0.0031982702059253233,-0.0012582818632019645,-0.00124249285204761,-0.002410863387002723,-0.0023982929907576723,-0.00484428063252876,-0.0012969265402576165,-8.081317345225664e-05,-0.0012224742277306803,-0.013860762648332829,-5.714331438083755e-05,-0.0013145781966246149,-8.081317345225679e-05,-0.0014538789788519026,-0.0014985913885697864,-0.001182825480424038,-0.0009842929152990571,-0.001151849929576396,-0.0012398421003909333,-0.0011814348850842143,-0.0011952690314775256,-0.0012075861354544069,-0.001146129269649323,-0.0010628534625341918,-0.00108426504651352,-0.0010812319166644915,-0.00142870348306557,-0.000982624911878119,-0.0007367265080078463,-0.003828870615493895,-0.00012777837990198332,-0.0005015830543223619,-0.0009276815569115297,-0.0004747971822776017,-0.009257149786257532,-0.0001616302261385616,-0.0005048316010509285,-0.0005270124347251677,-0.0004608221156400728,-0.005017879581964231,-0.0008953086029417355,-0.0010073577457392477,-0.001115620845592764,-0.0013282855429238888,-0.001249095491080341,0.14633609548109236,-9.897591563731928e-05,-0.00016163022613856128,-0.0014595413487477039,-0.00018070953220681132,-0.0014042598765908775,-0.001595750702316491,-0.0015007927848887162,-0.001414786409442544,-0.0015007927848887136,-0.0063212660374782565,0.15151437925331177,-0.0005773524851900803,0.008708441334096947,-0.012494925239907216,-0.0010918114292411663,-0.0006391988008844233,0.040474561210183294,-0.02286821655693441,-0.0009364770737022099,-0.0003130231360505105,-0.0001616302261385596,1.0,-0.00018953051451142146,-0.0034670905399851472,-0.00024245503822409214,-0.00017143542920791438,-0.00015119062758931517,-0.014087790817393775,-0.002210713092214232,-0.02164752605690653,-9.897591563732008e-05,-0.00011428800023688019,-0.0008107952051301336,-0.003119070156315796,-0.0001807095322068132,-0.0034860087235687796,-0.002959521358830802,-8.081317345225711e-05,-0.0017059967333316163,-0.001707937086379934,-0.00025557209520317913
attack_imap,-0.0010117677250056055,-7.315160245980222e-05,9.301697549854454e-05,-0.00013268409833245486,-0.0008398125020199565,-7.285508967794993e-05,0.0006969788380417273,-0.0002521656238197275,-0.005845473381712914,0.00045959514303585506,-0.00034415344594351354,-0.00022860970228549097,0.000442343382670685,-0.0002464054733120289,-0.00017526238399030676,-0.00038581718816320057,,-2.6534271989126975e-05,-0.0009142431016459368,-0.0067197352305921184,0.009836199804397214,0.008042735402970947,0.0061858038090371196,-0.0035126718802492,-0.0027754813484883716,0.007237374279594014,-0.0032817025587278765,0.004954977203250027,-0.014513523567611136,-0.009327280008797335,0.008107623831979906,-0.004075299806028536,0.015712854291936442,-0.0027130928626289304,0.006214304404250269,0.006327287115438209,-0.003552458777495337,-0.0035314598563021458,-0.01656373829624398,0.03276068835056957,0.004468639500225985,-0.0034484887229106666,-0.00022521473446978816,-0.000777159892414866,-3.752527741733048e-05,-0.0008200922906713373,-0.0007070297921918547,-0.0007145443724465716,-0.0006179344778095353,-0.0006304520953324482,-0.0006045757097015507,-0.0006162081759609533,-0.0006327018880969255,-0.0026088538371055276,-0.0005505295267091318,-0.0018241509267203286,-0.0014851041186229059,-0.0005842782057524808,-0.0005769466408800543,-0.001119474877026192,-0.0011136378632549122,-0.0022494225490407027,-0.0006022227086753101,-3.752527741733053e-05,-0.0005676510718668059,-0.006436190306296351,-2.6534271989126846e-05,-0.0006104191854840953,-3.752527741733068e-05,0.13036196084290932,-0.0006958649832570508,-0.0005492403328947653,-0.00045705252162051854,-0.0005348569583896256,-0.000575715774833942,-0.000548594615449541,-0.0005550184466031078,-0.000560737845111605,-0.0005322005925818779,-0.000493531800964714,-0.0005034741852870353,-0.0005020657634398914,-0.0006634128107939723,-0.00045627799083017425,-0.00034209603970110586,-0.0017779209243200707,-5.933338525051073e-05,-0.0002329081071466423,-0.00043076526129261266,-0.0002204701934203821,-0.004298520884448675,-7.50523561416466e-05,-0.0002344165569696814,-0.0002447161393448839,-0.00021398092650885955,-0.0023300325345002437,-0.0004157330081754598,-0.0004677625843971462,-0.0005180341265543558,-0.0006167841375155957,-0.0005800125501966351,-0.0012951726905677603,-4.595907490403118e-05,-7.505235614164649e-05,-0.0006777322517371627,-8.391175644182257e-05,-0.0006520625188197854,-0.0007409805262591729,-0.0006968871929296057,-0.0006569504727093397,-0.0006968871929296132,-0.00293525487927114,-0.0010522184282493545,-0.0002680913426465286,-0.001313679816136091,-0.005801969108580317,0.015320266882018367,-0.00029680943469177805,-0.0001819432847433206,-0.0009446615718762992,0.07331844513458301,-0.00014535105498954305,-7.505235614164623e-05,-0.00018953051451142146,1.0,-0.0016099297773624472,-0.00011258303791229866,-7.960536340014771e-05,-7.02047698515542e-05,-0.00654160993853727,-0.0010265358793820293,-0.010051943092721503,-4.595907490403144e-05,-5.3069180817339925e-05,-0.00037648954621395263,-0.0014483278888808395,-8.391175644182838e-05,-0.001618714361074246,-0.0013742420359008913,-3.752527741733075e-05,-0.0007921728346573497,-0.0007930738299197745,-0.00011867389143297909
attack_ipsweep,-0.01869962662421684,-0.0013525293694293273,-0.0008460679002971427,-0.002427196398008921,-0.015362729260882182,-0.0013327415527960341,-0.016298932429177352,-0.004612877515309637,-0.13638339321046966,-0.00198031381101262,-0.006295615034918785,-0.00418196794424396,-0.0021034454020409155,-0.0027293882644689924,-0.0032060829630228133,-0.007057771814172216,,-0.00048539267482096453,-0.016724291690624858,-0.12450992701210979,-0.020325248327502973,-0.10925162058199793,-0.1084504001267495,-0.0011362821683226741,-0.0019718004598289324,0.13179438006890715,-0.0581503595106608,0.40030520595797664,-0.3043333745845954,-0.053216802960691076,0.13578728831664183,0.04345135573548171,0.403977002586504,0.76792628556077,-0.10975224327441438,-0.10723132166874118,0.0016912389940047523,-0.0038392637328672837,-0.28511784551255154,0.35213647206374177,-0.30131246725293576,-0.06308336501523097,-0.0041198636396801,-0.01421662215181183,-0.0006864516496424163,-0.015001986515104818,-0.012933728958184492,-0.013071193525197984,-0.01130390421757055,-0.006511633606977047,-0.011059531649636745,-0.01127232489735543,-0.005140894028456973,-0.047723884896051005,-0.010070862303920207,0.7534726567548928,-0.018777003545606727,-0.01068822846340032,-0.01055411180530945,-0.01517612504826455,-0.01586225659306119,-0.03860900359663622,-0.003509973950224298,-0.0006864516496424179,-0.010384067527887005,-0.11701741693160883,-0.00048539267482096307,-0.011166426624615028,-0.0006864516496424198,-0.01234968979411448,-0.012729490587712217,-0.01004727902135765,-0.008360883090893069,-0.009784163280821588,-0.005037048788326952,-0.010035466882021128,-0.004455043036181141,-0.005423124838127535,-0.00973557025723109,-0.009028200249007289,-0.009210076749040544,-0.009184312422514355,-0.012135841483562834,-0.008346714563028162,-0.006257978806587171,-0.03252359037510118,-0.0010853883831721237,-0.004260598864808561,-0.007880009011909425,-0.004033071529019835,-0.0373210988310658,-0.0013729362506775204,0.0033987244185308923,0.006569102302773924,-0.0039143630668052945,-0.03995660982514631,-0.0076050233046658445,0.0010917534311208872,-0.009476422433590665,-0.01128286098893231,-0.01061019662740489,-0.019087702841155456,-0.0008407315003443859,-0.0013729362506775134,-0.005052569750603518,-0.001535001673492774,-0.011928210063201494,-0.013554791319639919,-0.012748189916919265,-0.012017625631633966,-0.009500258005245942,0.012147104205771577,-0.006250947744930124,-0.004904207432443141,-0.024031206134990372,-0.106135691455804,-0.009274178016828475,-0.005429548829384804,-0.003328296992035872,0.10046202781395891,-0.007954720803966132,-0.0026589136268118947,-0.0013729362506774896,-0.0034670905399851472,-0.0016099297773624472,1.0,-0.0020594867624072226,-0.001456224624769295,-0.0012842591286242936,-0.11966597564852142,-0.018778468710093695,-0.18388066372891335,-0.0008407315003443838,-0.0009707969993690234,-0.006887140825035768,-0.026494329608506065,-0.0015350016734927852,-0.029611217289658764,-0.025139073645234024,-0.0006864516496424228,-0.014491254604324327,-0.014507736552675012,-0.002170907029884656
attack_land,-0.0013244256371851902,-9.460908141037284e-05,-5.921118620884244e-05,0.8485043748815256,-0.0010743218462906433,-9.319915369945755e-05,-0.0011397909110112362,-0.0003225803830038641,-0.009708925433650739,-0.00013904319833145135,-0.00044025489566302384,-0.0002924467031016619,-0.00014764348233296977,-0.0003152117673742325,-0.0002242026732167914,-0.0004935528262810803,,-3.3943705297041246e-05,-0.0011695364555258255,-0.008250601308294407,-0.0042893518151676455,0.01823165495842405,0.019261404773078413,-0.0030996129025644844,-0.004494272184276334,0.006741060961307245,-0.00020970884837571873,0.03142920207245278,-0.021640111209709937,-0.012063240985967083,0.008747466348396035,-0.003295689990631307,0.027164028550337085,0.05643167844344403,0.015963646118723453,0.009569690335670731,-0.004368454023112464,-0.0045175851321553806,-0.00961223465655884,0.007341303794832131,0.005716462932789051,-0.004411445129476751,-0.0002881037240639679,-0.000994174114429038,-4.8003840405552815e-05,-0.0010490949607484907,-0.0009044608765683103,-0.0009140738291189854,-0.0007904865758609091,-0.0008064996144094382,-0.0007733975037365984,-0.0007882782212761103,-0.0008093776395766032,-0.003337350496974299,-0.0007042594580922138,-0.00233352705132785,-0.0018998047716784093,-0.0007474321223387348,-0.0007380532904077613,0.09490106623164685,-0.0014246102343957857,-0.002877551572714831,-0.0007703874504202291,-4.800384040555294e-05,-0.0007261620255830402,-0.008233432863057711,-3.3943705297041124e-05,-0.0007808727124008831,-4.800384040555301e-05,-0.0008636187825370648,-0.0008901784050410838,-0.000702610269641759,-0.0005846799228376452,-0.0006842104799064479,-0.0007364787171786021,-0.000701784241979304,-0.0007100018645183444,-0.0007173183485556031,-0.0006808123501904324,-0.0006313456805420579,-0.0006440643774607207,-0.0006422626677272524,-0.0008486642840285706,-0.0005836891119760691,-0.00043762297905355414,-0.002274387777486106,-7.59016468981841e-05,-0.0002979453950542433,-0.000551052204767874,-0.00028203431680015725,-0.005498840374240943,-9.600998511526975e-05,-0.00029987506458765154,-0.0003130507035865214,-0.0002737329862142356,-0.002980671100228472,-0.0005318223434787443,-0.0005983806648346993,-0.0006626900384821717,-0.000789015014404688,-0.0007419753246114002,0.003264382801313215,-5.8792692518804646e-05,-9.600998511526879e-05,-0.0008669822873863867,-0.00010734328542292394,-0.0008341445351556713,-0.000947892017708029,-0.0008914860566658123,-0.0008403974018783961,-0.0008914860566658026,-0.003754895805489055,-0.0013460400289575123,-0.0003429532014750851,-0.0016805119263066882,0.019404280823523384,-0.0006485470049411427,-0.00037969053700389477,-0.00023274914950119984,-0.014542617044233909,-0.0005562768304850501,-0.0001859389011012084,-9.60099851152699e-05,-0.00024245503822409214,-0.00011258303791229866,-0.0020594867624072226,1.0,-0.00010183437466932368,-8.980875824534353e-05,-0.008368289886110073,-0.0013131858820494531,-0.012858848893301992,-5.87926925188046e-05,-6.788822526419003e-05,-0.00048162053246983053,-0.0018527591431112718,-0.00010734328542292301,-0.00207072435433338,-0.0017579855476170271,-4.800384040555333e-05,-0.0010133792724725324,-0.0010145318617606758,-0.0001518124031782251
attack_loadmodule,-0.0008185724254483116,-6.660440710877496e-05,-3.554027804966175e-05,-0.00012001632246568013,-0.0007596329124579561,-6.589938090506212e-05,0.0031440676130729457,-0.00022809056400472738,0.008560544863908507,9.801642510138543e-05,0.07689505669055044,-0.00020678360175107875,1.1220328480192424e-05,0.025007393033035095,0.16921061877819407,0.009117760240141963,,-2.4000960050690954e-05,-0.0008269573843297833,-0.006109611055266958,-0.003084836408722244,-0.005407370017018314,-0.0053624907336799425,-0.0031773058444411863,-0.003177815922210223,0.00423035761898925,0.008364263069757481,-0.0031779668598372166,-0.015348830234387205,-0.008589314578744919,0.005943654357530078,0.005501231635657921,0.016111792099053276,0.013199184105271435,-0.005426968998130799,-0.005302637541670357,-0.003288798238672393,-0.002899198869220387,-0.051612478829011606,0.041853931347426356,0.004042004173689518,-0.003119250458718098,-0.00020371276238712415,-0.0007029619481737248,-3.394261898549556e-05,-0.0007417954528523686,-0.0006395273932519554,-0.0006463245324599067,-0.0005589382939139306,-0.0005702608143968955,-0.0005468549301865369,-0.0005573768076323433,-0.0005722958122398665,-0.002359778204886108,-0.0004979687093991488,-0.001649993394828616,-0.0013433164714973106,-0.0005284952939542165,-0.0005218636970638003,-0.0010125950247388675,0.007047083173568692,0.010439972677586779,-0.0005447265777051598,-3.394261898549565e-05,-0.0005134556057987812,-0.005821706602063946,-2.4000960050690853e-05,-0.0005521405106189642,-3.3942618985495646e-05,-0.0006106487113681476,-0.0006294285243880405,-0.0004968025990476436,-0.0004134162534015106,-0.0004837924513777365,-0.0005207503457416838,-0.0004962185303151925,-0.0005020290577324296,-0.0005072024069455799,-0.00048138969732222805,-0.00044641273910033007,-0.00045540589214505876,-0.0004541319368429637,-0.0006000746647771973,-0.00041271566954660785,-0.00030943503502678637,-0.0016081771188363094,-5.366863691053081e-05,-0.00021067162413196196,-0.0003896387220175423,-0.00019942119786889184,-0.00388812732706543,-6.788686730142808e-05,-0.0002120360574186913,-0.00022135230567405783,-0.0001935514820551102,-0.00210757686512996,-0.0003760416462551337,-0.00042310379217957127,-0.0004685757491828027,-0.0005578977802925135,-0.0005246368941975569,0.033625506748193465,-4.1571214811937104e-05,-6.788686730142751e-05,-0.0006130269828270951,-7.590043227750035e-05,-0.000589808021533775,-0.0006702367419906455,-0.0006303531404289294,-0.000594229306808956,-0.0006303531404289373,-0.00265501669406452,-0.0009517597645551355,-0.00024249580344364044,-0.0011882585962562186,-0.0052480365335607045,-0.0004585754743146723,-0.00026847208725472825,-0.00016457257656834562,0.007002479289633692,-0.00039333295728208176,-0.00013147392419732618,-6.788686730142799e-05,-0.00017143542920791438,-7.960536340014771e-05,-0.001456224624769295,-0.00010183437466932368,1.0,-6.35020956017016e-05,-0.005917061484346482,-0.0009285292108916583,-0.009092251888391188,-4.1571214811936975e-05,-4.8002496139399515e-05,-0.000340544883307384,-0.0013100513862062658,-7.590043227750115e-05,-0.0014641705161363482,-0.0012430387469139072,-3.394261898549593e-05,-0.0007165415567325265,-0.0007173565310913093,-0.00010734371489483923
attack_multihop,-0.0002976906742202341,-5.825900956310937e-05,0.00035796491773516635,-0.00010584360069785296,-0.0006699278982335286,-5.8117326172410464e-05,0.009739860931273289,-0.00020115536023333788,0.002691079506202106,0.002584698645346524,0.05808751481509037,-0.00018236453613102143,0.00397189226500922,0.021809756555224744,0.14389396085604936,0.021160610940147498,,-2.1166687828623916e-05,0.021419083130521634,-0.005431685568647174,-0.002740170415803867,-0.004768813950873202,-0.0047292344599533164,-0.0028020979495531556,-0.0028025477922628303,0.0057733350339459035,-0.002617851118562869,0.0013118563446459838,-0.008156185507747079,-0.0077091390600633,0.0032441122035419987,-0.0031737839702606235,0.013694302546542723,-0.002164264755289529,-0.004786098489245531,-0.00467644932851947,-0.0026213895950984007,-0.002817085329806414,-0.03287831699509316,0.026133570336939287,0.0035646840945438344,-0.00275089832154757,-0.00017965633204037609,-0.0006199492054054771,-2.993433673630166e-05,-0.0006541968633778108,-0.0005640056340341152,-0.000570000099398776,-0.0004929332975744436,-0.0005029187421562557,-0.00048227685769049904,-0.0004915562071330115,-0.0005047134272014641,-0.0020811121097706053,-0.00043916360837286,-0.001455145753914216,-0.0011846842937606908,-0.0004660853100208982,-0.00046023683808944386,-0.000893017726799145,0.01737715121353859,0.012350404382931106,-0.0004803998422516253,-2.993433673630175e-05,-0.00045282165791891304,-0.005134221548449092,-2.116668782862381e-05,-0.0004869382641829818,-2.9934336736301842e-05,-0.0005385372343098854,-0.0005550993401103275,-0.0004381352039368821,-0.00036459594785155023,-0.0004266614239817595,-0.00045925496237158854,-0.0004376201078530473,-0.00044274447036606854,-0.0004473068990185872,-0.0004245424110375019,-0.0003936958801356533,-0.0004016270321683506,-0.00040050351818682756,-0.0005292118763740632,-0.00036397809591049855,-0.00027289386657107875,-0.0014182675599496931,-4.733091014999964e-05,-0.000185793422135294,-0.0003436263040091064,-0.00017587155817041768,-0.0034289785573626457,-5.987011039548598e-05,-0.00018699672956058963,-0.00019521282250598699,-0.00017069499681576585,-0.001858693214138765,-0.00033163490627179456,-0.0003731394856396135,-0.00041324166141973036,-0.0004920156581567015,-0.00046268254850657063,0.014749147009218434,-3.666207204722209e-05,-5.9870110395487105e-05,-0.0005406346558062206,-6.693735386760944e-05,-0.0005201576205391909,-0.0005910885172520862,-0.0005559147682872732,-0.0005240567964481199,-0.0005559147682872801,-0.002341485899912226,-0.0008393664995747881,-0.00021385948563732313,-0.001047937195575213,-0.0046282961508406825,-0.0004044223185314809,-0.0002367682313381512,-0.00014513820888902834,0.006175556845935607,-0.0003468842872083154,-0.000115948174790151,-5.9870110395486075e-05,-0.00015119062758931517,-7.02047698515542e-05,-0.0012842591286242936,-8.980875824534353e-05,-6.35020956017016e-05,1.0,-0.0052183159772530435,-0.000818879240880039,-0.008018548298664704,-3.666207204722191e-05,-4.233388367096296e-05,-0.00030032995435925797,-0.001155347480797361,-6.693735386760907e-05,-0.0012912666900606134,-0.0010962483608672239,-2.9934336736301845e-05,-0.0006319251986403923,-0.0006326439327162123,-9.466750074767826e-05
attack_neptune,-0.07695541530032757,-0.00549719620763708,-0.003440447805360383,-0.009862400399854728,-0.062423208657393835,-0.0054153140775837875,-0.06622727268324334,-0.01874345441876471,-0.5640998715013091,-0.008079071101275329,-0.025580903254737577,-0.016992544303100068,-0.008578788504019559,-0.018315302806142634,-0.013027241603696267,-0.028677766504299276,,-0.0019722907112781915,-0.06795563028694751,0.5400105289200999,-0.16074612754969128,0.8550693729854882,0.8563575283487289,0.10356964154648163,0.09935695373436987,-0.887502485951895,0.03626508697109856,-0.2574458252129309,0.46565191702992925,-0.6388460182511577,-0.7138949655944118,-0.06133232226595331,-0.3311376159992606,-0.19699687384003853,0.8574852110616916,0.8617513659779085,0.1100084264538175,0.10212091066756465,0.04269154202785319,0.4265646651275045,0.33215368343092916,-0.256325942499232,-0.01674019656615277,0.11652289849019265,-0.0027892514299493747,0.07603317934262846,0.10557910671298294,0.10742935428358719,0.09134229238122557,0.09000391938299025,0.08763772490137324,0.08950547547732725,0.08122729194498891,-0.19391593604354948,0.07891004253872896,-0.13558901974828072,-0.1103876925525251,0.08739332512861889,0.085691700321449,0.08229289300824792,-0.012275985834740679,-0.07733473096725282,0.08325880927251163,-0.002789251429949384,0.08309869352152957,-0.431176841039015,-0.0019722907112781837,0.09147117090858672,-0.0027892514299493933,0.09724708757781081,0.10360152450373178,0.08162312215381703,0.06741280342828794,0.0796619683177658,0.08215150063785358,0.08122909929510239,0.07819231876784859,0.07913400245315626,0.07743628393997304,0.07219488445884269,0.07282268744136916,0.07163727682799156,0.09971803243580409,0.06447899376030725,-0.025427976382545125,-0.12674700757950827,-0.004410246666885037,0.03010631502268333,-0.007086400105563237,0.028621119873521794,0.35439486048651647,-0.005578636750929721,0.02354418358237051,0.02563527719456843,0.02373549475881554,-0.15577119705488976,0.05892579982561779,0.06122110036567769,0.07547389922132283,0.09011880194102335,0.08395877195299709,0.06785095931715872,-0.0034161350486382933,-0.005578636750929715,0.07940317969553423,-0.006237155399065182,-0.04846776461656423,0.11088242213179798,0.10353100787207989,0.0977348920373349,0.10122297536687844,0.11825556286080656,0.10789635556446359,-0.01992721206342194,-0.09764573529737458,0.867036517167935,-0.037683665424240786,-0.02206182597744548,-0.013523832522171023,-0.8449604802594086,-0.03232232945884571,-0.010803934464372136,-0.005578636750929692,-0.014087790817393775,-0.00654160993853727,-0.11966597564852142,-0.008368289886110073,-0.005917061484346482,-0.0052183159772530435,1.0,-0.07630234515303767,-0.7471602763473346,-0.00341613504863827,-0.003944628758764114,-0.02798444348483972,-0.10765411778756656,-0.006237155399065097,-0.12031893318450652,-0.10214732115378977,-0.0027892514299494,-0.058882155280604066,-0.05894912619986588,-0.00882102263217967
attack_nmap,-0.012076156953617417,-0.0008617248954835736,-0.0005398839361782661,-0.0015476477445774013,-0.009795702280483657,-0.0008497929792502106,-0.010392651387307612,-0.002941298647458894,-0.08852630460772555,-0.0012678005010173232,-0.004014258762707627,-0.0026665387531530117,-0.001346218176220878,-0.0028741113653828836,-0.0020442874217844703,-0.004500231064493196,,-0.0003094998324145904,-0.01066387225025663,-0.0789571549608162,-0.015600544301981113,-0.026768656439426348,-0.02578952047686836,-0.040972345452328765,-0.040978923063545,0.08272159999117347,-0.03265984856761179,0.22725032326282266,-0.14797880892399515,-0.0203334043584266,0.06350641978420371,0.04837152854732341,0.2798369544799689,0.12771348453665238,-0.030341707231411875,-0.02512914475630175,-0.042410074495550495,-0.04119149129669832,-0.19769541613831054,0.22453198151577894,-0.17979245715567646,0.01575038705320407,-0.0026269393260255594,-0.008165692790237185,-0.00043770061137286625,-0.008712878221180158,-0.007259652153739218,-0.007357568010093724,-0.0060795928594110414,-0.006247803007262686,-0.005899060773712594,-0.0060563239417782515,-0.006277941882194724,-0.030430072688981527,-0.0051563799231632195,0.36017486908457813,-0.014448065280285633,-0.005622585522305454,-0.005522031348570083,-0.01242889862856475,-0.01235761117215473,-0.025911314069306562,-0.005867147967551986,-0.0004377006113728673,-0.005393979773977789,-0.07491411592804083,-0.00030949983241458943,-0.005978163906316162,-0.0004377006113728692,-0.006841079134141308,-0.007113761647633765,-0.005138393488892942,-0.003808938804368338,-0.004936753641429463,-0.005505112032912357,-0.0063988920297022986,-0.005218900677029307,-0.005298322767048694,-0.004899313227768906,-0.0043463970608267274,-0.004490059959210132,-0.004469775779577936,-0.00668669931532246,-0.005322096711538532,-0.003990260859637476,-0.02073794330400084,-0.0006920737376607847,-0.002716676009028005,-0.0050245123075064015,-0.0025715982689851796,0.040317012072162144,-0.0008754222334676529,-0.0027342707999319016,-0.0028544067139819134,-0.0024959064609554227,-0.02686160046455075,-0.003176375779990218,-0.003968548295682446,-0.004698520807150821,-0.006064089317319451,-0.005564127457159281,-0.014560985964926774,-0.0005360737233173714,-0.0008754222334676477,-0.006875715522286495,-0.000978759642133789,-0.007605757579527891,-0.007700370073721323,-0.007127139844592259,-0.006601081063389933,-0.007127139844592146,-0.034237264681720746,-0.012273237695768019,-0.0031270586830083207,-0.015322963566030847,-0.06767506067308184,-0.0059134731339944265,-0.003462030928672865,-0.002122214476436081,0.050813280664595666,0.4140112678641372,-0.0016953970766177848,-0.0008754222334676514,-0.002210713092214232,-0.0010265358793820293,-0.018778468710093695,-0.0013131858820494531,-0.0009285292108916583,-0.000818879240880039,-0.07630234515303767,1.0,-0.11724741134458724,-0.0005360737233173735,-0.0006190070930182967,-0.004391432013164335,-0.0168935194104322,-0.0009787596421338104,-0.01888093344655808,-0.016029370618598267,-0.00043770061137287075,-0.009240025868066099,-0.00925053521548116,-0.0013842305349679302
attack_normal,-0.048727641149933526,-0.005265606581645634,-0.004135580680597384,-0.007215443857768615,-0.0959205068759419,0.0027995413104634926,0.012578361557559727,0.004169300910615832,0.6900628681429806,0.010132409618817258,0.02022883165122412,0.02238623942621696,0.011377624249394515,0.021343905567575323,0.009512807641986103,0.03661098236202421,,0.0026397156991805944,0.038951933597860304,-0.576255235813282,-0.0005245910954989984,-0.6505255851487157,-0.6481336135384719,-0.25333672525366385,-0.25340763554263845,0.7517441612251813,-0.2037168095239549,0.11926426155655168,-0.37483407684968617,0.7223665053489353,0.6935348253743598,-0.2426698042313334,-0.09238390768637252,-0.062321695690297156,-0.6517385855154065,-0.6548532546006808,-0.2526211048915559,-0.25329393353551705,0.37948527192273346,-0.8877076020107887,-0.05314901287399307,0.21727176464502593,0.019062847938523524,-0.08876454044775603,-0.0042860086291558845,-0.05022446996106158,-0.08075452065825421,-0.08161281027082933,-0.0705783590802003,-0.07200807846969716,-0.06905256635257301,-0.07038118679717571,-0.0631874541041954,0.2589780776966776,-0.06287959648742505,-0.16623324906179518,-0.1499957993545526,-0.06673425498851392,-0.06589686876591433,-0.05398023730770935,-0.0027919459128286747,0.0922165635610711,-0.06878381463647593,-0.004286008629155895,-0.06483516071881308,0.5622158023019954,-0.0030306536431158916,-0.06971998813735197,-0.004286008629155905,-0.07643588407668939,-0.07947931443112292,-0.06273234918658263,-0.052202973208088685,-0.061089529426458004,-0.06575628346293871,-0.06265859755214435,-0.06339230553917027,-0.06404555564278454,-0.06078612842431235,-0.05636951152080302,-0.057505096596590075,-0.0573442314783055,-0.07577273846994353,-0.05211450895467152,0.034032826941570976,0.023985080618137353,-0.0067768559936953,-0.026601966080864407,0.015552606247746585,-0.02518135018596815,-0.44975480702735493,0.007466452550451683,-0.026774256051869675,-0.027950639065534452,-0.021626156840322847,0.21246621798174892,-0.047483599938478414,-0.051813969185086,-0.059168083207395306,-0.07044697115276802,-0.06624704642458866,-0.04008377088216102,0.004572158286223224,0.0014519492199981296,-0.06067120682404727,0.008347814513850669,0.06417373171522583,-0.08463225719196141,-0.0795960677179454,-0.07503463235317406,-0.07959606771794629,-0.1849388849325849,-0.0884717703641013,-0.03062047470578677,-0.13299449065587116,-0.6500972442359222,0.04924529000234158,0.02546816815185169,0.01479126743864051,0.7561518612931477,-0.04897352462792606,-0.016601499544261062,-0.008572222997424326,-0.02164752605690653,-0.010051943092721503,-0.18388066372891335,-0.012858848893301992,-0.009092251888391188,-0.008018548298664704,-0.7471602763473346,-0.11724741134458724,1.0,-0.00524928808482903,-0.006061380023810329,-0.04300134615699603,-0.16542304965674978,-0.009584113348384908,-0.18488400878546596,-0.15696121733931995,-0.004286008629155926,-0.09047926727801046,-0.09058217587018043,-0.013554525315843356
attack_perl,-0.00046298664273542405,-3.832690699150296e-05,-2.1205443831583303e-05,-6.928979302789423e-05,-0.00043856374033156477,-3.804611214348585e-05,-0.0004652897703373962,-0.00013168498789839617,0.0060555303386130395,-5.6760741986631586e-05,0.13354239350424946,-0.00011938370275419578,0.00034022533790296325,0.020040123004254767,0.21992017210549988,-0.0002014800074041233,,-1.3856628167045153e-05,-0.0004774326093809873,-0.0035558159998593537,-0.0018034680685923763,-0.0031218716055191743,-0.003095961161090752,-0.0018343743569596556,-0.0018346688434288164,0.0037794744977049243,-0.0017137584226832071,-0.001834755985216899,0.0005361734293248744,-0.005042520486306511,-0.005540903821133156,-0.001374178056118583,-0.002300881352946476,-0.0014168211962068845,-0.0031331868109590903,-0.003061405733952106,0.001777452809775855,-0.0018441857434670426,-0.036681623843892425,0.02416379856411727,0.002333596188076118,-0.0018008568688525105,-0.00011761079537310937,-0.0004058455291310088,-1.959630986861958e-05,-0.00042826552539860054,-0.0003692224507776327,-0.0003731466867417388,-0.00032269542929658435,-0.0003292323326502453,-0.0003157192634338893,-0.000321793926408945,-0.0003304072110039021,-0.0013623858825956763,-0.00028749546811435785,-0.0009526012668631801,-0.0007755455122166919,-0.0003051195769206726,-0.00030129091456424835,-0.0005846079786796958,-0.0005815597952033336,-0.0011746850211453413,-0.0003144904880482104,-1.959630986861962e-05,-0.00029643661731914173,-0.003361083203007531,-1.385662816704512e-05,-0.00031877082147758703,-1.9596309868619696e-05,-0.0003525497361873316,-0.0003633920060596011,-0.0002868222301476898,-0.00023868025651885153,-0.0002793109981686668,-0.0003006481363063234,-0.0002864850260011689,-0.0002898396550537231,-0.00029282641792793693,-0.00027792380076265336,-0.00025773032919019937,-0.0002629224039041689,-0.00026218690312064356,-0.00034644495406518445,-0.0002382757839495548,-0.00017864811295743648,-0.0009284592081066957,-3.0984858286116156e-05,-0.00012162839964645781,-0.0002249526218566529,-0.00011513311891106696,-0.0022447574815126184,-3.919356040902824e-05,-0.00012241613666502,-0.00012779474600872303,-0.00011174431824201101,-0.0012167808659275686,-0.00021710253491842533,-0.00024427322540084186,-0.0002705258419166356,-0.0003220947028954654,-0.0003028919822480036,0.03548490115544758,-2.4000576013824526e-05,-3.919356040902792e-05,-0.0003539227988988789,-4.382008326192101e-05,-0.0003405176470888234,-0.00038695207600201027,-0.00036392582056739737,-0.0003430702160672806,-0.0003639258205673928,-0.0015328378127061654,-0.0005494855678248315,-0.00014000165715415464,-0.0006860249548285661,-0.0030298825838229863,-0.00026475231910241223,-0.00015499871165412782,-9.501374091635505e-05,0.004042786270172355,-0.00022708543839042132,-7.590468370502425e-05,-3.919356040902793e-05,-9.897591563732008e-05,-4.595907490403144e-05,-0.0008407315003443838,-5.87926925188046e-05,-4.1571214811936975e-05,-3.666207204722191e-05,-0.00341613504863827,-0.0005360737233173735,-0.00524928808482903,1.0,-2.7713588901813254e-05,-0.00019660896115046976,-0.0007563403672204326,-4.38200832619219e-05,-0.0008453189527586455,-0.0007176515304736689,-1.9596309868619838e-05,-0.00041368553161657596,-0.0004141560459889833,-6.1973435238657e-05
attack_phf,-0.0006145403906721338,-4.4531309459652833e-05,-1.6522342549594493e-05,-8.000928135894282e-05,-0.0005064118127743971,-4.3932041908057284e-05,0.004729278802896123,-0.00015205733466789326,0.006992352112303959,-6.554192150527206e-05,0.15420209050021,-0.00013785297727022231,-6.959590721413864e-05,-0.0001485839304813146,-0.00010568423472407644,0.056566667292838727,,-1.6000320007552106e-05,-0.0005512938963249455,-0.004105919073518487,-0.0020630058246677396,-0.0036048412433837287,-0.003574922319573757,-0.0021181615304368528,6.612894048885528e-05,0.004364178694459137,-0.0019788856890728076,0.0033243536449378305,0.004153927155830415,0.006753145753850236,0.005687934801149572,-0.002260170767451321,-0.002717831155513675,-0.0016360107422603491,-0.003617906969461307,-0.003535020989643383,-0.002192488306629991,-0.0021294907890373666,-0.04009515537069912,0.01975488521002531,0.002694615553473752,-0.0020794587140590994,-0.0001358057919738344,-0.0004686319255628313,-2.2627960069735103e-05,-0.0004945204108801075,-0.0004263430681112449,-0.0004308744036175392,-0.0003726180764523481,-0.00038016627246771905,-0.00036456266175237417,-0.00037157710641864315,-0.0003815229105619126,-0.0015731540048931605,-0.00033197249973776385,-0.0010999735957164401,-0.000895526402692956,-0.00035232314906959053,-0.00034790217290098734,-0.0006750498479918397,-0.0006715300948112266,-0.0013564148521430285,-0.0003631437884773426,-2.2627960069735143e-05,-0.00034229689083689526,0.008245433756895524,-1.600032000755203e-05,-0.00036808631156329155,-2.2627960069735424e-05,-0.0004070909985873039,-0.00041961062352587644,-0.0003311951083855527,-0.00027560532315277245,-0.00032252185008154203,-0.0003471599535315442,-0.0003308057370184987,-0.0003346793444863661,-0.0003381281749809155,-0.00032092004608259644,-0.0002976025403136913,-0.00030359785576309685,-0.00030274856921515416,-0.00040004177518655233,-0.00027513827659102067,-0.00020628589737743322,-0.0010720966359619962,-3.577837566180642e-05,-0.00014044494034833637,-0.0002597539526105306,-0.00013294480618494174,-0.002592033040835184,-4.525700633803646e-05,-0.00014135454434628574,-0.00014756525229466755,-0.0001290317405752542,-0.0014050231412148023,-0.00025068941673754113,-0.0002820635531655399,-0.0003123775848494691,-0.00037192441457883295,-0.0003497509340126378,-0.0007809966492624342,-2.7713588901813108e-05,-4.525700633803651e-05,-0.00040867648118165037,-5.059927613673028e-05,-0.0003931974832519272,-0.00044681555779519023,-0.00042022702189108,-0.00039614494781575657,-0.00042022702189107534,-0.0017699757276669053,-0.0006344938190402237,-0.0001616606355492443,-0.0007921565533907449,-0.0034986210456143707,-0.000305710868279983,-0.0001789778117249711,-0.00010971285665238059,0.004668226156110358,-0.0002622167268616862,-8.764752973893307e-05,-4.525700633803654e-05,-0.00011428800023688019,-5.3069180817339925e-05,-0.0009707969993690234,-6.788822526419003e-05,-4.8002496139399515e-05,-4.233388367096296e-05,-0.003944628758764114,-0.0006190070930182967,-0.006061380023810329,-2.7713588901813254e-05,1.0,-0.0002270253814157647,-0.0008733501227186906,-5.0599276136731876e-05,-0.0009760941543307086,-0.0008286759233965212,-2.2627960069735228e-05,-0.00047768481686631166,-0.0004782281222387216,-7.15610452869116e-05
attack_pod,-0.004429018939126517,-0.00030305486796174027,-0.00019800844816359283,-0.000567611136403489,0.15233896906756786,-0.0003116677941411208,-0.003811580952360521,-0.0010787428041269522,-0.03246767007289022,-0.00046497511183453736,-0.0014722587785893945,-0.000977972602127497,-0.0004937353680959217,-0.0010541013767319768,-0.0007497573725546428,-0.0016504926767380867,,-0.00011351132853652416,-0.003911053188710245,-0.027737601197529653,-0.012025219840633967,-0.025573883428994536,-0.02536162912480177,-0.015026907540684026,-0.015029319927734312,0.030960863366796668,-0.014038840690845352,0.03133756318519652,-0.039535806676665834,-0.022406454385776958,0.004073586109694213,0.011433211596999332,0.054276763292586586,0.04969142841404816,-0.01776143188588006,-0.025078556475716048,-0.015423922600473554,-0.015107280882871563,-0.06940973789521493,0.02455009374048131,-0.08425149224834602,-0.014752337525642222,-0.0009634492224298349,-0.0033246230350491937,-0.00016052990242537094,-0.0035082841343757076,-0.0030246125109249455,-0.0030567592375605186,-0.002643470435270381,-0.0026970197241193046,-0.0025863227767189342,-0.002636085464755073,-0.002706644143652277,-0.011160451853693328,-0.00235511786420763,-0.00780356043791233,0.24963197693455702,-0.0024994918043003997,-0.0024681280016958618,-0.0047890170345195665,-0.0047640467927079775,-0.009622835783331443,-0.0025762568411377995,-0.0001605299024253715,-0.0024283623586577167,-0.027533467384406245,-0.0001135113285365236,-0.0026113206624578476,-0.00016052990242537186,-0.0028880322432985237,-0.002976850420615316,-0.0023496028041875175,-0.0019552312933767842,-0.0022880719677814544,-0.0024628624628410213,-0.0023468404806122555,-0.0023743210766065566,-0.0023987881704614646,-0.002276708263812498,-0.0021112865062015967,-0.002153819169381927,-0.0021477940621140138,-0.0028380228239248866,-0.0019519179174137945,-0.0014634573720156475,-0.007605792472284641,-0.0002538231080586903,-0.0009963608076368508,-0.0018427766594366413,-0.0009431524847603426,-0.018388701847019,-0.0003210675106867616,-0.0010028138259640007,-0.0010468745516270164,-0.0009153919602335329,-0.009967678353218889,-0.0017784699762563225,-0.002001048018817145,-0.002216105343178002,-0.0026385493786427942,-0.002481243697496417,-0.005540637137164083,-0.00019660896115046732,0.07455475121290632,-0.0028992801580633764,-0.00035896726156450624,-0.0027894672531598437,-0.003169850824994834,-0.0029812233454886007,-0.0028103774985984613,-0.002981223345488489,-0.012556767379029908,-0.004501299743597196,-0.0011468716566038933,-0.005619809025185495,-0.024820323765154757,-0.0021688095481924826,-0.0012697251791134309,-0.0007783376901381129,0.03311787218248917,-0.0018602483585653101,-0.0006217992851964861,-0.0003210675106867624,-0.0008107952051301336,-0.00037648954621395263,-0.006887140825035768,-0.00048162053246983053,-0.000340544883307384,-0.00030032995435925797,-0.02798444348483972,-0.004391432013164335,-0.04300134615699603,-0.00019660896115046976,-0.0002270253814157647,1.0,-0.006195821874846694,-0.0003589672615645068,-0.006924720516996951,-0.005878888981381065,-0.0001605299024253723,-0.0033888471079720787,-0.003392701488046603,-0.0005076766788505321
attack_portsweep,0.4718742420958333,0.036216918562195576,0.02697517767835147,-0.0021835587393051995,-0.01382064581370397,-0.001198963325435968,-0.014465306014221385,-0.004149845072348306,-0.12457526809429721,-0.00178872542113764,-0.005663672391766549,-0.003762189437838184,-0.0018993640342242807,-0.0040550512942026,-0.0028842620558389106,-0.0063493252286876845,,-0.00043666982118525845,-0.015045537027704206,-0.06860594840501497,-0.05587527505388892,-0.08639929325270505,-0.08516960125344615,0.39767718537832963,0.39452445014758025,0.0444075049170137,0.11279648478283193,-0.05679851543391561,0.08616840360369102,-0.15800510056413666,-0.17600967623705221,0.37474734885623195,0.28390902205910923,-0.04272713827139067,-0.09089717811301566,-0.08419749655854211,0.3010164135557156,0.39632055676296607,-0.2171937756597855,0.31678963912177277,0.07285636426381122,-0.056751169001726366,-0.0037063190529405864,-0.007631078591401712,-0.0006175468536113412,-0.008603877719942903,-0.005264010297008678,-0.0082562365774825,-0.0036977872141089638,0.00072690491868384,0.0016237446302111514,0.002026841950835474,-0.0017198889481864004,-0.042933446186658446,0.003640344822721209,-0.02888709213829782,-0.024096564309678027,-0.006194816007572356,-0.004299188861823838,-0.012561029821332864,-0.013341542829034556,-0.033742614240758736,4.760054566279856e-05,-0.000617546853611343,-0.001421788490884853,-0.10421332801821319,-0.0004366698211852568,-0.005951534635778859,-0.0006175468536113449,-0.005181654610848219,-0.00497919182552559,-0.0044923517115087845,-0.003155494943703439,-0.004134209636250797,7.087842224657196e-05,-0.005386753313152739,0.0025645821974574646,0.002351974491199901,0.000623638262502051,-3.19555395837554e-05,-0.0003544427738458266,0.0036674886728077067,-0.007147796210285042,0.0023315203163949676,-0.005629814021114928,0.10993740375965122,-0.0009764390271672969,0.00685828372009967,0.002173679503878381,0.005406670577287344,0.20048384667950786,-0.0012351233510131403,0.019511746596657192,0.014289533693122927,0.005787161356582001,-0.034943200301484185,0.003954133743359016,0.004035395573437199,-0.0008156680563782614,-0.0004251824649830272,0.001652742010395206,-0.016615189873932013,-0.0007563403672204344,-0.0012351233510131281,-0.002294870004295994,-0.0013809209348500876,-0.010730877546266095,-0.008814796966986125,-0.004287277000931617,-0.0047207776347485296,-0.0014147680892040333,0.04589273472601306,0.0037579814650342586,0.18510403942694068,0.8135488760303548,-0.08907789612099608,-0.00834325251764959,-0.00488454037201647,-0.002994208457924936,-0.18632744036380855,-0.007156240073725379,-0.0023920166046907253,-0.0012351233510131375,-0.003119070156315796,-0.0014483278888808395,-0.026494329608506065,-0.0018527591431112718,-0.0013100513862062658,-0.001155347480797361,-0.10765411778756656,-0.0168935194104322,-0.16542304965674978,-0.0007563403672204326,-0.0008733501227186906,-0.006195821874846694,1.0,-0.0013809209348501186,-0.026638895948980723,-0.02261565813179262,-0.0006175468536113474,-0.013036648233627206,-0.013051475753308459,-0.001952995242252412
attack_rootkit,-0.0006412810652654832,-6.991818170143022e-05,-3.465619969089296e-05,-0.00012650881786898486,-0.0008007265994749265,0.061952254035135844,-1.678793483157739e-05,0.019531735506506335,0.0019098853192233893,0.00038063469354577737,0.048501644086768776,-0.00021796992671309018,0.0008771095978190657,0.005288670550787069,-0.0001671054579574349,-0.0003678607836318409,,-2.5299334468458483e-05,-0.0008716931078229086,-0.006484374506632185,-0.0032804463690606894,-0.005699891269612672,-0.005652584162002204,-0.0033491878282089988,-0.0033497254995378404,0.006900538015435215,-0.0031289681018297727,-0.0033498846024029925,-0.0002921395389998792,-0.008856447884622535,-0.0042855328702596915,-0.0032661307918355033,0.0029355150311363718,-0.0017927026478833671,-0.0057205504923005775,-0.00508774543760571,-0.0013363899045986084,-0.002667204632698444,-0.06281244312352366,0.044118093848832,-0.002650911612917204,0.004998277908384182,-0.0002147329648580844,-0.0007409899190650873,-3.577880504095824e-05,-0.0007819241909180673,-0.000674123759610053,-0.0006812886020949932,-0.0005891750502935069,-0.0006011100825638667,-0.00057643801561667,-0.0005875290926475306,-0.0006032551672172718,-0.002487434583895844,-0.0005249072081828294,-0.0017392527081563022,-0.001415985553812126,-0.0005570851823641519,-0.0005500948375014394,-0.001067373144984973,0.006579296071325577,0.0018001102760013394,-0.0005741945261404128,-3.577880504095838e-05,-0.0005412318956563708,-0.006136642125638891,-2.52993344684584e-05,-0.0005820095288785279,-3.5778805040958594e-05,-0.0006436828343119238,-0.0006634785745590557,-0.0005236780150277334,-0.00043578073741266146,-0.0005099640603905151,-0.0005489212574688287,-0.0005230623500633504,-0.0005291872082463825,-0.0005346404189424971,-0.0005074313251012868,-0.0004705622264120612,-0.00048004187998941484,-0.0004786990078202491,-0.0006325367659536556,-0.00043504225423403504,-0.00032617447097398825,0.012972346805692092,-5.657193682245069e-05,-0.00022206827854681424,-0.00041071691838012926,-0.00021020924056079434,-0.004098462457152917,-7.15593275538685e-05,-0.00022350652326736086,-0.00023332675046268956,-0.00020402199208015086,-0.002221589966246906,-0.00039638428473633375,-0.00044599234074872246,-0.0004939241837554394,-0.0005880782482459296,-0.0005530180556429453,0.031776594873569555,-4.382008326192095e-05,-7.15593275538683e-05,-0.000646189762575187,-8.000640051203899e-05,-0.000621714730471112,-0.0007064943849270411,-0.0006644532093413271,-0.0006263751929993095,-0.0006644532093413363,-0.0027986445217447324,-0.0010032468937178401,-0.00025561404316997544,-0.001252539548343698,-0.005531938359333309,-0.00048338292631693004,-0.0002829955600341448,-0.0001734754214058532,0.007381290801814873,-0.0004146109998404327,-0.0001385862388472753,-7.155932755386905e-05,-0.0001807095322068132,-8.391175644182838e-05,-0.0015350016734927852,-0.00010734328542292301,-7.590043227750115e-05,-6.693735386760907e-05,-0.006237155399065097,-0.0009787596421338104,-0.009584113348384908,-4.38200832619219e-05,-5.0599276136731876e-05,-0.0003589672615645068,-0.0013809209348501186,1.0,-0.001543377411918236,-0.0013102831282169037,-3.577880504095857e-05,-0.0007553041405860032,-0.0007561632024252709,-0.00011315066315996132
attack_satan,-0.019034095228035484,-0.0013601183791802126,-0.0008509362245755891,-0.0024404403979914548,-0.015446556011049963,-0.0013400136586365578,-0.016143395814732186,-0.00041648271396615895,-0.13422427494965208,-0.001993192304102228,-0.006329967065714961,-0.004204786857219512,-0.00211695735751136,-0.004335543972195636,-0.0032235769584577547,-0.007096282554325139,,-0.0004880412205184455,-0.016320980319862934,0.20331759049469245,-0.04744615087871846,-0.09095933721888795,-0.09850402208748618,0.21712753255661751,0.22535191061122667,-0.1794319669710831,0.5713443804108186,-0.0632727855312531,0.11505871328108373,-0.1575365465653647,-0.17808252358334045,0.5188402243912303,0.061653207603719215,-0.0486638084786081,-0.08734957043665474,-0.09741756690175546,0.24311485027210694,0.22859856309905333,-0.12673926545133257,0.35405790513513014,-0.09476922248150688,0.14401178304693163,0.005807253565904674,-0.01313362347553851,0.023182148944688823,-0.011231513612513587,-0.01236720685196118,-0.011881574460649693,-0.009181641910084465,-0.009454860425775168,-0.008888091740853657,-0.009873827297618697,-0.010214922913514357,-0.04631962941530595,-0.0076766617918793524,-0.028454893826734932,-0.024532930890148862,-0.009207424318474284,-0.009053167586744787,-0.009633838968045665,-0.017220076359327565,-0.03631972880023479,-0.0036084852834987404,0.023182148944688882,-0.008064932640525583,-0.117663535660584,0.016392189151591356,-0.01049048984654427,0.023182148944688948,-0.01108329242773562,-0.011504544402647131,-0.008465527680205894,-0.006441897713373419,-0.008997406405717022,-0.009027221416213068,-0.007632494183165033,-0.008588724552059836,-0.007908700297152502,-0.008100071471176298,-0.008167408473444531,-0.005691599475789604,-0.006550412251892521,-0.0115235375790218,-0.0024884813808507427,-0.006292125475259552,0.27994398597016246,0.03665463572654832,0.001488950735770989,-0.004797089798597202,0.0020430037295027237,0.19073945497038078,-0.001380427678933968,0.0014241044971575478,0.0009935703229021196,0.004441362607921283,-0.0399987386140751,-0.005487535188434244,-0.0057237333778080105,-0.006926370608716098,-0.00915644583252876,-0.008342556148406035,-0.021355028538334236,-0.0008453189527586416,-0.0013804276789339523,-0.010472442628137627,-0.0015433774119182496,-0.009922643894891054,-0.010587543900329692,-0.011525223632174512,-0.010712936656202005,-0.010878960233211603,0.27353747064303086,-0.016767140103226795,-0.004930967246030104,-0.023814695228575013,-0.09614891900988998,-0.008438730609883422,-0.0024380488994559905,-0.0008837700088682829,-0.058443592951962955,-0.007998125747330274,-0.0026734219921242556,-0.001380427678933963,-0.0034860087235687796,-0.001618714361074246,-0.029611217289658764,-0.00207072435433338,-0.0014641705161363482,-0.0012912666900606134,-0.12031893318450652,-0.01888093344655808,-0.18488400878546596,-0.0008453189527586455,-0.0009760941543307086,-0.006924720516996951,-0.026638895948980723,-0.001543377411918236,1.0,-0.02527624502996177,-0.0006901972738710123,-0.014570326152009844,-0.014586898034130845,-0.002182752586630464
attack_smurf,-0.016166568408489346,-0.0011247638564805596,-0.0007227598632321042,-0.0020718638579353185,-0.013113682741527648,-0.0011376331381637906,-0.013912829242266363,-0.003937569375470644,-0.11851175542752461,-0.0016972273221302681,-0.005373960370500873,-0.0035697433655680626,-0.0018022064736502462,-0.0038476245531207484,-0.00273672432197004,-0.0060245402272899136,,-0.0004143329895731059,-0.014275917487269685,0.3738965984664606,0.7032247527004435,-0.09334842356919462,-0.09257366424305774,-0.054850415422340086,-0.0548592209887237,0.11301169005701105,-0.05124382657284215,-0.054861826652750696,0.0806889473020689,0.06189672028578691,0.05488117243770211,-0.03779916188174937,0.2562201577976948,-0.042364979043824726,-0.08985271672624813,-0.09154040757630337,-0.04308337514510395,-0.05514378990381429,-0.07141990371184936,0.08961144112167414,-0.30753029771844176,-0.05384819461631268,-0.0035167309005883535,-0.012135361457533288,-0.0005859576770470213,-0.012805751394232488,-0.011040279063851416,-0.011157619328683656,-0.009649054613445956,-0.009844517367906772,-0.009440457282060354,-0.009622098388450523,-0.009879647910112931,-0.04073728535420667,-0.008596525457458629,-0.028484139576555673,0.9253506327725968,-0.009123511503576981,-0.009009029026232358,-0.01748061423129767,-0.01738946918812368,-0.03512476128755673,-0.009403715141553751,-0.0005859576770470226,-0.008863878599621133,-0.10050119227548142,-0.0004143329895731045,-0.009531703229621161,-0.0005859576770470246,-0.010541741064764085,-0.010865940432444435,-0.008576394679894078,-0.00713688085177372,-0.008351798106779206,-0.00898980903750012,-0.00856631179389632,-0.008666619997846976,-0.008755928477218773,-0.008310318921408042,-0.007706505255802689,-0.007861755711569642,-0.007839763186779427,-0.01035919935282165,-0.007124786543777965,-0.005341833946247383,-0.027762257509833795,-0.0009264915541082403,-0.0036368630113321225,-0.006726404952385428,-0.0034426448326548512,-0.0671214574692643,-0.0011719434815251682,-0.003660417474218984,-0.0038212455820571508,-0.0033413148485237445,-0.03638348722051527,-0.006491676131613587,-0.007304118616223225,-0.008089109376888544,-0.009631092035343037,-0.009056903238625427,-0.020224137791166115,-0.0007176515304736655,-0.0011719434815251678,-0.010582797602566096,-0.001310283128216915,-0.010181964401430656,-0.011570420201700621,-0.010881902249289432,-0.010258289862660044,-0.010881902249289385,-0.04583404171728527,-0.01643040394095287,-0.004186249674493495,-0.02051312678880144,-0.09059782032663043,-0.007916472791772025,-0.004634683041605275,-0.0028410466709371716,0.12088508844520783,-0.006790179215502884,-0.0022696585448471656,-0.001171943481525161,-0.002959521358830802,-0.0013742420359008913,-0.025139073645234024,-0.0017579855476170271,-0.0012430387469139072,-0.0010962483608672239,-0.10214732115378977,-0.016029370618598267,-0.15696121733931995,-0.0007176515304736689,-0.0008286759233965212,-0.005878888981381065,-0.02261565813179262,-0.0013102831282169037,-0.02527624502996177,1.0,-0.0005859576770470262,-0.012369788738755395,-0.012383857791067536,-0.0018530943016582444
attack_spy,4.6489098906822804e-05,-3.137625509087991e-05,-1.8553190887264356e-05,-5.657465279687541e-05,-0.0003580843621306422,-3.1064396222430814e-05,-0.0003799059869637522,-0.00010751991228943945,0.0008540993476740163,-4.634476637986246e-05,-0.00014674223933238304,0.0443714999193642,-4.921134423216993e-05,0.004011858717386652,0.08974431044539534,0.019916923478485078,,-1.1313844265206475e-05,-0.0003898205338665426,-0.002903299992837804,-0.0014725196216099558,-0.002548987295828278,-0.0025278315911667726,-0.0014977543994496509,-0.0014979948456830697,0.0030859156611453987,-0.0013992722954445805,-0.0014980659963704569,0.002937246561812211,-0.0024609744223293944,-0.0029945822226523254,-0.0013336347937516156,-0.001921781465501611,-0.001156825035086921,-0.0005797074106362035,0.0003275857787691028,-0.0015503109464554245,-0.0015057653309426607,-0.021810083582489467,0.013968701540829392,0.0019053656871996824,-0.0014703875944785147,-9.602842818017332e-05,-0.00033137016141046577,-1.6000256004096024e-05,-0.00034967593848264926,-0.0003014676627645071,-0.00030467177519522996,-0.00026347866076383805,-0.000268815998652129,-0.0002577826679734343,-0.0002627425896827336,-0.0002697752789737004,-0.0011123789654298348,-0.00023473812777442048,-0.0007777925661425012,-0.0006332277261121374,-0.0002491280947955433,-0.0002460020175765746,-0.0004773285064190032,-0.0004748396849880226,-0.0009591224668579106,-0.0002567793810855347,-1.6000256004096075e-05,-0.00024203851632749536,-0.002744301966019918,-1.1313844265206407e-05,-0.00026027424471608736,-1.600025600409605e-05,-0.0002878545027605813,-0.00029670714362945263,-0.00023418843347531386,-0.00019488083384211277,-0.00022805556277789938,-0.0002454771934260288,-0.00023391310854393015,-0.00023665214073924422,-0.00023909081265918025,-0.00022692292536947287,-0.00021043509082629503,-0.00021467438512062185,-0.0002140738536477826,-0.00028286998896903513,-0.00019455058469322926,-0.0001458649899461427,-0.0007580807365603131,-2.5298929653198753e-05,-9.930877521120338e-05,-0.00018367231191127669,-9.400542191247239e-05,-0.0018328294771877615,-3.20012800604194e-05,-9.995195722074447e-05,-0.00010434355579324324,-9.123848882071593e-05,-0.000993493442706927,-0.00017726276840496487,-0.0001994474555446044,-0.00022088254142792408,-0.0002629881716732526,-0.00024730927863704017,0.028973184572693857,-1.959630986861965e-05,-3.2001280060419294e-05,-0.0002889755992854768,-3.5778805040958276e-05,-0.00027803038244758046,-0.000315943783235591,-0.0002971429996064469,-0.00028011453795427063,-0.00029714299960644603,-0.0012515518268738659,-0.00044865129275345234,-0.00011431041713885542,-0.0005601347894601698,-0.0024738788745706946,-0.00021616849864678818,-0.00012655541188101338,-7.757808428019184e-05,0.0033009079630949892,-0.00018541374235296672,-6.197566681343222e-05,-3.2001280060419545e-05,-8.081317345225711e-05,-3.752527741733075e-05,-0.0006864516496424228,-4.800384040555333e-05,-3.394261898549593e-05,-2.9934336736301845e-05,-0.0027892514299494,-0.00043770061137287075,-0.004286008629155926,-1.9596309868619838e-05,-2.2627960069735228e-05,-0.0001605299024253723,-0.0006175468536113474,-3.577880504095857e-05,-0.0006901972738710123,-0.0005859576770470262,1.0,-0.00033777147102859406,-0.00033815564286822467,-5.060089557267432e-05
attack_teardrop,-0.009319112636835485,-0.0006651664233283261,-0.00041662887302161095,-0.0011943123718295844,0.9856212076418588,-0.0006557811828747782,-0.00801995943292814,-0.002269786116520299,-0.06831532640150571,-0.0009783555907227316,-0.0030977843122409502,-0.0020577552185321183,-0.0010388701360990057,-0.0022179380118762543,-0.0015775668384277594,-0.0034728068161811883,,-0.00023883954228412908,-0.008229259277322914,-0.01698066001415595,0.026370546664180157,-0.03986116967377115,-0.05336348336191365,-0.03116261304297431,-0.03162323918380317,0.05063273397090073,-0.024814339084255274,-0.03162474120179218,0.04768098486846585,-0.04247874119774176,-0.050076972491751866,0.05847128443960913,0.029039936416133963,-0.024421015121506785,-0.04988202502108666,-0.052767869313407205,0.03180440309685359,-0.03178727707395121,-0.14902118579275236,0.051655929215226166,-0.17727382900707794,0.22971594176730034,-0.002027196529772795,-0.006995349752275212,-0.00033777147102859135,-0.007381791647230389,-0.006364096667793951,-0.006431736696102758,-0.0055621344313528595,-0.00567480765792154,-0.005441889863810461,-0.005546595691736148,-0.005695058429237988,-0.0234827417385257,-0.004955410882461232,-0.016419495985176457,-0.013367677397800783,-0.005259188542489414,-0.005193195867089141,-0.010076585758112343,-0.010024045794023396,-0.02024743894374123,-0.005420710097192709,-0.0003377714710285925,-0.0051095248528890014,-0.057933255053662085,-0.00023883954228412786,-0.005494487993573578,-0.0003377714710285935,-0.0060767176984390025,-0.0062636003038172225,-0.004943806627380568,-0.0041140082949471,-0.004814339401571182,-0.005182116630274704,-0.004937994413684778,-0.004995816421880707,-0.005047297710776458,-0.004790428996419552,-0.00444236455755684,-0.0045318576675140426,-0.0045191802204202665,-0.0059714927223322575,-0.004107036610194337,-0.003079265245072667,-0.016003371788604927,-0.000534069997518933,-0.0020964458993998863,-0.0038773921470763276,-0.0019844901004027506,0.18428963263230216,-0.0006755591559309159,-0.0021100237154952385,-0.002202732026513475,-0.0019260790937038477,-0.02097302327628193,-0.003742084253365495,-0.004210411410602717,-0.004662914201094297,-0.005551780020672847,-0.005220792643746891,-0.011658071972762803,-0.0004136855316165733,-0.0006755591559309147,-0.006100384471163163,-0.000755304140585989,-0.005869326793641351,-0.006669693059817529,-0.006272801388754307,-0.005913324106631998,-0.006272801388754164,-0.026420733613480577,-0.009471198904156033,-0.002413136248632397,-0.011824657790589041,-0.05222452105743739,-0.004563398970571209,-0.002671632730547257,-0.001637702774267652,0.06968341869899537,-0.003914154403994807,-0.001308329825609764,-0.0006755591559309184,-0.0017059967333316163,-0.0007921728346573497,-0.014491254604324327,-0.0010133792724725324,-0.0007165415567325265,-0.0006319251986403923,-0.058882155280604066,-0.009240025868066099,-0.09047926727801046,-0.00041368553161657596,-0.00047768481686631166,-0.0033888471079720787,-0.013036648233627206,-0.0007553041405860032,-0.014570326152009844,-0.012369788738755395,-0.00033777147102859406,1.0,-0.007138593838684512,-0.0010682040917701782
attack_warezclient,0.013242317824791218,0.00594243906182375,-0.0003998915993822188,-0.0011956707493727653,-0.0075678943915860305,-0.000656527050080934,0.35474640811209995,-0.0022723677078704835,0.10449476295742606,-0.0009794683450531896,-0.0031013076456189244,-0.0020600956518594354,-0.0010400517179836339,-0.0022204606326399435,-0.0015793611188997143,-0.003476756689683484,,-0.00023911119171045943,0.29287703266166076,-0.0611506115521621,-0.030750822381722023,-0.05333761121928085,-0.052861330182887876,-0.030910595443010194,-0.03107030109537413,0.06449707698703669,-0.026051589255725642,-0.02744605125962964,-0.07456945001769627,-0.054457705830584284,0.034437697072068015,-0.02755021321120707,0.128633667123855,0.045841814772181806,-0.05171802737981927,-0.052079405349808115,-0.03151174993561843,-0.03166532915717304,-0.35599902875694145,0.2952199795030868,0.04026874061822033,-0.031075744172407934,-0.002029502206500732,-0.007003306067753808,-0.0003381556428682214,-0.007390187490929856,-0.006371335013640515,-0.006439051973828867,-0.0055684606477448585,-0.005681262025695193,-0.005448079317388743,-0.005552904234799474,-0.005701535829673476,-0.02350945035327579,-0.0049610470284299655,-0.016438171061431563,-0.013382881420810391,-0.0052651701966864705,-0.005199102463059771,-0.010088046585387159,0.2382910887878952,0.22226352014418374,-0.005426875461495883,-0.00033815564286822245,-0.005115336283784415,-0.05799914672030097,-0.00023911119171045838,-0.0055007372707959485,-0.0003381556428682233,-0.006083629187470337,-0.0062707243479055074,-0.004949429574993717,-0.004118687453107169,-0.004819815096776645,-0.005188010625030774,-0.004943610750648382,-0.005001498523981857,-0.005053038366258039,-0.0047958774965978996,-0.004447417178961369,-0.004537012075882957,-0.004524320209814795,-0.005978284531413941,-0.004111707838954828,-0.0030827675153806927,-0.01341678391766706,-0.0005346774338213625,-0.0020988303384272206,-0.003881802184636857,-0.00198674720403047,-0.038735732101260294,-0.0006763275180513785,-0.002112423597551467,-0.002205237352414071,-0.0019282697622835159,-0.020996877407330885,-0.00374634039550587,-0.004215200214974685,-0.004668217669505123,-0.005558094460247164,-0.005226730627520794,-0.011671331538298583,-0.00041415604598897955,-0.000676327518051377,-0.006107322878120804,-0.0007561632024252924,-0.005876002402048491,-0.006677278982467281,-0.006279935897899658,-0.005920049756354485,-0.006279935897899744,-0.0264507838181522,-0.008621545095680175,-0.0024158808824200984,-0.011144147231748133,-0.052283919769434264,-0.00456858925313748,0.0003407416740978075,0.0032764958944662198,0.06898609791902768,-0.003918606253919793,-0.0013098178834211886,-0.0006763275180513789,-0.001707937086379934,-0.0007930738299197745,-0.014507736552675012,-0.0010145318617606758,-0.0007173565310913093,-0.0006326439327162123,-0.05894912619986588,-0.00925053521548116,-0.09058217587018043,-0.0004141560459889833,-0.0004782281222387216,-0.003392701488046603,-0.013051475753308459,-0.0007561632024252709,-0.014586898034130845,-0.012383857791067536,-0.00033815564286822467,-0.007138593838684512,1.0,-0.00106941903727693
attack_warezmaster,-0.0013230479915308437,-9.958627927824176e-05,0.012228011626013412,-0.0001789176434115897,-0.0011324437190093418,-9.824131994369034e-05,0.0040982494995619075,-0.0003400323002549437,-0.007647131554201679,-0.00014656557265878064,-0.0004640731202461464,-0.0003082683585146712,-0.00015563114051709003,0.028311272485760222,-0.0002363322592257577,-0.0005202545215394525,,-3.5780093271173526e-05,0.011871033288628834,-0.00916513493812804,-0.004630730405574761,-0.008061186017227374,-0.007994280987578631,-0.004736656334790105,-0.004737416747294926,0.00975922485713458,-0.004425206151789057,-0.00473764176172613,-0.019116396884367982,-0.012222571294786795,0.010676551995300716,-0.0052884646623805025,0.03074767544628267,-0.003658465388385165,-0.007521578653656012,-0.007905053190517162,-0.004655235160518824,-0.004761990948674631,-0.052425126372944345,0.044176093668277176,0.006025729222149134,-0.004650108667043493,-0.0003036904200225812,-0.0010479599157125043,-5.060089557267408e-05,-0.0011058520340491847,-0.0009533931030965933,-0.0009635261258724867,-0.0008332526801774738,-0.0008501320399235133,-0.0008152390723767057,-0.0008309248514289958,-0.0008531657690940676,-0.003517904454312678,-0.000742360590192909,-0.002459773169035737,-0.002002586085780072,-0.0007878689382058194,-0.0007779827022062985,-0.0015095539659480959,0.009304901968238665,0.04717841952344491,-0.0008120661722036509,-5.060089557267422e-05,-0.0007654481082125844,-0.008678869711016089,-3.5780093271173296e-05,-0.0008231186972110874,-5.060089557267441e-05,-0.0009103414114488878,-0.0009383379357565683,-0.0007406221790187833,-0.000616311684002798,-0.0007212269424900242,-0.0007763229430106432,-0.0007397514624441521,-0.000748413666476993,-0.0007561259795253059,-0.0007176449706008856,-0.0006655021052789054,-0.0006789088962598817,-0.000677009712250734,-0.0008945778598043236,-0.0006152672692952296,-0.00046129881434924593,-0.0023974344020822945,-8.000800094412361e-05,-0.00031406453513154863,-0.0005808646731799067,-0.00029729265183259224,-0.005796333068293057,-0.00010120422011463958,-0.00031609860169215417,-0.0003299870557710888,-0.0002885422110648559,-0.0031419283500012953,-0.0005605944574065693,-0.0006307536496706315,-0.0006985422239344193,-0.0008317015057933861,-0.0007821169223331534,-0.001746473379400813,-6.197343523865731e-05,-0.00010120422011464057,-0.0009138868852318196,-0.00011315066315995768,-0.0008792725781799563,-0.000999173911857838,-0.0009397163326254004,-0.0008858637311667335,-0.0009397163326254085,-0.0039580393763214315,-0.0014188621236654252,-0.00036150730832251694,-0.0017714292809339976,-0.00782365523148812,-0.0006836340383133617,-0.00040023216997955575,-0.0002453411083163357,0.01043913916707425,-0.0005863719563073945,-0.00019599837925533408,-0.00010120422011464112,-0.00025557209520317913,-0.00011867389143297909,-0.002170907029884656,-0.0001518124031782251,-0.00010734371489483923,-9.466750074767826e-05,-0.00882102263217967,-0.0013842305349679302,-0.013554525315843356,-6.1973435238657e-05,-7.15610452869116e-05,-0.0005076766788505321,-0.001952995242252412,-0.00011315066315996132,-0.002182752586630464,-0.0018530943016582444,-5.060089557267432e-05,-0.0010682040917701782,-0.00106941903727693,1.0
